-- Adminer 4.3.1 MySQL dump

SET NAMES utf8;
SET time_zone = '+00:00';
SET foreign_key_checks = 0;
SET sql_mode = 'NO_AUTO_VALUE_ON_ZERO';

SET NAMES utf8mb4;

DROP TABLE IF EXISTS `categorias`;
CREATE TABLE `categorias` (
  `id` int(11) NOT NULL AUTO_INCREMENT,
  `descricao` varchar(55) COLLATE utf8mb4_unicode_ci NOT NULL,
  PRIMARY KEY (`id`)
) ENGINE=InnoDB DEFAULT CHARSET=utf8mb4 COLLATE=utf8mb4_unicode_ci;

INSERT INTO `categorias` (`id`, `descricao`) VALUES
(1,	'antigos'),
(2,	'especiais'),
(3,	'novos'),
(4,	'devedores');

DROP TABLE IF EXISTS `clientes`;
CREATE TABLE `clientes` (
  `id` int(11) NOT NULL AUTO_INCREMENT,
  `nome` char(45) COLLATE utf8mb4_unicode_ci NOT NULL,
  `email` varchar(50) COLLATE utf8mb4_unicode_ci DEFAULT NULL,
  `cpf` char(15) COLLATE utf8mb4_unicode_ci DEFAULT NULL,
  `credito_liberado` char(1) COLLATE utf8mb4_unicode_ci NOT NULL,
  `nascimento` date DEFAULT NULL,
  `categoria_id` int(11) NOT NULL,
  PRIMARY KEY (`id`),
  KEY `categoria_fk` (`categoria_id`),
  CONSTRAINT `categoria_fk` FOREIGN KEY (`categoria_id`) REFERENCES `categorias` (`id`)
) ENGINE=InnoDB DEFAULT CHARSET=utf8mb4 COLLATE=utf8mb4_unicode_ci;

INSERT INTO `clientes` (`id`, `nome`, `email`, `cpf`, `credito_liberado`, `nascimento`, `categoria_id`) VALUES
(1,	'Sr. Elias Grego Jr.',	'dominato.paula@terra.com.br',	'52254452127',	's',	'1979-07-03',	4),
(2,	'Irene Dominato Rangel',	'valentina.ramos@ig.com.br',	'30786056159',	's',	'2017-12-19',	4),
(3,	'Luara Martines',	'melissa03@zamana.net.br',	'75409664241',	's',	'1975-04-22',	1),
(4,	'Dr. Eduardo Sales Esteves Jr.',	'ketlin44@ig.com.br',	'22993172332',	'n',	'2014-03-03',	2),
(5,	'Sr. Emiliano Marés Zaragoça Sobrinho',	'simao56@hotmail.com',	'81052450430',	'n',	'2000-09-25',	3),
(6,	'Carla Camila das Neves',	'cpereira@r7.com',	'43626435073',	's',	'1978-06-27',	4),
(7,	'Sr. Carlos Marés Jr.',	'luciana.quintana@zaragoca.com',	'43087865482',	's',	'1999-07-04',	4),
(8,	'Bruno Pena',	'beatriz.cervantes@ig.com.br',	'53696865849',	's',	'1989-07-27',	4),
(9,	'Daniel Horácio Rico Filho',	'helena.martines@terra.com.br',	'53451047469',	's',	'1972-06-15',	4),
(10,	'Madalena Zambrano Filho',	'isabel31@terra.com.br',	'67120100851',	'n',	'2005-07-21',	1),
(11,	'Demian Salas',	'guerra.elizabeth@r7.com',	'21384690436',	'n',	'1972-03-12',	3),
(12,	'Agostinho Garcia Neto',	'mascarenhas.michele@r7.com',	'97192907207',	's',	'1972-05-16',	2),
(13,	'Dr. Miguel Delgado Lozano Filho',	'juliana.vieira@dacruz.net',	'33828220851',	'n',	'1993-05-28',	2),
(14,	'Josefina Serna Valentin Neto',	'violeta.dacruz@uol.com.br',	'42661520605',	'n',	'2016-04-21',	2),
(15,	'Sra. Ana Chaves Roque Neto',	'vlozano@mendes.org',	'43839377532',	's',	'1996-04-03',	2),
(16,	'Leandro Beltrão Filho',	'toledo.simao@ig.com.br',	'38792368010',	'n',	'2008-01-31',	3),
(17,	'Srta. Abgail Santiago Salazar Sobrinho',	'asales@hotmail.com',	'51994479605',	'n',	'2009-01-02',	4),
(18,	'Ziraldo da Rosa',	'fidalgo.rodrigo@zambrano.net',	'72150859748',	'n',	'1973-12-12',	1),
(19,	'Christian Bezerra Leal Jr.',	'ortiz.aaron@gmail.com',	'97028187094',	'n',	'2004-05-13',	4),
(20,	'Sr. Bruno Valentin Sandoval',	'delatorre.carlos@faria.br',	'28219033018',	'n',	'1972-11-03',	3),
(21,	'Sra. Natália Ana Molina',	'jramos@uol.com.br',	'14379173214',	'n',	'2004-10-05',	1),
(22,	'Dr. Fabiana Rivera Sobrinho',	'noeli.goncalves@ig.com.br',	'22655133991',	'n',	'1996-05-05',	4),
(23,	'Luna Sepúlveda',	'leal.nadia@r7.com',	'62805444737',	's',	'2011-07-08',	1),
(24,	'Sr. Agostinho Carlos Campos Filho',	'ivana.beltrao@uol.com.br',	'78424067692',	's',	'1991-11-03',	1),
(25,	'Dr. Teobaldo Barreto',	'rocha.francisco@gmail.com',	'78910225369',	's',	'1991-06-22',	3),
(26,	'Dr. Rodrigo Guerra',	'urias.manuela@r7.com',	'31828991142',	'n',	'2011-04-03',	3),
(27,	'Sr. Vicente Mário Barros Jr.',	'batista.gabriel@meireles.com',	'48907216838',	'n',	'2003-09-21',	3),
(28,	'Rafael Montenegro',	'idelvalle@terra.com.br',	'76802406050',	'n',	'1990-02-26',	4),
(29,	'Dr. Juliana Sophie Serna',	'emilio86@terra.com.br',	'67630164846',	'n',	'1991-11-30',	4),
(30,	'Fábio Delvalle Gil',	'marinho.juliana@gmail.com',	'66372988712',	's',	'2011-04-19',	1),
(31,	'Catarina Natália Garcia Filho',	'fonseca.simao@aranda.com.br',	'45729383835',	's',	'2011-11-21',	3),
(32,	'Sra. Amélia Fidalgo Fontes',	'deaguiar.hugo@aranda.com',	'29605202577',	's',	'2016-07-04',	2),
(33,	'Ivan Rezende Neto',	'simao.goncalves@terra.com.br',	'95465106153',	'n',	'2000-09-24',	4),
(34,	'Dr. Estêvão Pacheco Sobrinho',	'franco69@maldonado.com.br',	'10818165363',	'n',	'1995-04-19',	3),
(35,	'Sra. Mia Constância Santacruz Jr.',	'jmarques@terra.com.br',	'25274994890',	's',	'1993-01-28',	4),
(36,	'Dr. Ariadna de Oliveira',	'santacruz.ariana@salas.com',	'33087256588',	's',	'2016-01-12',	3),
(37,	'Sr. Evandro Quintana Oliveira',	'jestrada@godoi.com.br',	'32638059374',	's',	'2002-03-14',	2),
(38,	'Luciano Beltrão',	'ian.benites@terra.com.br',	'80675947912',	'n',	'1994-02-02',	1),
(39,	'Dr. Jácomo Ziraldo Barros Sobrinho',	'zcampos@ig.com.br',	'26970160626',	'n',	'1996-07-19',	4),
(40,	'Leonardo Queirós',	'paulina.rivera@valencia.com',	'98716156589',	's',	'1970-08-25',	2),
(41,	'Norma Carla Meireles Neto',	'pferreira@yahoo.com',	'24077759589',	'n',	'2010-06-19',	3),
(42,	'Franco Teles Leon Filho',	'sebastiao41@yahoo.com',	'66606727344',	'n',	'1976-06-30',	4),
(43,	'Leandro Sanches Lozano',	'adriana57@ig.com.br',	'66241903374',	's',	'1997-10-01',	2),
(44,	'Dr. Alonso Montenegro Guerra',	'salome.leal@yahoo.com',	'71872206060',	'n',	'2005-07-13',	4),
(45,	'Tomás Serrano Pontes Sobrinho',	'wrivera@uol.com.br',	'80277272369',	's',	'2006-11-29',	1),
(46,	'Dr. Simão Delgado Aranda Neto',	'renata06@r7.com',	'76241741259',	'n',	'1984-11-27',	4),
(47,	'Sr. Felipe Marques Serrano',	'dominato.isabella@r7.com',	'65927518387',	'n',	'1997-03-27',	4),
(48,	'Dr. Julieta Marés Colaço',	'wcarrara@rosa.org',	'40239781411',	's',	'2003-03-07',	4),
(49,	'Agostinho Mário Marin Neto',	'tamoio.sofia@darosa.com',	'51146694356',	'n',	'1981-08-14',	3),
(50,	'Antônio Batista da Rosa',	'thales.urias@azevedo.net.br',	'47978292922',	's',	'1993-11-13',	3),
(51,	'Sra. Clara Gil',	'eduardo.rosa@r7.com',	'98084585843',	's',	'1973-09-04',	3),
(52,	'Sr. Luis Camilo Delatorre',	'agostinho.rosa@sandoval.com.br',	'59829416405',	'n',	'2006-06-12',	3),
(53,	'Valentin Burgos Sobrinho',	'thales46@valentin.net.br',	'37676363368',	'n',	'1985-10-28',	4),
(54,	'Srta. Rafaela Fidalgo Filho',	'prado.giovane@yahoo.com',	'15811428697',	's',	'1994-03-21',	1),
(55,	'Sr. Joaquin Fonseca Santacruz Neto',	'xdeoliveira@teles.com',	'84435186977',	'n',	'2000-09-08',	1),
(56,	'Srta. Allison Urias Galindo',	'amanda09@ig.com.br',	'19373360443',	'n',	'1979-06-02',	3),
(57,	'Madalena Ivana Rezende Filho',	'ydelatorre@yahoo.com',	'20451802466',	'n',	'1987-06-07',	2),
(58,	'Elias Luis Queirós',	'jmendes@balestero.com.br',	'63408696260',	's',	'2008-08-16',	1),
(59,	'Mário Estrada Jr.',	'sserrano@hotmail.com',	'95493190684',	'n',	'1973-05-09',	3),
(60,	'Ricardo Toledo Brito Sobrinho',	'ivana99@perez.com.br',	'25045551648',	's',	'1973-01-24',	4),
(61,	'Eduardo Pena Vega Jr.',	'brosa@hotmail.com',	'36726000262',	's',	'1982-11-08',	3),
(62,	'Dr. Thiago Estrada Vasques',	'fabiana54@garcia.com',	'39366109324',	's',	'1987-05-20',	4),
(63,	'Jácomo Pereira Sobrinho',	'thiago61@gil.com',	'88585414248',	's',	'2017-01-26',	2),
(64,	'Hortência Sales Cruz',	'fatima.valentin@azevedo.org',	'29869687203',	's',	'1980-06-13',	1),
(65,	'Dr. Martinho Alonso Casanova Sobrinho',	'matias.chaves@r7.com',	'24875587187',	'n',	'1997-05-25',	1),
(66,	'Isadora Suzana Ávila',	'jorge.bittencourt@hotmail.com',	'58023128467',	'n',	'1983-06-29',	1),
(67,	'Adriana Pedrosa Guerra Sobrinho',	'burgos.sabrina@terra.com.br',	'67162566212',	'n',	'2004-11-03',	3),
(68,	'Dr. Aaron Fidalgo Ferreira Neto',	'bruno.ferraz@sepulveda.net.br',	'84502071002',	's',	'1985-02-27',	3),
(69,	'Sra. Clara Ashley Carmona Sobrinho',	'matias.urias@dasilva.com.br',	'81558490651',	'n',	'2001-09-22',	3),
(70,	'Ariadna Daniela Torres',	'luciana81@terra.com.br',	'63172094495',	's',	'1988-01-18',	1),
(71,	'Dr. Luciana Maia',	'lozano.joana@romero.com',	'99510936024',	's',	'2015-01-28',	3),
(72,	'Camilo Lozano Neto',	'samuel.molina@gmail.com',	'81082103676',	's',	'1983-04-20',	4),
(73,	'Dr. Allison Galindo',	'joaquin63@yahoo.com',	'29459369489',	's',	'2008-03-24',	1),
(74,	'Sr. Henrique Verdugo Sobrinho',	'aaron91@yahoo.com',	'92421948919',	'n',	'1982-12-01',	2),
(75,	'Pâmela Laura Fonseca',	'ferreira.rafael@reis.com',	'11777510223',	's',	'1978-06-16',	4),
(76,	'Constância Michele Quintana Filho',	'leonardo.feliciano@hotmail.com',	'37234919876',	's',	'2008-05-14',	1),
(77,	'Sr. Ivan Assunção Jr.',	'zaranda@ortega.com',	'33879833342',	's',	'1998-09-07',	4),
(78,	'Sra. Luciana Michele Cervantes',	'fabio.marques@uol.com.br',	'63704229048',	's',	'1999-06-15',	3),
(79,	'Dr. Francisco Emiliano Bittencourt Neto',	'montenegro.pedro@barros.br',	'97755797351',	'n',	'2006-12-25',	4),
(80,	'Srta. Luara Soto Salgado Neto',	'hvale@ig.com.br',	'17651199195',	'n',	'1986-04-23',	3),
(81,	'Sra. Sara Ketlin Ferminiano Filho',	'tgalhardo@ferreira.net',	'79039089418',	'n',	'1999-01-13',	2),
(82,	'Dr. Dante Benites',	'valdez.alma@hotmail.com',	'96146765979',	'n',	'1992-08-11',	2),
(83,	'Giovane Sepúlveda',	'fonseca.martinho@gmail.com',	'40085773160',	's',	'1976-05-27',	3),
(84,	'Hernani Rico Martines',	'bdelvalle@gil.net',	'10658438517',	's',	'1998-11-25',	4),
(85,	'Dr. Paulina Emília Ramires',	'ufaro@ig.com.br',	'99742435556',	's',	'1978-03-17',	2),
(86,	'Luana de Souza Sobrinho',	'reis.hortencia@ig.com.br',	'67049013511',	'n',	'1988-11-21',	1),
(87,	'Martinho Gusmão Quintana',	'tdarosa@hotmail.com',	'29003035211',	'n',	'1999-05-17',	2),
(88,	'Emiliano Queirós Martines Neto',	'luciano.delgado@ig.com.br',	'54654770153',	'n',	'2003-01-06',	1),
(89,	'Olívia Tamoio Galvão',	'vicente25@hotmail.com',	'70645241742',	'n',	'1995-06-28',	4),
(90,	'Sra. Ana Godói Toledo Filho',	'serrano.ivan@verdugo.com',	'13754630107',	's',	'1980-06-16',	3),
(91,	'Simão Caldeira Filho',	'yverdugo@barreto.br',	'49383821198',	's',	'1975-10-14',	1),
(92,	'Salomé Serna Solano',	'renata.barreto@uol.com.br',	'75320980101',	'n',	'2002-10-24',	3),
(93,	'Sr. Isaac Delgado Filho',	'dante09@jimenes.org',	'35254607493',	'n',	'2016-10-24',	4),
(94,	'Rafaela Abreu Jr.',	'elizabeth55@r7.com',	'25241264980',	'n',	'1999-04-13',	3),
(95,	'Camila Emília Bittencourt',	'gomes.sofia@ferreira.net.br',	'76792954280',	'n',	'1980-05-19',	2),
(96,	'Dr. Dante Franco de Aguiar',	'martines.luara@ig.com.br',	'20851083225',	's',	'2008-02-16',	3),
(97,	'Gustavo Simon Azevedo',	'santiago.regina@serra.com.br',	'82942230924',	's',	'1980-02-07',	4),
(98,	'Luciana Santana Sobrinho',	'gil.luna@aguiar.com.br',	'17265273197',	's',	'2015-11-30',	2),
(99,	'Sra. Sofia Grego Campos',	'aaron50@ig.com.br',	'71314691356',	's',	'2000-01-27',	1),
(100,	'Dr. Adriano Quintana Filho',	'wquintana@uol.com.br',	'67271253387',	'n',	'2003-07-19',	4),
(101,	'Diego Horácio Leal',	'userna@corona.net',	'37235520272',	's',	'1995-10-29',	1),
(102,	'Srta. Ariadna Romero Maia',	'zbrito@terra.com.br',	'16126823076',	'n',	'2006-09-06',	4),
(103,	'Sra. Alexa Vitória Brito Neto',	'luna93@yahoo.com',	'84761821152',	's',	'1991-06-15',	3),
(104,	'Dr. Melissa Velasques Sobrinho',	'goncalves.tais@yahoo.com',	'18491127542',	'n',	'1997-05-15',	4),
(105,	'Horácio Lucas Matos',	'sara.maldonado@duarte.br',	'66134498799',	's',	'1973-01-10',	3),
(106,	'Sr. Leonardo Delatorre Filho',	'hsalas@padrao.com.br',	'73418733202',	's',	'2002-04-10',	2),
(107,	'Dr. Natália Roque Sepúlveda Filho',	'yesteves@yahoo.com',	'99381915316',	'n',	'1974-04-04',	4),
(108,	'Sr. João Galhardo Fonseca',	'joana98@pedrosa.org',	'98937182892',	'n',	'2014-09-26',	4),
(109,	'Andres Flores Salgado Neto',	'dias.andres@duarte.com.br',	'14038413562',	's',	'1998-02-25',	3),
(110,	'Dr. Pedro Gil Jr.',	'ariana56@dacruz.com',	'71049611405',	'n',	'2002-03-15',	1),
(111,	'Benjamin Vila',	'francisco.vasques@r7.com',	'61049384768',	'n',	'1974-02-21',	1),
(112,	'Taís Alexa Gusmão',	'rodrigo86@hotmail.com',	'26297563649',	'n',	'1994-08-13',	2),
(113,	'Dr. Pedro Jorge Fidalgo',	'daniela34@terra.com.br',	'59302730341',	'n',	'1994-01-04',	2),
(114,	'Dr. Ariana Barros Carmona',	'mariana.quintana@terra.com.br',	'97077572471',	's',	'1982-03-30',	3),
(115,	'Srta. Sara Lira Maldonado Filho',	'esteves.bianca@terra.com.br',	'24994681752',	's',	'1978-06-07',	1),
(116,	'Nádia Correia Ramires Sobrinho',	'olivia.colaco@assuncao.com.br',	'11066466295',	'n',	'1975-11-15',	1),
(117,	'Micaela das Neves Pedrosa',	'srios@salazar.br',	'18070758292',	's',	'2005-05-23',	2),
(118,	'Sr. Mateus Gusmão',	'sara17@uol.com.br',	'99455841691',	's',	'1972-07-31',	3),
(119,	'Dr. Rafaela Lovato Jr.',	'wsantiago@ig.com.br',	'39056607172',	's',	'1976-04-10',	2),
(120,	'Dr. Giovane Marin',	'fatima.verdugo@matias.com.br',	'83201841306',	's',	'2008-08-04',	2),
(121,	'Isabella Delvalle Jr.',	'camila67@desouza.com',	'23879000777',	'n',	'1997-08-12',	1),
(122,	'Sr. Maximiano Maldonado de Souza Filho',	'nromero@beltrao.com',	'39157131337',	's',	'1994-11-18',	4),
(123,	'Sr. Daniel Burgos Sobrinho',	'jacomo71@uol.com.br',	'45303190252',	'n',	'1985-09-08',	1),
(124,	'Inácio Galindo',	'ptoledo@terra.com.br',	'44566314723',	's',	'1974-07-28',	4),
(125,	'Dr. Sofia Marques Teles Sobrinho',	'fdacruz@hotmail.com',	'39582439037',	'n',	'2002-09-24',	2),
(126,	'Sr. Simão Aranda Jr.',	'dzamana@urias.net.br',	'19282686230',	'n',	'1975-10-22',	2),
(127,	'Samanta Ávila',	'dias.natal@sanches.net',	'86257450319',	's',	'1971-07-03',	3),
(128,	'Dr. Júlia Ariana Valdez',	'joana.molina@gmail.com',	'63922815881',	's',	'1977-07-25',	3),
(129,	'Natal Natal Medina',	'everton.soto@vasques.com.br',	'84492213591',	'n',	'1971-06-08',	3),
(130,	'Dr. David Vasques Santana',	'vieira.valentina@galvao.com.br',	'11364681082',	'n',	'1981-03-31',	1),
(131,	'Michele Maldonado',	'christian37@flores.br',	'88573465636',	's',	'1970-07-05',	1),
(132,	'Sra. Fátima Corona Pereira',	'soares.elias@galhardo.com',	'24595943344',	's',	'1973-03-14',	3),
(133,	'Srta. Amélia Amanda Chaves Filho',	'carolina.prado@galhardo.org',	'58738810564',	's',	'2003-09-21',	1),
(134,	'Fernando Anderson Delgado',	'nadia.matos@matos.com',	'66797830252',	'n',	'2005-10-03',	3),
(135,	'Sr. Mateus Flores Rezende Jr.',	'giovana50@matos.com',	'82140128179',	'n',	'1986-04-03',	3),
(136,	'Srta. Micaela Quintana Ferreira',	'espinoza.miguel@yahoo.com',	'15316968243',	's',	'1995-08-09',	3),
(137,	'Srta. Tessália Pedrosa Filho',	'batista.isaac@gmail.com',	'20331044765',	's',	'2009-05-29',	1),
(138,	'Dr. Bianca Salazar Fernandes Jr.',	'rodrigues.simao@domingues.com',	'68556812447',	's',	'2000-11-23',	1),
(139,	'Dr. Nicole Ferminiano Reis Sobrinho',	'ncruz@yahoo.com',	'86633861432',	's',	'1980-10-21',	1),
(140,	'Ricardo Valentin Roque',	'caldeira.mia@yahoo.com',	'28203546865',	's',	'1970-12-20',	3),
(141,	'Sr. Camilo D\'ávila',	'emilio97@gomes.org',	'97360714627',	's',	'1992-06-27',	3),
(142,	'Dr. Dante de Oliveira',	'manuel.matias@uol.com.br',	'44890367020',	'n',	'1994-11-29',	4),
(143,	'Paulina Pedrosa Fernandes',	'fontes.antonio@fernandes.com.br',	'22043915637',	's',	'2001-07-02',	4),
(144,	'Sra. Josefina Solano',	'josefina.maia@vasques.com',	'16634714440',	'n',	'1989-01-09',	2),
(145,	'Helena Tamoio',	'antonieta.gusmao@lira.net',	'27906413427',	's',	'1995-06-20',	3),
(146,	'Ziraldo Valentin Delvalle Filho',	'sdeoliveira@espinoza.net',	'75489961449',	'n',	'1996-12-18',	1),
(147,	'Srta. Violeta Salgado Reis',	'beatriz46@ig.com.br',	'31128602707',	's',	'1985-06-10',	1),
(148,	'Micaela Galindo Delatorre',	'abril.pena@franco.com',	'62188083748',	'n',	'1978-02-28',	3),
(149,	'Dr. Carlos Azevedo Neto',	'thalissa.camacho@medina.com',	'25300762914',	's',	'1991-06-07',	3),
(150,	'Norma Roque',	'sales.laura@salgado.br',	'72522637764',	'n',	'2016-06-22',	2),
(151,	'Dr. Rafael Samuel Maldonado Jr.',	'lutero.simao@hotmail.com',	'92275630352',	'n',	'1992-10-09',	1),
(152,	'Dr. Natália Júlia Valentin',	'mel.lozano@dacruz.com.br',	'80560646872',	'n',	'1970-03-26',	3),
(153,	'Srta. Agustina Assunção Cruz Filho',	'sara.reis@lira.net.br',	'21763266469',	'n',	'2010-01-13',	2),
(154,	'Fernando Domingues',	'giovana56@ig.com.br',	'20144288293',	'n',	'1987-05-19',	2),
(155,	'Ricardo Martines Aguiar Jr.',	'thalissa14@reis.com',	'34231584602',	's',	'1982-02-10',	4),
(156,	'Dr. Juliana Vega Zambrano',	'esalazar@gmail.com',	'40520701734',	'n',	'2015-09-15',	1),
(157,	'Ivan Sepúlveda',	'gserrano@ig.com.br',	'19201910290',	's',	'2010-09-06',	1),
(158,	'Isabel Soares Furtado Neto',	'luciana.espinoza@roque.br',	'86695655295',	's',	'1993-03-11',	4),
(159,	'Sr. Lucas Vega',	'itorres@carrara.com',	'37293061744',	'n',	'2009-10-14',	3),
(160,	'Sr. Benjamin Correia',	'deaguiar.isaac@neves.com',	'68119618580',	'n',	'1983-12-21',	4),
(161,	'Sr. Adriano Queirós',	'carrara.dante@hotmail.com',	'31272807987',	'n',	'1970-01-10',	2),
(162,	'Dr. Samuel Fonseca',	'ana.mascarenhas@neves.com.br',	'31241491311',	's',	'1997-08-31',	1),
(163,	'Sr. Christian Carrara Cortês',	'allison08@escobar.net',	'37147096642',	's',	'1996-09-11',	1),
(164,	'Samuel Santacruz Molina',	'salas.simao@desouza.com.br',	'34943581009',	's',	'2000-04-18',	3),
(165,	'Giovane Santacruz Jr.',	'demian77@uol.com.br',	'27283417158',	'n',	'2014-11-07',	4),
(166,	'Sr. Valentin Sales Neto',	'psantana@hotmail.com',	'15619999063',	's',	'1990-12-08',	4),
(167,	'Amélia Mendonça Feliciano',	'barreto.emanuel@gmail.com',	'15328689580',	's',	'2007-01-09',	1),
(168,	'Sr. Natal Vasques Sobrinho',	'wsoto@marin.net',	'90580829354',	's',	'1973-02-10',	2),
(169,	'Noel Velasques Jr.',	'sergio.serna@uol.com.br',	'88164916001',	's',	'2006-03-09',	4),
(170,	'Constância Padilha',	'gbalestero@yahoo.com',	'97834401624',	'n',	'2000-06-08',	4),
(171,	'Dr. Salomé Fontes Filho',	'vasques.luciano@ig.com.br',	'91298585175',	's',	'2006-11-20',	3),
(172,	'Thiago Paulo Vale Neto',	'rebeca.pena@r7.com',	'61283654477',	'n',	'1972-06-01',	2),
(173,	'Alan Azevedo da Silva',	'hmedina@barreto.net',	'47209793268',	's',	'1995-06-08',	3),
(174,	'Sr. Josué Garcia Gonçalves',	'lsepulveda@terra.com.br',	'34347450877',	's',	'2015-03-20',	3),
(175,	'Valéria Luciana Valentin',	'torres.antonio@gmail.com',	'33811416602',	'n',	'1982-03-24',	2),
(176,	'Sr. Antônio Giovane Padrão Filho',	'escobar.gabriela@uol.com.br',	'33629446825',	's',	'2000-08-31',	3),
(177,	'Sr. Luis Felipe Lovato Neto',	'ashley72@hotmail.com',	'81717820656',	'n',	'1995-06-18',	4),
(178,	'Srta. Helena Olívia Bonilha Jr.',	'lucas01@yahoo.com',	'21026196521',	's',	'1989-02-17',	4),
(179,	'Felipe Roque',	'yferraz@ig.com.br',	'24338360880',	's',	'1984-09-30',	4),
(180,	'Srta. Vitória Ketlin Cervantes Sobrinho',	'constancia.faria@serna.com.br',	'59677920546',	'n',	'2006-05-17',	1),
(181,	'Natália Cervantes Rezende',	'alma.roque@uol.com.br',	'73526029190',	'n',	'1970-03-22',	1),
(182,	'Sra. Michele Carla Verdara Filho',	'tfranco@r7.com',	'66155630289',	's',	'2009-11-30',	2),
(183,	'Srta. Alessandra Aranda Jr.',	'avieira@gmail.com',	'18269334631',	'n',	'1980-05-27',	1),
(184,	'Maitê Tábata Corona Filho',	'casanova.beatriz@pontes.com',	'76663828212',	'n',	'1976-08-02',	2),
(185,	'Sr. Luis Torres',	'maguiar@gmail.com',	'27854066933',	'n',	'1984-12-29',	4),
(186,	'Miguel Verdara Feliciano Jr.',	'andrea.vieira@carmona.org',	'15962426294',	's',	'1990-09-18',	4),
(187,	'José Mateus Barros',	'julieta.sandoval@brito.com',	'53834479181',	'n',	'2015-03-12',	4),
(188,	'Dr. Luara Gomes Cervantes',	'joana57@grego.net.br',	'46522788219',	'n',	'1970-04-28',	4),
(189,	'Ashley Sara Cordeiro Jr.',	'esteves.suzana@ig.com.br',	'95458738883',	'n',	'1991-12-14',	3),
(190,	'Pablo Caldeira Rezende',	'fpaz@colaco.com',	'43181558228',	's',	'1975-01-17',	1),
(191,	'Sra. Fátima Fontes Filho',	'josefina65@cordeiro.com',	'41835321690',	'n',	'2006-12-05',	1),
(192,	'Sr. Hugo Bezerra',	'psepulveda@dasneves.com.br',	'53566641919',	's',	'1984-01-20',	1),
(193,	'Srta. Miranda Ketlin Reis',	'sara.tamoio@gmail.com',	'16752974125',	's',	'2010-03-03',	3),
(194,	'Sr. Máximo Romero Matos Filho',	'valeria.delatorre@ig.com.br',	'37696781181',	'n',	'2016-03-08',	2),
(195,	'Dr. Adriano Aranda Gomes Sobrinho',	'ctorres@r7.com',	'81186023936',	's',	'2016-10-02',	1),
(196,	'Natal Assunção Aragão',	'tamoio.renata@cortes.com',	'95966336880',	's',	'1994-12-17',	1),
(197,	'Sr. Guilherme Neves',	'vferminiano@terra.com.br',	'93040896225',	's',	'2016-10-24',	2),
(198,	'Srta. Bianca Barreto',	'gabriel48@gmail.com',	'26962543781',	's',	'2015-05-10',	3),
(199,	'Dr. Daniel Aguiar Delatorre',	'gabriela62@serra.org',	'26353562851',	's',	'1974-07-05',	1),
(200,	'Bruno Feliciano',	'daniel88@gil.net.br',	'30964481313',	'n',	'2007-06-14',	1),
(201,	'Miranda Rodrigues Neto',	'faria.violeta@reis.com',	'31928348462',	's',	'1990-07-15',	4),
(202,	'Sérgio Sales Vasques',	'diego.santana@bonilha.com',	'11095819300',	'n',	'1988-04-07',	1),
(203,	'Isabella Samanta de Souza Sobrinho',	'velasques.manuel@ig.com.br',	'78697737627',	'n',	'1988-02-12',	4),
(204,	'Sebastião Batista Filho',	'agustina.guerra@ig.com.br',	'76131533146',	's',	'2016-12-29',	2),
(205,	'Dr. Hugo Bittencourt Filho',	'dvale@gmail.com',	'17815278344',	's',	'2008-04-26',	2),
(206,	'Sr. Gian Carrara Paes Sobrinho',	'teobaldo65@domingues.com.br',	'58240944878',	's',	'1970-05-21',	4),
(207,	'Sra. Ariadna Ariana Domingues',	'fidalgo.jacomo@uol.com.br',	'62762596029',	'n',	'2000-12-31',	2),
(208,	'Sr. Emílio Serna',	'amanda53@campos.org',	'83886737511',	's',	'1984-02-05',	2),
(209,	'Sr. Adriano Sandoval Marés',	'azevedo.rebeca@flores.br',	'76868129475',	'n',	'1994-07-07',	4),
(210,	'Sra. Bianca Serra Aguiar Sobrinho',	'giovana28@uol.com.br',	'30181116983',	'n',	'2003-08-03',	4),
(211,	'Srta. Agustina Teles Filho',	'noeli.casanova@uol.com.br',	'97039760155',	'n',	'1971-04-30',	2),
(212,	'Pedro Brito Marés Filho',	'toledo.eduardo@terra.com.br',	'82584339040',	's',	'2007-11-13',	3),
(213,	'Dr. Alan Pena',	'odominato@gmail.com',	'92701623397',	's',	'1985-08-10',	3),
(214,	'Sra. Luzia Ariadna Pedrosa',	'vmendonca@ig.com.br',	'20664848233',	'n',	'2015-09-30',	4),
(215,	'Elias Mendes',	'dasdores.fabio@lutero.net',	'38242096276',	's',	'1977-02-12',	4),
(216,	'Alan Alexandre Gonçalves Sobrinho',	'psandoval@ig.com.br',	'46610183934',	's',	'2017-10-03',	4),
(217,	'Sr. Emílio Queirós Jr.',	'thiago.fontes@yahoo.com',	'23445004145',	'n',	'2016-09-26',	2),
(218,	'Dr. Sérgio Leon Uchoa',	'sara.rezende@yahoo.com',	'40002748649',	'n',	'2008-07-13',	1),
(219,	'Sr. Diego Gian Leon',	'mario.bittencourt@madeira.br',	'30428062351',	's',	'1998-10-03',	3),
(220,	'Noelí Beatriz Madeira',	'sserrano@salas.net.br',	'61638101232',	'n',	'1994-03-31',	2),
(221,	'Dr. Ariadna da Cruz Neto',	'luciana.gil@hotmail.com',	'58559097866',	'n',	'1982-02-28',	4),
(222,	'Manuel Serna Sobrinho',	'luana.padrao@garcia.com',	'73793077128',	'n',	'1986-07-08',	1),
(223,	'Sr. Isaac Elias Feliciano Neto',	'bruno20@terra.com.br',	'16887972890',	'n',	'1990-10-17',	3),
(224,	'Elizabeth Pena Verdugo',	'luis.rios@perez.com.br',	'72448273352',	'n',	'2006-09-02',	4),
(225,	'Paulina de Souza da Cruz Neto',	'bvasques@terra.com.br',	'41326179788',	'n',	'1980-12-31',	1),
(226,	'Dr. Carlos Prado Neto',	'mario03@terra.com.br',	'59469177965',	's',	'1970-05-09',	2),
(227,	'Abgail Sophie Leal Sobrinho',	'mel.campos@galindo.com',	'36290676482',	's',	'2009-09-23',	4),
(228,	'Máximo Vega Jr.',	'christopher.serra@yahoo.com',	'10101377735',	'n',	'1979-09-15',	3),
(229,	'Constância Marin Jr.',	'miranda01@cervantes.com.br',	'59863760247',	's',	'1991-07-14',	2),
(230,	'Emílio Thiago Rios Jr.',	'brito.luzia@verdara.com.br',	'67381900083',	'n',	'1994-10-07',	1),
(231,	'Leandro Soares Martines',	'felipe.serna@avila.br',	'95729416520',	'n',	'1996-11-12',	3),
(232,	'Adriana Isabel Urias Filho',	'flores.carlos@r7.com',	'35518025397',	's',	'1981-09-17',	2),
(233,	'Srta. Andrea Regina Santacruz',	'fatima58@r7.com',	'74085959559',	'n',	'2017-07-28',	2),
(234,	'Dr. Santiago João Faria Neto',	'savila@bittencourt.com',	'53257297305',	's',	'1983-05-23',	4),
(235,	'Sara Leon Neto',	'hernani50@r7.com',	'82022086381',	'n',	'1973-02-23',	4),
(236,	'Sra. Mariana Tessália Corona',	'pvalentin@r7.com',	'55203211195',	's',	'2007-08-03',	3),
(237,	'Nicole Mel Casanova',	'zaragoca.luzia@soto.org',	'85478895651',	'n',	'1977-11-28',	4),
(238,	'Dr. Máximo Torres Jr.',	'josue.soto@rico.com.br',	'98545979061',	'n',	'1980-03-25',	1),
(239,	'Dr. Cristóvão Tomás Leal',	'rafael.delgado@uol.com.br',	'33694666791',	'n',	'1986-05-13',	1),
(240,	'Srta. Julieta Malena Dias Neto',	'madalena74@hotmail.com',	'51059970869',	's',	'2007-04-15',	2),
(241,	'Rafael Oliveira Pereira Neto',	'esteves.gabriela@valdez.com',	'77266326285',	'n',	'2009-09-12',	3),
(242,	'Sra. Giovana Cruz Velasques',	'abalestero@uol.com.br',	'62154727168',	's',	'1997-03-23',	3),
(243,	'Ornela Paz Fernandes',	'rodrigo.benites@duarte.com.br',	'91980348601',	's',	'2004-07-02',	3),
(244,	'Srta. Antonieta Santiago Jr.',	'lucas.queiros@r7.com',	'31449944423',	's',	'2014-03-07',	4),
(245,	'Beatriz Santana Benites Neto',	'benites.hortencia@medina.com.br',	'31330603011',	's',	'1990-09-14',	3),
(246,	'Sra. Joana Ávila Neto',	'acervantes@barreto.org',	'40292886467',	's',	'1987-02-24',	2),
(247,	'Dr. Malena Rangel Jr.',	'smendonca@lozano.br',	'38815996260',	's',	'2002-02-22',	4),
(248,	'Dr. Simão Matos Sobrinho',	'hbeltrao@bittencourt.net.br',	'50949926958',	's',	'1977-09-21',	2),
(249,	'Fabiana Faro das Dores',	'gabriela77@r7.com',	'26084610125',	'n',	'1991-11-24',	2),
(250,	'Fabiana Rosa',	'fernando12@flores.com',	'58036620733',	'n',	'2006-06-23',	3),
(251,	'Sra. Vitória Serrano',	'gian62@vega.com',	'17393337613',	'n',	'1997-10-16',	3),
(252,	'Andrea Amanda Vieira',	'furtado.andres@reis.com',	'87418773523',	'n',	'1994-09-27',	4),
(253,	'Samuel Cristóvão Soto',	'micaela.leon@ortiz.net',	'67032621484',	'n',	'1994-12-25',	1),
(254,	'Christian Giovane Santana Neto',	'bpedrosa@r7.com',	'35861831116',	'n',	'2015-07-21',	4),
(255,	'Isaac Espinoza Sobrinho',	'xsoares@hotmail.com',	'46830958612',	's',	'2006-05-27',	2),
(256,	'Sr. Martinho Santana Dias',	'violeta09@gmail.com',	'51035341024',	's',	'1973-04-25',	4),
(257,	'Dr. Olívia Daniela Vila Sobrinho',	'bittencourt.natal@franco.net',	'65108700534',	'n',	'1989-07-10',	1),
(258,	'Maitê Ashley Barros Sobrinho',	'quintana.nadia@barros.com',	'73812367827',	's',	'1982-09-23',	1),
(259,	'Sr. Martinho Sepúlveda Romero Jr.',	'paes.miranda@gmail.com',	'56252669477',	'n',	'2004-09-17',	1),
(260,	'Dr. Sebastião Roque Sepúlveda',	'clara70@terra.com.br',	'75300922584',	'n',	'1989-12-02',	2),
(261,	'Dr. Isadora Aranda Neto',	'jvalentin@bonilha.org',	'81109259366',	's',	'1977-12-27',	2),
(262,	'Rafael Saraiva Filho',	'amaldonado@gmail.com',	'73331462629',	's',	'2008-09-16',	3),
(263,	'Andres Prado Salgado',	'josue.saraiva@uol.com.br',	'40274929162',	's',	'1991-04-10',	1),
(264,	'Sr. Tomás Vieira Leon Neto',	'rebeca16@gmail.com',	'44641465526',	'n',	'1982-11-13',	1),
(265,	'Dr. Natália Molina',	'galvao.fabio@ig.com.br',	'74456557151',	's',	'2015-02-16',	2),
(266,	'Laura Flores Franco Neto',	'amanda.mascarenhas@mares.net',	'44423201773',	'n',	'1975-03-01',	1),
(267,	'Dr. Isaac Santiago Meireles Sobrinho',	'verdugo.nicole@uol.com.br',	'24025794095',	'n',	'1982-11-05',	4),
(268,	'Sr. Pedro Garcia',	'guilherme.avila@uol.com.br',	'97697182577',	's',	'2007-11-15',	3),
(269,	'Sabrina Ramires Serna Jr.',	'luciano.dasilva@torres.com.br',	'69026021077',	's',	'1998-01-23',	4),
(270,	'Mateus Carrara Matos Sobrinho',	'christian92@ig.com.br',	'34662918010',	's',	'2004-04-21',	2),
(271,	'Srta. Irene Marinho',	'ddesouza@dacruz.com.br',	'24517984311',	's',	'1970-02-05',	2),
(272,	'Dr. Emília Soares Sobrinho',	'adriano.quintana@gmail.com',	'25426712115',	's',	'2003-01-01',	1),
(273,	'Laura Fernandes Neto',	'ddeaguiar@salgado.net',	'56156330397',	's',	'2007-12-25',	4),
(274,	'Srta. Vitória Santiago Campos Jr.',	'osantacruz@matos.org',	'92389872088',	'n',	'2000-03-23',	1),
(275,	'Dr. Daniel Camilo Rivera Sobrinho',	'lozano.estevao@ig.com.br',	'97387490491',	's',	'1978-08-08',	4),
(276,	'Dr. Amélia Fontes',	'olivia.lozano@yahoo.com',	'37724087620',	'n',	'2008-08-19',	3),
(277,	'Dr. Constância Rosa Rangel Neto',	'estevao.deaguiar@terra.com.br',	'61356652681',	'n',	'1974-07-07',	1),
(278,	'Dr. Valentin Gustavo Leon Neto',	'galhardo.miranda@r7.com',	'30626575490',	'n',	'1993-10-14',	2),
(279,	'Dr. Eduardo Fernando Barreto Neto',	'serra.luna@serra.net',	'95482451790',	'n',	'1990-10-15',	2),
(280,	'Mateus das Neves',	'demian97@gmail.com',	'11268234755',	's',	'2009-08-08',	3),
(281,	'Dr. Jasmin Rosa',	'nqueiros@yahoo.com',	'96239178725',	's',	'1995-02-27',	2),
(282,	'Dr. Emiliano Jorge Abreu',	'natalia44@yahoo.com',	'55708500104',	's',	'2009-03-16',	1),
(283,	'Benjamin Azevedo',	'micaela73@ortiz.com',	'85257915449',	's',	'1998-01-13',	2),
(284,	'Natal Rangel Azevedo Jr.',	'amelia.gil@zambrano.br',	'30569208823',	'n',	'2013-05-07',	4),
(285,	'Sr. Estêvão Queirós Sobrinho',	'giovana58@terra.com.br',	'92652794704',	'n',	'1985-05-30',	4),
(286,	'Laura Juliana Gusmão Filho',	'everton51@marin.net.br',	'61918050972',	's',	'1993-09-15',	2),
(287,	'Hernani Correia Filho',	'umatias@gmail.com',	'41158607103',	'n',	'2014-10-21',	2),
(288,	'Sra. Paulina Burgos Prado',	'cristovao33@darosa.com.br',	'61247538616',	's',	'2017-12-05',	4),
(289,	'Sr. Evandro Henrique Gonçalves Sobrinho',	'micaela34@quintana.net.br',	'73762997747',	's',	'1970-11-06',	1),
(290,	'Sr. Horácio Pena Sobrinho',	'ornela.marinho@lozano.com',	'78645733157',	's',	'2013-07-03',	3),
(291,	'Sr. Vicente Diego Leon Sobrinho',	'ngalindo@toledo.net.br',	'37041967795',	'n',	'1979-12-17',	3),
(292,	'Ana Mendes Serna Jr.',	'dacruz.isaac@vila.net.br',	'85772200361',	'n',	'1971-04-11',	4),
(293,	'Thales Assunção Galindo',	'pfeliciano@ig.com.br',	'77065852954',	's',	'2014-04-21',	2),
(294,	'Máximo Vega das Dores Filho',	'luna.reis@ig.com.br',	'65883718333',	's',	'2001-09-13',	4),
(295,	'Evandro Zambrano Ferminiano',	'mcarrara@hotmail.com',	'16247640540',	's',	'1999-05-05',	1),
(296,	'Hernani D\'ávila Camacho',	'jtamoio@ig.com.br',	'29042037590',	's',	'1996-05-06',	1),
(297,	'Sr. Gian Lovato Vale',	'carrara.rebeca@pereira.com',	'45207338621',	'n',	'1994-07-04',	4),
(298,	'Dr. Gustavo Pedro Zamana Neto',	'wfernandes@tamoio.com.br',	'87274345620',	's',	'2015-07-21',	1),
(299,	'Sr. Emiliano Josué Corona',	'velasques.leandro@esteves.net.br',	'12259033881',	'n',	'1983-08-14',	4),
(300,	'Felipe da Cruz Paes Filho',	'evandro40@burgos.br',	'58408761350',	'n',	'2017-04-30',	2),
(301,	'Dr. Gabriela Ortega Jr.',	'gabriela59@ig.com.br',	'78768326956',	'n',	'2000-04-24',	4),
(302,	'Samuel Hernani Faria Filho',	'daniel66@uol.com.br',	'55412190691',	'n',	'1991-10-08',	2),
(303,	'Srta. Jasmin Verdugo Filho',	'renata16@ig.com.br',	'10987220848',	'n',	'1999-01-03',	1),
(304,	'Dr. Abril Olívia Saraiva',	'guerra.ivana@neves.com',	'15989999864',	's',	'1997-08-06',	1),
(305,	'Dr. Regina Zaragoça',	'noeli.santana@yahoo.com',	'78511719936',	'n',	'1981-11-18',	4),
(306,	'Juliana Aragão',	'iesteves@beltrao.net',	'66703796824',	'n',	'1982-01-31',	4),
(307,	'Sr. Felipe Teles Filho',	'melissa.fonseca@yahoo.com',	'38737366884',	'n',	'2008-09-30',	4),
(308,	'Carlos Eduardo Barreto',	'azevedo.simon@yahoo.com',	'35086418110',	's',	'1995-10-11',	3),
(309,	'Dr. Julieta Maitê Quintana Neto',	'mia85@uol.com.br',	'31730459691',	'n',	'1989-09-07',	4),
(310,	'Sra. Alma Ferreira',	'nvega@campos.com',	'18890184545',	'n',	'1983-10-19',	3),
(311,	'Sra. Pâmela Roque',	'rangel.emiliano@lovato.com.br',	'17745829289',	's',	'2014-11-01',	1),
(312,	'Dr. Camilo Kevin Vega',	'amelia.velasques@saraiva.net.br',	'18755716104',	's',	'2000-03-10',	2),
(313,	'Dr. Ketlin Abgail Ramos',	'agustina49@terra.com.br',	'82482176171',	'n',	'2011-09-21',	2),
(314,	'Dr. Cristóvão Feliciano Roque',	'pedrosa.luzia@lira.com',	'31430791104',	's',	'1988-07-16',	4),
(315,	'Dr. Isabella Abreu',	'salome45@yahoo.com',	'99235904030',	's',	'1975-03-24',	2),
(316,	'Dr. Daniel Marés Neto',	'beatriz41@hotmail.com',	'41108028856',	'n',	'1999-04-19',	4),
(317,	'Paulo Medina Lira',	'elias.faria@lozano.net',	'41640003314',	's',	'1996-09-22',	3),
(318,	'Sra. Vitória Grego Jr.',	'ezamana@r7.com',	'25849520959',	'n',	'2007-10-08',	3),
(319,	'Sr. Diego Santacruz',	'montenegro.christopher@urias.com.br',	'60432319408',	'n',	'1988-06-07',	4),
(320,	'Renata Salomé Padilha Filho',	'jimenes.camilo@maldonado.org',	'77634673840',	'n',	'1993-11-24',	1),
(321,	'Dr. Emília Juliana Ferreira',	'psalas@ig.com.br',	'16903581586',	's',	'1975-02-03',	4),
(322,	'Sérgio Soares Sobrinho',	'maite37@marin.com.br',	'62247772705',	's',	'2005-04-09',	4),
(323,	'Thalissa Cruz D\'ávila',	'pcolaco@santacruz.com',	'77818447779',	's',	'1975-07-17',	1),
(324,	'Dr. Nicole Malena Rocha Jr.',	'leonardo89@serrano.com.br',	'69464915045',	'n',	'1972-01-10',	2),
(325,	'Jasmin Godói Aragão',	'equintana@urias.net',	'39420630880',	's',	'2015-05-01',	1),
(326,	'Dr. Alan Sebastião Balestero Filho',	'elias76@gmail.com',	'79908628263',	'n',	'1998-11-14',	2),
(327,	'Sr. Leonardo Paulo Perez Sobrinho',	'marinho.alexandre@ig.com.br',	'31348075927',	's',	'2000-05-09',	4),
(328,	'Dr. Regina Saraiva Molina',	'esteves.nicole@yahoo.com',	'22535328348',	's',	'2013-06-01',	1),
(329,	'Cristóvão Galvão Queirós Sobrinho',	'jpaz@verdugo.org',	'59547614976',	's',	'1994-02-16',	2),
(330,	'Mateus Santana da Rosa Jr.',	'tais45@leal.org',	'59150320938',	'n',	'2005-06-04',	2),
(331,	'Ariadna Matos Sobrinho',	'sebastiao14@ig.com.br',	'54510906687',	's',	'2012-12-02',	3),
(332,	'Srta. Samanta Beatriz Zamana Neto',	'rsepulveda@terra.com.br',	'61501070819',	's',	'1980-09-22',	1),
(333,	'Camilo Maldonado',	'mendes.vitoria@uol.com.br',	'86355941621',	's',	'1973-05-02',	1),
(334,	'Dr. Daniela de Souza das Neves',	'kevin59@ig.com.br',	'15798928304',	'n',	'1975-09-21',	4),
(335,	'Sr. Giovane Medina Pereira Sobrinho',	'cortes.isadora@gmail.com',	'18949425322',	'n',	'1983-02-17',	1),
(336,	'Srta. Norma Estrada Filho',	'sverdara@ig.com.br',	'97632245039',	's',	'1985-02-20',	4),
(337,	'Sra. Hortência Ariana Pena',	'delatorre.renata@garcia.com',	'10251480061',	's',	'1991-05-13',	1),
(338,	'Hortência Noelí Vila',	'thalissa.oliveira@salazar.com',	'32528870082',	's',	'1991-12-06',	2),
(339,	'Silvana Paz Chaves Jr.',	'dasilva.manuela@camacho.com.br',	'66776992129',	's',	'2000-01-12',	2),
(340,	'Dr. David Caldeira',	'maximo41@ig.com.br',	'86288020503',	's',	'1985-10-27',	2),
(341,	'Miranda Paulina Lutero Sobrinho',	'opedrosa@goncalves.org',	'73732392694',	'n',	'2015-10-16',	3),
(342,	'Adriana Valéria Serrano',	'santacruz.samanta@perez.br',	'90444517438',	's',	'1999-04-03',	3),
(343,	'Dr. Paulina Vega Torres',	'evandro.goncalves@leon.com',	'52295270236',	'n',	'2011-11-07',	1),
(344,	'Sra. Julieta Luciana Padilha',	'pedrosa.natal@uol.com.br',	'65630813138',	's',	'2001-12-16',	4),
(345,	'Sra. Catarina Tessália Escobar',	'flores.luzia@barreto.com.br',	'76315890466',	's',	'2016-09-26',	1),
(346,	'Luana da Rosa Dias Filho',	'mduarte@terra.com.br',	'50068878252',	'n',	'1980-09-29',	3),
(347,	'Valentina Cordeiro Serna',	'thiago.santana@fidalgo.com.br',	'98712928760',	's',	'2007-09-03',	4),
(348,	'Sr. Ziraldo Simão Ferreira',	'jose19@yahoo.com',	'10423669246',	's',	'2013-01-18',	1),
(349,	'Julieta Ferreira Assunção Neto',	'camila00@bittencourt.org',	'19556578285',	's',	'1975-01-30',	1),
(350,	'Paula Camacho',	'correia.michele@ig.com.br',	'70681360661',	'n',	'2008-11-11',	2),
(351,	'Dr. Jorge Everton Balestero',	'mendes.josue@yahoo.com',	'77657016725',	's',	'1990-07-26',	1),
(352,	'Dr. Daniela Sara Sales',	'hteles@yahoo.com',	'89575230302',	's',	'1972-02-22',	1),
(353,	'Sra. Valéria Batista Marinho Jr.',	'mel88@yahoo.com',	'49307786021',	'n',	'2005-02-02',	1),
(354,	'Irene Fátima Paes Jr.',	'mendes.leonardo@verdara.com',	'19527276912',	's',	'1994-02-01',	1),
(355,	'Sr. Demian Marin das Neves',	'carlos98@terra.com.br',	'22381702018',	's',	'1971-02-04',	2),
(356,	'Taís Quintana',	'ngarcia@carrara.com.br',	'89127704398',	'n',	'1997-03-26',	3),
(357,	'Paula Vila Neto',	'allison.franco@uol.com.br',	'38536349148',	'n',	'2013-06-22',	3),
(358,	'Dr. Hugo Ivan Serra',	'rpadilha@gmail.com',	'85493752867',	's',	'1987-01-07',	3),
(359,	'Srta. Abril Agustina Salas Filho',	'xvasques@mascarenhas.net',	'31198251671',	's',	'1973-12-13',	2),
(360,	'Alessandra Malena Fonseca Filho',	'solano.ariadna@casanova.br',	'12559205549',	's',	'1996-08-11',	4),
(361,	'Dr. Ivan Sebastião Garcia',	'tbezerra@gmail.com',	'38807004615',	's',	'2008-01-20',	4),
(362,	'Máximo Vieira Paes Filho',	'amelia85@godoi.org',	'23077817400',	's',	'2005-08-17',	2),
(363,	'Isadora Zamana Godói',	'alexa97@queiros.com.br',	'99416126180',	's',	'1971-10-27',	3),
(364,	'Dr. Mateus Burgos Jr.',	'marinho.ariadna@hotmail.com',	'15902381148',	'n',	'1993-04-06',	1),
(365,	'Isadora Mariana Campos',	'clovato@ig.com.br',	'32988974708',	's',	'2010-06-30',	3),
(366,	'Dr. Sérgio Garcia',	'valentin.colaco@teles.com',	'99148886171',	's',	'1993-06-07',	3),
(367,	'Dr. Thiago Ferminiano Aguiar',	'ecasanova@pena.com',	'68796147592',	'n',	'2001-07-08',	3),
(368,	'Renata Romero Ferreira Jr.',	'suzana63@branco.com',	'59938701544',	'n',	'1990-09-02',	2),
(369,	'Sra. Valentina Allison Prado',	'luana.martines@martines.com.br',	'55737528814',	'n',	'1979-10-17',	1),
(370,	'Srta. Alexa Cordeiro Jr.',	'melissa.padrao@desouza.org',	'69357503848',	's',	'1993-08-06',	3),
(371,	'Madalena Natália da Rosa',	'giovana34@yahoo.com',	'59208932821',	's',	'1997-11-27',	3),
(372,	'Everton Zamana',	'ferreira.isabel@gmail.com',	'35456394311',	'n',	'1974-12-04',	1),
(373,	'Sra. Gabriela Romero Filho',	'martines.sabrina@fonseca.net.br',	'63403119193',	'n',	'2012-08-02',	3),
(374,	'Dr. Leonardo Marinho Zaragoça',	'guerra.fatima@benites.com',	'47851926512',	's',	'2003-07-09',	1),
(375,	'Dr. Abgail Beltrão',	'ucolaco@hotmail.com',	'31520874183',	'n',	'1980-09-06',	2),
(376,	'Sra. Emília Micaela das Dores',	'ricardo.prado@esteves.org',	'20971514871',	's',	'2002-01-30',	4),
(377,	'Sr. Pedro Ian de Souza',	'fernando.brito@terra.com.br',	'60182194742',	's',	'1985-09-23',	2),
(378,	'Dr. Malena Vitória da Cruz Filho',	'carla76@yahoo.com',	'84064835477',	's',	'1977-09-08',	1),
(379,	'Joaquin Máximo Batista',	'caldeira.isabel@casanova.com',	'28092518332',	's',	'2006-10-06',	1),
(380,	'Dr. Diego Espinoza Sobrinho',	'marin.pablo@bonilha.net.br',	'70810935245',	's',	'1999-01-16',	3),
(381,	'Dr. Jácomo Reis Zaragoça',	'salazar.joao@hotmail.com',	'73676083823',	's',	'1997-03-10',	2),
(382,	'Srta. Norma Ariadna Velasques',	'fabio66@uol.com.br',	'77401138469',	's',	'1999-07-21',	2),
(383,	'Sra. Alexa Ashley Rivera',	'catarina.sanches@r7.com',	'25309300175',	'n',	'1988-08-31',	3),
(384,	'Dr. Thalissa Rocha Neto',	'mgrego@r7.com',	'19745933273',	'n',	'2012-06-07',	1),
(385,	'Sr. Bruno Natal Sepúlveda Sobrinho',	'pedro.delvalle@r7.com',	'57245830874',	'n',	'1974-09-23',	1),
(386,	'Carlos Zambrano Gusmão Neto',	'hernani66@serra.br',	'62134248209',	'n',	'1997-06-08',	2),
(387,	'Clara Leon Rodrigues Jr.',	'daniela81@barreto.net',	'90228900983',	'n',	'2017-02-16',	2),
(388,	'Catarina Rebeca da Silva Neto',	'rocha.luciana@batista.com.br',	'68458312721',	's',	'1990-10-18',	2),
(389,	'Vitória Carmona Vega',	'tais.balestero@gmail.com',	'51389154358',	's',	'1975-04-20',	3),
(390,	'Dr. Tábata Fidalgo Marques',	'fonseca.emanuel@gmail.com',	'74284066678',	's',	'2013-05-09',	1),
(391,	'Ivana Miranda Godói Filho',	'wzamana@yahoo.com',	'49172732983',	'n',	'1976-03-11',	4),
(392,	'Sr. Isaac Martinho Fontes',	'adias@r7.com',	'81828866330',	'n',	'1973-09-08',	2),
(393,	'Dr. Maximiano Isaac Ferminiano',	'julieta03@serra.br',	'17850079168',	's',	'2008-06-18',	1),
(394,	'Pablo Gil Cortês Neto',	'cervantes.jose@soares.org',	'95559867131',	'n',	'2015-08-04',	1),
(395,	'Sra. Suzana Isadora Feliciano',	'uperez@guerra.com.br',	'14798348965',	'n',	'1984-04-19',	2),
(396,	'Dr. Valentin Paz Barreto Filho',	'lmadeira@rivera.com.br',	'20872074067',	's',	'2001-10-03',	1),
(397,	'Adriana Vale Leal Neto',	'camilo06@casanova.net',	'28193870922',	's',	'1988-12-27',	3),
(398,	'Kevin Guilherme Carmona Filho',	'casanova.melissa@madeira.net.br',	'90544622717',	's',	'1988-02-12',	1),
(399,	'Dr. Samanta Faria Chaves',	'christopher74@ig.com.br',	'82261714725',	's',	'1999-12-22',	1),
(400,	'Luara Torres Serrano',	'gvaldez@hotmail.com',	'29807784711',	's',	'1989-05-10',	4),
(401,	'Dr. Ivan Sandoval Neto',	'feliciano.giovana@hotmail.com',	'62752876123',	's',	'2001-05-01',	1),
(402,	'Luis Rico Neto',	'giovana.benites@gmail.com',	'84948400096',	'n',	'2017-07-13',	4),
(403,	'Christian Ferreira',	'vicente.salgado@r7.com',	'69645967842',	'n',	'1990-07-21',	2),
(404,	'Sr. Christopher Serra',	'ivan06@uol.com.br',	'19703271398',	'n',	'1973-01-28',	4),
(405,	'Sra. Regina Roque',	'gian.ortega@ortiz.br',	'65208489689',	's',	'1976-03-03',	3),
(406,	'Isabella Norma da Cruz',	'bezerra.everton@padilha.com',	'63868507100',	'n',	'1995-01-03',	2),
(407,	'Sr. Miguel Caldeira Filho',	'sabrina.zaragoca@r7.com',	'58175528985',	'n',	'1987-12-08',	4),
(408,	'Sr. Evandro Galvão Jr.',	'daniela60@valdez.br',	'78568799104',	'n',	'1988-06-10',	3),
(409,	'Thalissa Cordeiro Neto',	'irene25@batista.net.br',	'60566422231',	'n',	'1984-09-28',	2),
(410,	'Sra. Joana Ferreira',	'elizabeth.flores@benites.com.br',	'40558796604',	'n',	'2014-07-23',	3),
(411,	'Dr. Mia Fonseca Verdara Filho',	'wmendonca@ig.com.br',	'28531175805',	'n',	'2005-07-15',	4),
(412,	'Sr. Dante Martinho Balestero',	'teles.matias@r7.com',	'67639600648',	's',	'2003-10-13',	2),
(413,	'Dr. Isadora Rangel da Cruz Jr.',	'salas.jasmin@yahoo.com',	'76229334743',	'n',	'2007-04-05',	4),
(414,	'Samuel Godói Pereira Sobrinho',	'zfontes@cortes.com.br',	'98952554883',	'n',	'1997-09-20',	4),
(415,	'Dr. Tábata Ortiz',	'npacheco@uol.com.br',	'88474226165',	's',	'1993-05-13',	3),
(416,	'Srta. Samanta Casanova Tamoio',	'kcasanova@uol.com.br',	'19755658460',	's',	'2016-12-02',	4),
(417,	'Srta. Taís Cruz Mascarenhas Filho',	'felipe.meireles@batista.org',	'28524855179',	'n',	'1973-08-04',	3),
(418,	'Alexandre Lucas Rezende',	'brios@galvao.org',	'40663160015',	'n',	'1989-08-17',	2),
(419,	'Sr. Elias Guerra',	'kmarinho@uol.com.br',	'19141829102',	's',	'2009-09-21',	2),
(420,	'Camila Burgos Sanches',	'pontes.rebeca@ortega.org',	'60439333720',	's',	'1985-08-27',	1),
(421,	'Dr. Joaquin Batista Jr.',	'bittencourt.andrea@caldeira.com',	'52634528730',	'n',	'1979-08-08',	3),
(422,	'Madalena Violeta Zambrano Neto',	'nmares@delvalle.com.br',	'39281850955',	'n',	'1992-03-13',	2),
(423,	'Sr. Mário Teles Medina Neto',	'campos.valentina@r7.com',	'34108208436',	'n',	'1997-10-17',	1),
(424,	'Luana Chaves Gil',	'fabio.sales@rico.com',	'65253758421',	'n',	'2009-06-10',	4),
(425,	'Dr. Pedro Emílio Ávila Sobrinho',	'valencia.noeli@terra.com.br',	'75454094950',	's',	'1983-11-24',	2),
(426,	'Dr. Michele Marinho Beltrão Neto',	'simon.aragao@zaragoca.com',	'81071969368',	'n',	'1983-10-23',	4),
(427,	'Sra. Luna Benites Prado Filho',	'olivia15@bezerra.com.br',	'70278805973',	's',	'1974-04-08',	1),
(428,	'Dr. Demian Padilha Filho',	'ivana70@reis.org',	'57327218693',	'n',	'2004-10-10',	2),
(429,	'Sra. Gabriela Hortência Garcia',	'regina.perez@rangel.net.br',	'43389832428',	'n',	'1990-12-20',	1),
(430,	'Carlos Pedrosa Jr.',	'aranda.eduardo@hotmail.com',	'56396394935',	'n',	'2004-06-06',	4),
(431,	'Sr. Ricardo Bruno Reis',	'hlira@rocha.org',	'43952568219',	's',	'1993-06-29',	4),
(432,	'Malena da Rosa Sanches Neto',	'valentina94@pontes.com.br',	'22602023361',	'n',	'2010-07-04',	4),
(433,	'Christian Benjamin Duarte',	'gian.ferreira@hotmail.com',	'41913710338',	'n',	'2017-11-08',	3),
(434,	'Valentina Ana Estrada',	'cfaria@martines.net.br',	'40984930214',	's',	'2013-08-03',	2),
(435,	'Dr. Adriano Hernani Mendonça',	'yuchoa@assuncao.net.br',	'68933664029',	'n',	'1991-05-28',	1),
(436,	'Sra. Irene Luana Vega Filho',	'thiago94@rico.com.br',	'85239445464',	'n',	'1992-12-23',	4),
(437,	'Pâmela Aguiar Filho',	'giovana73@terra.com.br',	'10272131226',	'n',	'1997-08-01',	1),
(438,	'Ornela Verdugo Rocha',	'mares.giovane@cordeiro.com',	'37940147393',	's',	'2000-02-16',	3),
(439,	'Sra. Gabriela Chaves',	'alonso33@yahoo.com',	'75642770500',	'n',	'2007-04-23',	3),
(440,	'Paulina Azevedo Filho',	'yrocha@uol.com.br',	'60489607369',	's',	'1980-01-17',	2),
(441,	'Srta. Juliana Maldonado Neto',	'emanuel.soares@delgado.com.br',	'56853361334',	's',	'1973-10-14',	3),
(442,	'Aaron José Camacho',	'pzaragoca@cordeiro.org',	'50795637662',	's',	'2003-03-26',	4),
(443,	'Sr. Rafael Jorge Cortês Jr.',	'ortega.juliana@grego.com.br',	'30432015801',	's',	'2016-02-07',	4),
(444,	'Miranda Bezerra',	'mgalvao@terra.com.br',	'17595478314',	's',	'1972-09-24',	2),
(445,	'Agustina Júlia Rezende',	'henrique.prado@yahoo.com',	'97293997989',	's',	'1991-07-31',	2),
(446,	'Dr. Carlos Kevin Campos Neto',	'torres.luara@yahoo.com',	'86647144444',	's',	'1974-04-19',	4),
(447,	'Simão Luis Santana Jr.',	'lutero.emilio@uol.com.br',	'60743305869',	'n',	'2000-11-26',	2),
(448,	'Ivana Salas',	'garcia.vicente@uol.com.br',	'66558156730',	's',	'1979-05-14',	4),
(449,	'Dante Burgos',	'alma03@uol.com.br',	'64111092579',	's',	'1990-10-08',	1),
(450,	'Dr. Irene Emília Dominato Neto',	'marin.carolina@r7.com',	'54194221999',	'n',	'1975-06-13',	2),
(451,	'Olívia da Rosa',	'juliana64@saraiva.net',	'11424543084',	's',	'1975-08-05',	2),
(452,	'Sra. Paula Constância Ferraz Sobrinho',	'ravila@sepulveda.com',	'18416838692',	's',	'1994-12-18',	2),
(453,	'Francisco da Silva Solano',	'dbittencourt@r7.com',	'69011586979',	'n',	'1996-04-17',	2),
(454,	'Dr. Daniel Manuel Chaves Jr.',	'jasmin14@medina.com.br',	'55561214308',	's',	'1989-11-20',	3),
(455,	'Mia Santiago Abreu Jr.',	'dasneves.francisco@zaragoca.br',	'17131952825',	's',	'1994-08-17',	3),
(456,	'Guilherme Padilha Sobrinho',	'lucas.lovato@gmail.com',	'19905134742',	's',	'1979-10-24',	2),
(457,	'Nádia Quintana',	'ivasques@pedrosa.com',	'52975548137',	's',	'1987-09-26',	1),
(458,	'Sr. Giovane Jimenes',	'rteles@yahoo.com',	'83380367504',	'n',	'1993-11-09',	1),
(459,	'Emílio Matias Zambrano Neto',	'catarina.padrao@uol.com.br',	'57719123545',	'n',	'2014-03-29',	2),
(460,	'Matias Toledo Toledo',	'ashley92@r7.com',	'80489240391',	'n',	'1991-03-16',	3),
(461,	'Helena Isabella Sales Jr.',	'natal.corona@yahoo.com',	'67271369979',	'n',	'2006-04-28',	1),
(462,	'Joana Rezende Neto',	'romero.valentin@vega.br',	'45115177123',	'n',	'1978-06-14',	2),
(463,	'Irene Fernandes Filho',	'antonio13@matias.net',	'36783489808',	's',	'2007-08-30',	4),
(464,	'Paula Gabriela Reis Sobrinho',	'mariana.rios@galvao.br',	'15069725946',	's',	'1991-06-20',	4),
(465,	'Micaela Isabella Valência',	'ian.gil@uol.com.br',	'76418860848',	's',	'1983-04-14',	3),
(466,	'Salomé Ketlin Romero',	'alexandre07@ig.com.br',	'54791966737',	'n',	'1995-07-14',	2),
(467,	'Sr. Luis Emiliano Batista',	'emanuel.meireles@branco.net',	'87083494463',	'n',	'1995-11-05',	2),
(468,	'Sra. Clara Ana Fonseca Jr.',	'maximo52@sales.com',	'10554008637',	'n',	'2000-02-24',	1),
(469,	'Sra. Gabriela Clara Colaço Sobrinho',	'cristovao.rosa@yahoo.com',	'82050286959',	's',	'2013-04-17',	3),
(470,	'Tábata Ortega',	'rquintana@gmail.com',	'97455342458',	's',	'1980-01-28',	1),
(471,	'Sr. Emanuel Lucas Bonilha',	'kevin.darosa@gmail.com',	'78271827101',	's',	'1981-03-18',	1),
(472,	'Fátima Fontes Sobrinho',	'casanova.ivana@rezende.com',	'21547109130',	's',	'2014-04-03',	1),
(473,	'Paulina Vila Salgado',	'joaquin.balestero@santacruz.net',	'69226567707',	'n',	'1972-09-12',	1),
(474,	'Sabrina Camila Neves',	'jose02@gmail.com',	'24979354604',	'n',	'2013-04-12',	4),
(475,	'Silvana Rezende Neto',	'matias.grego@maldonado.com',	'74521743799',	's',	'1983-06-21',	3),
(476,	'Sra. Valéria Alma Valência',	'rpacheco@bonilha.br',	'35230047847',	'n',	'2016-10-28',	4),
(477,	'Sr. Dante Dominato Ortega Jr.',	'ornela78@fidalgo.org',	'20181336388',	's',	'2004-07-04',	1),
(478,	'Rafaela de Souza Teles Jr.',	'abgail.padilha@terra.com.br',	'61231586011',	's',	'1983-11-24',	1),
(479,	'Sr. Jerônimo Pontes Carmona',	'ariana13@fontes.com',	'45600479091',	's',	'2003-04-04',	3),
(480,	'Sr. Luciano David Faro Neto',	'laura.saraiva@gmail.com',	'26497195814',	's',	'1982-08-09',	4),
(481,	'Carolina Montenegro',	'renata.pereira@abreu.net',	'88734531113',	'n',	'1976-03-22',	3),
(482,	'Olívia Camacho Vasques Filho',	'ufernandes@gmail.com',	'91221433863',	's',	'1988-04-19',	1),
(483,	'Daniel Rivera Lovato',	'brito.laura@gmail.com',	'42457094830',	's',	'2012-03-31',	2),
(484,	'Sr. Gian Aragão Rodrigues Neto',	'sara.franco@salgado.net.br',	'28918147403',	's',	'2017-01-29',	2),
(485,	'Máximo Ferraz Roque',	'thiago.verdugo@yahoo.com',	'83148100147',	'n',	'1980-05-09',	1),
(486,	'Carolina Luciana Santacruz Filho',	'miranda07@uol.com.br',	'62700973870',	'n',	'2004-03-21',	2),
(487,	'Samanta Pena Sobrinho',	'luciano50@marinho.br',	'59648277652',	's',	'1972-03-22',	4),
(488,	'Rodrigo Escobar Matias Filho',	'sabrina37@delatorre.com.br',	'20510957706',	's',	'1972-07-16',	3),
(489,	'Paulo Verdugo',	'gvaldez@gmail.com',	'43901700419',	's',	'1992-02-16',	2),
(490,	'Dr. Hernani Sérgio Zambrano',	'kcorreia@serna.org',	'80364506440',	'n',	'1998-02-03',	2),
(491,	'Dr. Amélia Pedrosa Sobrinho',	'tsanches@galhardo.net',	'17373659419',	'n',	'1993-04-14',	2),
(492,	'Mateus Verdara Perez Jr.',	'alan.darosa@azevedo.net.br',	'53555411384',	's',	'1982-08-11',	3),
(493,	'Hugo Beltrão Branco',	'ketlin91@gomes.net',	'76864982405',	's',	'2013-07-24',	4),
(494,	'Sra. Mel Verdugo',	'estevao.colaco@hotmail.com',	'42564035300',	'n',	'1975-10-17',	2),
(495,	'Joaquin Perez Zamana',	'ferreira.renata@rosa.com',	'88408825863',	's',	'2007-11-16',	3),
(496,	'Jerônimo Ferraz',	'luana.bezerra@jimenes.com.br',	'74898966029',	'n',	'1984-11-24',	2),
(497,	'Sr. Hernani Aranda',	'ziraldo.mascarenhas@prado.com.br',	'49506428283',	'n',	'2000-08-22',	3),
(498,	'Teobaldo Fidalgo Sobrinho',	'noeli.ortiz@r7.com',	'94341238071',	'n',	'2005-11-24',	2),
(499,	'Suzana Tamoio',	'samuel.ferminiano@gomes.net.br',	'91988402269',	's',	'2004-10-18',	3),
(500,	'Paula Lozano Quintana Filho',	'nreis@barreto.com.br',	'83098800559',	'n',	'2004-09-09',	3),
(501,	'Salomé Lira Quintana',	'tomas.mares@goncalves.net.br',	'41588273015',	'n',	'1994-02-10',	4),
(502,	'Gabriela Madalena Gomes',	'cordeiro.laura@yahoo.com',	'83775058416',	'n',	'1986-06-15',	3),
(503,	'Sra. Sophie Daniela Ferreira Jr.',	'balestero.alma@faria.com',	'25249944063',	's',	'1972-10-24',	2),
(504,	'Dr. Alexandre Ramires Rios Sobrinho',	'montenegro.camila@terra.com.br',	'39098011092',	's',	'1978-09-07',	1),
(505,	'Sra. Rebeca Matias Ferreira Sobrinho',	'grego.michele@gomes.com',	'55500297863',	'n',	'1981-05-25',	3),
(506,	'Dr. Antônio Hernani Rodrigues Sobrinho',	'delgado.ariadna@terra.com.br',	'51096244310',	's',	'1973-03-27',	4),
(507,	'Samuel Galindo Serna',	'tlozano@rios.com',	'94906781800',	'n',	'2017-09-13',	3),
(508,	'Dr. Mia Nicole Romero Jr.',	'jorge.guerra@caldeira.net.br',	'84386009806',	's',	'1992-03-18',	1),
(509,	'Dr. Josué Zaragoça',	'rteles@aguiar.org',	'32625571805',	'n',	'1983-07-12',	1),
(510,	'Dr. Fátima Gil Campos Filho',	'vale.fabiana@gmail.com',	'42420806009',	's',	'2012-02-11',	3),
(511,	'Bruno Máximo Branco Jr.',	'clara.zamana@ig.com.br',	'17948400066',	'n',	'2011-09-30',	1),
(512,	'Gian Pedro Lovato Filho',	'alan.desouza@tamoio.com',	'17743937787',	's',	'2009-12-14',	1),
(513,	'Antonieta de Oliveira Salas',	'nadia.darosa@hotmail.com',	'13512548212',	'n',	'1977-07-19',	3),
(514,	'Matias Cruz Pereira Jr.',	'carolina96@gmail.com',	'72028306014',	'n',	'1994-08-25',	1),
(515,	'Joaquin da Silva Rodrigues Sobrinho',	'xverdugo@ferreira.org',	'35107932151',	'n',	'1992-08-04',	2),
(516,	'Júlia Meireles Pontes',	'tomas.romero@duarte.com.br',	'71400602385',	'n',	'2002-03-23',	2),
(517,	'Sr. Dante Rodrigo Mendes',	'cvega@uol.com.br',	'49520533685',	'n',	'1984-05-07',	4),
(518,	'Srta. Taís Emília Gusmão Sobrinho',	'isabella31@aguiar.br',	'69226577095',	's',	'1997-07-29',	4),
(519,	'Eduardo D\'ávila',	'zaragoca.luara@ferreira.net',	'56272490709',	's',	'1978-01-26',	3),
(520,	'Sra. Agustina Batista Ferminiano Jr.',	'nramires@deoliveira.br',	'25003525163',	's',	'1984-04-13',	3),
(521,	'Sr. Fernando Daniel Assunção',	'rebeca59@ig.com.br',	'71669290368',	's',	'1981-10-12',	1),
(522,	'Mariana Andrea Espinoza',	'wsanches@padilha.com',	'81629491993',	's',	'1994-06-30',	4),
(523,	'Sra. Isabella Reis Mendes',	'dasdores.isadora@galhardo.com',	'41428574961',	's',	'1977-07-10',	1),
(524,	'Simon Marin Sobrinho',	'flores.suzana@dasdores.com.br',	'66076764836',	's',	'1994-10-11',	1),
(525,	'Sr. Paulo Martines Sobrinho',	'valeria.quintana@camacho.com.br',	'55322634079',	's',	'1977-02-13',	1),
(526,	'Mel Ferreira Aguiar Filho',	'perez.cristovao@franco.com.br',	'90387493046',	's',	'1984-12-29',	3),
(527,	'Isaac Dante Marinho Jr.',	'rortega@valentin.org',	'86791394315',	's',	'2007-02-18',	2),
(528,	'Dr. Luciano Jácomo Ramos Neto',	'luzia.lutero@uol.com.br',	'68337879483',	's',	'2016-09-24',	4),
(529,	'Nicole Sofia Paes Neto',	'santiago.christopher@hotmail.com',	'75942367673',	'n',	'1990-01-03',	3),
(530,	'Dr. Daniela Mascarenhas Fonseca',	'laura45@colaco.com.br',	'47086483989',	'n',	'2007-06-29',	3),
(531,	'Sr. Fernando Jorge Grego Sobrinho',	'delvalle.luara@ig.com.br',	'46145249027',	'n',	'2003-07-14',	3),
(532,	'Henrique Matias Estrada',	'thiago73@pena.net',	'74422721336',	's',	'1973-02-24',	1),
(533,	'Valentina Michele Solano',	'mpaz@barreto.com',	'13037621197',	'n',	'1997-02-25',	3),
(534,	'Renata Violeta Leal',	'joana.barros@gmail.com',	'78704092158',	'n',	'2015-03-16',	2),
(535,	'Valentin Escobar',	'melissa.jimenes@vieira.com',	'27129916641',	's',	'1996-01-13',	3),
(536,	'Sr. Emiliano Lucas Medina',	'gmaldonado@uol.com.br',	'81326444619',	'n',	'1999-03-08',	2),
(537,	'Sr. Rodrigo Chaves',	'violeta.lovato@ig.com.br',	'62761186948',	'n',	'2007-12-23',	2),
(538,	'Dr. Ashley Clara Garcia Jr.',	'allison87@terra.com.br',	'44331540716',	's',	'1982-01-19',	1),
(539,	'Sr. Fábio Salas',	'guilherme.serna@gmail.com',	'28711046376',	's',	'1982-06-18',	1),
(540,	'Júlia Marin',	'natal.leon@gmail.com',	'88495785552',	's',	'1985-12-04',	4),
(541,	'Gabriela Aguiar',	'sophie.queiros@romero.com.br',	'23643067805',	'n',	'2008-03-11',	4),
(542,	'Dr. Teobaldo Mendonça',	'zaragoca.paula@fidalgo.net.br',	'67729329592',	'n',	'1980-09-22',	3),
(543,	'Catarina Luara Oliveira Jr.',	'alan97@terra.com.br',	'55471006883',	'n',	'1989-11-04',	4),
(544,	'Madalena Salas Caldeira',	'fernando.mendonca@vila.com',	'15465177977',	's',	'1989-06-10',	1),
(545,	'Lucas Maia Sobrinho',	'jvega@lovato.org',	'17160792564',	's',	'1972-01-31',	1),
(546,	'Srta. Renata Reis Furtado',	'aragao.adriana@r7.com',	'38680803454',	'n',	'1987-06-02',	2),
(547,	'Evandro Soares Filho',	'paulina.neves@prado.org',	'81620383001',	's',	'2004-09-25',	1),
(548,	'Jasmin Catarina de Souza Neto',	'elizabeth03@ig.com.br',	'76115853833',	'n',	'1982-07-17',	2),
(549,	'Sr. Hernani Delatorre Sepúlveda Filho',	'jorge.vila@rosa.com',	'63154198294',	's',	'1988-02-04',	3),
(550,	'Dr. Guilherme Bruno Padilha',	'ferreira.beatriz@matias.com.br',	'34471149411',	's',	'1971-03-15',	3),
(551,	'Dr. Anderson Thales Leon Jr.',	'wgalhardo@yahoo.com',	'27252662824',	's',	'1976-09-07',	3),
(552,	'Vitória Serra Pacheco',	'leandro93@rocha.net',	'11038249204',	's',	'2000-04-17',	4),
(553,	'Jácomo Eduardo Roque',	'fabiana70@dasneves.net.br',	'65108678825',	'n',	'1998-05-29',	2),
(554,	'Sr. Máximo Henrique Fontes',	'arico@escobar.org',	'48078557373',	's',	'1999-07-12',	4),
(555,	'Srta. Isadora Violeta Mascarenhas Filho',	'dmeireles@solano.com.br',	'75592431891',	's',	'1979-02-25',	3),
(556,	'Matias Gabriel Cruz Sobrinho',	'valentin14@terra.com.br',	'35434599057',	's',	'1998-10-16',	4),
(557,	'Dr. Rafaela Catarina Marinho Jr.',	'josefina.verdara@r7.com',	'20202418551',	'n',	'2008-11-25',	4),
(558,	'Dr. Agostinho Escobar',	'antonio.camacho@bittencourt.org',	'25738842538',	'n',	'1980-12-04',	1),
(559,	'Dr. Pablo Garcia Roque',	'ricardo68@flores.com.br',	'17034261953',	's',	'1985-05-03',	1),
(560,	'Isadora Jimenes Delatorre',	'luna33@hotmail.com',	'61215801797',	'n',	'2006-05-07',	2),
(561,	'Dr. Diego Benites Mendes',	'chaves.mel@uol.com.br',	'58315104101',	's',	'1994-12-17',	1),
(562,	'Valentin Lovato Rezende Sobrinho',	'vieira.hortencia@terra.com.br',	'17111994172',	's',	'2010-08-15',	3),
(563,	'Noelí D\'ávila Zambrano Sobrinho',	'isabel32@r7.com',	'81244517089',	'n',	'1979-01-03',	3),
(564,	'Srta. Jasmin Allison Delatorre',	'gian.lovato@yahoo.com',	'20169574902',	's',	'2009-03-16',	3),
(565,	'Taís das Neves Jr.',	'delatorre.micaela@corona.br',	'59434812245',	'n',	'1979-03-05',	4),
(566,	'Dr. Máximo Dante Montenegro',	'isabella.batista@ig.com.br',	'94517293032',	's',	'1984-08-03',	1),
(567,	'Carolina Ornela Abreu Sobrinho',	'smarinho@r7.com',	'62999753849',	's',	'2008-07-05',	4),
(568,	'Sr. Leonardo Pablo Leon',	'isabel57@gmail.com',	'23277752278',	'n',	'2006-08-09',	4),
(569,	'Sra. Luana Zamana Ferraz Neto',	'jasmin17@flores.com',	'77698648925',	's',	'2006-10-08',	1),
(570,	'Ariadna Ana Reis Neto',	'rezende.ivana@dasilva.com.br',	'14197570020',	'n',	'1987-06-13',	1),
(571,	'Sra. Paula Padilha',	'esteves.jeronimo@sepulveda.net.br',	'79273573495',	's',	'2000-11-20',	4),
(572,	'Dr. Emílio Tomás Pacheco',	'joana70@benites.net.br',	'87743775323',	's',	'1981-04-08',	2),
(573,	'Dr. Vitória Colaço Ávila Jr.',	'meireles.tessalia@terra.com.br',	'26473381738',	's',	'1998-07-26',	1),
(574,	'Francisco Everton Soares Jr.',	'simao09@davila.net',	'77454580226',	'n',	'1985-03-22',	4),
(575,	'Tessália Alma Mascarenhas',	'carmona.elizabeth@terra.com.br',	'23144479054',	'n',	'1977-05-14',	4),
(576,	'Samuel Pedro Lovato Neto',	'padrao.luara@molina.net.br',	'62480796151',	'n',	'1978-09-04',	4),
(577,	'Antonieta Ferreira Torres Neto',	'alma29@hotmail.com',	'46486669047',	's',	'1997-12-05',	3),
(578,	'Dr. Emílio Henrique Padilha',	'anderson89@carmona.net',	'67330103442',	'n',	'2000-01-14',	2),
(579,	'Vicente Lira',	'miranda34@camacho.net.br',	'42966406508',	's',	'1985-08-17',	1),
(580,	'Julieta Isabel Cruz Filho',	'alira@solano.br',	'44690912091',	's',	'2011-03-12',	4),
(581,	'Vitória Sanches Duarte',	'emilia.barros@meireles.br',	'51928309467',	's',	'2002-11-06',	2),
(582,	'Dr. David Ferreira da Silva',	'mgarcia@valencia.com.br',	'36666127489',	's',	'1992-05-30',	4),
(583,	'Salomé Medina Toledo',	'pazevedo@hotmail.com',	'54184157345',	'n',	'2009-11-01',	1),
(584,	'Srta. Rafaela Medina',	'fontes.aaron@bonilha.net',	'70399282714',	'n',	'1996-08-28',	4),
(585,	'Samuel das Dores Sobrinho',	'vdasneves@terra.com.br',	'29722219770',	'n',	'2004-02-03',	4),
(586,	'Benjamin Ávila',	'gustavo.urias@galindo.com',	'11207503089',	'n',	'2008-07-02',	2),
(587,	'Sr. Cristóvão Leon Corona',	'cristovao78@hotmail.com',	'57926446190',	'n',	'2001-02-12',	3),
(588,	'Tábata Fabiana Barreto',	'kserna@yahoo.com',	'55608196342',	's',	'2000-04-29',	1),
(589,	'Carlos Ortiz Sobrinho',	'galindo.sofia@mascarenhas.com.br',	'87727871038',	'n',	'2013-09-04',	1),
(590,	'Joana Bezerra Gusmão',	'amelia.marin@ig.com.br',	'41763490415',	'n',	'2017-10-03',	3),
(591,	'Amanda Molina Sobrinho',	'gian68@aragao.com',	'40988779142',	's',	'1993-10-11',	2),
(592,	'Srta. Beatriz Estrada Sobrinho',	'ozambrano@ig.com.br',	'55385130387',	'n',	'1971-08-28',	3),
(593,	'Manuela Solano Queirós Filho',	'manuel68@serna.org',	'56899923309',	'n',	'1983-05-11',	3),
(594,	'Nádia Amélia Rosa',	'isadora.galvao@aragao.com',	'23699335018',	's',	'2012-08-31',	2),
(595,	'Valentin Santacruz Escobar Sobrinho',	'zespinoza@mendes.br',	'58416321366',	'n',	'2001-12-07',	4),
(596,	'Sra. Mia Carolina Ortiz Neto',	'henrique42@hotmail.com',	'87158520920',	's',	'2005-05-25',	4),
(597,	'Sra. Gabriela Fonseca Leon Jr.',	'galhardo.fabiana@gmail.com',	'91169294402',	's',	'1976-07-17',	3),
(598,	'Benjamin Pena',	'laura21@gmail.com',	'52085439390',	's',	'1977-12-27',	2),
(599,	'Sr. Gabriel Lozano Lutero',	'evandro.prado@yahoo.com',	'16901324675',	's',	'2010-08-10',	2),
(600,	'Dr. Diego Urias Neto',	'cruz.antonio@uol.com.br',	'19779011406',	'n',	'1982-12-07',	2),
(601,	'Srta. Luana Luciana Maia Jr.',	'paulo78@gomes.com',	'92745623486',	's',	'2014-03-13',	2),
(602,	'Dr. Kevin Alan Ávila Sobrinho',	'fatima13@gil.org',	'12092266990',	's',	'2008-11-19',	4),
(603,	'Dr. Rodrigo Lira',	'vasques.everton@yahoo.com',	'39138153535',	's',	'2002-11-06',	4),
(604,	'Dr. Natal Matias Matos',	'avila.emiliano@aragao.com.br',	'73061924721',	'n',	'1975-10-09',	2),
(605,	'Dr. Ricardo José de Aguiar',	'ivan31@pontes.org',	'54076129952',	'n',	'1992-12-22',	1),
(606,	'Srta. Ariana Vega',	'gsantiago@salas.com',	'37828564899',	's',	'1993-05-29',	1),
(607,	'Sra. Emília Dias de Aguiar Jr.',	'gbenites@uchoa.com.br',	'98537256265',	's',	'2007-03-04',	2),
(608,	'Julieta Benites',	'reis.renata@caldeira.com',	'96089933030',	's',	'1988-07-30',	2),
(609,	'Dr. Maximiano Dominato Jr.',	'fcamacho@terra.com.br',	'66329765752',	'n',	'1995-10-29',	3),
(610,	'Júlia Medina Guerra',	'pontes.sergio@gmail.com',	'94491464491',	'n',	'2004-03-23',	2),
(611,	'Aaron Rangel Galhardo',	'uestrada@terra.com.br',	'79753204644',	'n',	'1988-03-08',	1),
(612,	'Dr. Gian Emiliano Camacho',	'lutero.tais@franco.org',	'85565489344',	's',	'2011-04-01',	1),
(613,	'Dr. Dante Brito',	'pontes.tais@perez.com.br',	'64414687962',	'n',	'2001-04-28',	3),
(614,	'José Quintana',	'carolina57@yahoo.com',	'40939758545',	'n',	'2006-03-29',	1),
(615,	'Dr. Hugo Simão Toledo Neto',	'ferreira.andres@desouza.br',	'64648716188',	'n',	'1993-03-10',	1),
(616,	'Dr. Leandro Corona Filho',	'kevin.fidalgo@davila.com',	'61380756269',	's',	'2013-08-21',	2),
(617,	'Srta. Rafaela Colaço Delgado',	'pedro97@r7.com',	'97699907450',	's',	'1976-06-25',	4),
(618,	'Ornela Pereira',	'evandro49@grego.net',	'13073012232',	's',	'2010-07-17',	4),
(619,	'Isabella Flores Vasques Jr.',	'marin.agustina@madeira.net',	'95110725616',	'n',	'1980-02-21',	1),
(620,	'Sr. Emanuel Queirós Sobrinho',	'qvieira@esteves.com',	'32542908387',	'n',	'1971-09-26',	4),
(621,	'Tomás Gomes',	'darosa.adriano@padrao.com',	'55025712200',	'n',	'2005-05-07',	4),
(622,	'Sra. Malena Matias Neto',	'isabella55@uol.com.br',	'63752340585',	's',	'1985-03-01',	1),
(623,	'Ashley da Cruz Filho',	'rprado@vasques.org',	'21861961116',	'n',	'2011-04-28',	1),
(624,	'Sr. Sebastião Alonso Rangel',	'agustina51@paes.net',	'16761325476',	'n',	'1989-01-09',	1),
(625,	'Sr. Elias Uchoa Rivera',	'valeria.aranda@yahoo.com',	'78128011873',	'n',	'2002-04-03',	2),
(626,	'Camilo Balestero Filho',	'natalia.sales@marinho.org',	'95477639278',	's',	'2016-06-09',	2),
(627,	'Jorge Estrada Neto',	'horacio94@yahoo.com',	'90622834465',	's',	'1987-02-05',	3),
(628,	'Sr. Adriano Alan Paz Neto',	'ariana04@ferraz.net',	'10737013160',	's',	'1980-07-23',	2),
(629,	'Hortência Sepúlveda',	'tvalencia@ig.com.br',	'94432106828',	's',	'2001-01-15',	3),
(630,	'Sr. Christian Emílio Rico Sobrinho',	'guilherme69@yahoo.com',	'28060270342',	's',	'1983-10-03',	2),
(631,	'Dr. Ziraldo Henrique Velasques Sobrinho',	'delatorre.ariana@gmail.com',	'61469508386',	's',	'1999-08-21',	2),
(632,	'Santiago Valentin Queirós Jr.',	'leonardo.abreu@furtado.com.br',	'94794453652',	's',	'2000-04-29',	3),
(633,	'Srta. Laura Ortega Sobrinho',	'dominato.tessalia@yahoo.com',	'96921634916',	'n',	'1977-01-31',	2),
(634,	'Dr. Thalissa Ortiz Neto',	'carrara.sara@verdugo.com',	'93445941344',	'n',	'2011-08-15',	2),
(635,	'Sra. Mia Roque Filho',	'flores.sergio@yahoo.com',	'65971703799',	'n',	'1987-01-20',	3),
(636,	'Srta. Ariadna Carolina Camacho',	'brico@delgado.com.br',	'70969940368',	'n',	'1998-12-04',	1),
(637,	'Sr. Bruno Rodrigues Filho',	'micaela60@quintana.com',	'12163280695',	's',	'2000-12-01',	1),
(638,	'Dr. Miguel da Cruz Ferminiano Sobrinho',	'juliana64@ig.com.br',	'89508598572',	'n',	'1998-01-05',	3),
(639,	'Jerônimo Soto Jr.',	'julia54@terra.com.br',	'94549799603',	's',	'1979-04-04',	4),
(640,	'Sr. Estêvão de Oliveira',	'ortega.vicente@uol.com.br',	'89916322506',	's',	'1995-03-03',	3),
(641,	'Pâmela Gusmão Faro',	'quintana.alma@maldonado.org',	'50369681539',	's',	'1986-03-15',	3),
(642,	'Daniela Luna Ávila Filho',	'gcervantes@dacruz.org',	'23581712231',	'n',	'2006-06-16',	2),
(643,	'Jorge Valência Lovato',	'santiago88@delatorre.org',	'21996545186',	'n',	'1993-12-31',	1),
(644,	'Silvana Olívia das Neves',	'eoliveira@feliciano.com',	'41494458187',	's',	'1990-01-16',	4),
(645,	'Teobaldo Pedro Leon Filho',	'godoi.manuel@terra.com.br',	'70883650938',	's',	'1994-03-06',	4),
(646,	'Sr. Paulo Luciano Gusmão Jr.',	'lovato.catarina@cortes.com.br',	'90062082000',	'n',	'2016-10-14',	4),
(647,	'Srta. Beatriz Escobar',	'campos.tomas@uol.com.br',	'27773011499',	's',	'1974-03-12',	2),
(648,	'Constância Laura Ortega',	'cabreu@uol.com.br',	'46445187763',	's',	'2017-05-27',	2),
(649,	'Martinho Rangel Marés Jr.',	'hugo.avila@aguiar.org',	'14471563370',	'n',	'1985-02-19',	3),
(650,	'Samanta Paula Aranda Neto',	'reis.samuel@corona.net',	'65485300659',	's',	'1983-04-01',	2),
(651,	'Jerônimo Valência Ramires',	'paz.martinho@burgos.net',	'36689854310',	's',	'2012-08-09',	4),
(652,	'Sr. Henrique Lira Barreto Jr.',	'ivelasques@vasques.com.br',	'29212723565',	's',	'1985-12-19',	2),
(653,	'Ricardo Estrada Neto',	'deoliveira.emilia@vasques.com.br',	'71593295801',	's',	'1998-01-10',	1),
(654,	'Constância Toledo Sobrinho',	'vila.jasmin@ig.com.br',	'63672412056',	's',	'1975-06-08',	1),
(655,	'Carlos Antônio Tamoio Sobrinho',	'brito.jose@yahoo.com',	'19538885261',	'n',	'2008-01-10',	3),
(656,	'Laura Joana Colaço',	'squeiros@hotmail.com',	'58223324692',	's',	'1987-02-15',	3),
(657,	'Srta. Melissa Verdara Brito Neto',	'ian.zaragoca@r7.com',	'64326324849',	'n',	'1994-03-11',	3),
(658,	'Sr. Antônio Aranda',	'isabel49@valentin.org',	'84385987762',	's',	'2002-10-24',	4),
(659,	'Sr. Paulo Antônio Reis',	'roque.luciano@lutero.org',	'67572597810',	's',	'1995-06-01',	3),
(660,	'Sabrina Luciana Beltrão Jr.',	'gomes.pablo@yahoo.com',	'69355103145',	'n',	'1998-08-06',	1),
(661,	'Ivan Everton de Aguiar Sobrinho',	'laura.guerra@terra.com.br',	'44054920184',	's',	'1997-07-09',	3),
(662,	'Dr. Jasmin Ketlin Rangel Jr.',	'martinho.madeira@ig.com.br',	'63207912631',	'n',	'2012-09-16',	4),
(663,	'Dr. Ivan Cervantes Marques Sobrinho',	'tessalia.esteves@gmail.com',	'35946101052',	'n',	'2011-09-26',	4),
(664,	'Tábata Ramos Ferreira',	'pamela.grego@hotmail.com',	'72970931241',	'n',	'1975-01-09',	4),
(665,	'Srta. Thalissa Ariadna Pontes',	'vicente.salas@hotmail.com',	'36224412047',	's',	'1974-09-28',	1),
(666,	'Fernando Adriano de Oliveira',	'bittencourt.salome@gmail.com',	'85793489012',	's',	'2009-06-26',	1),
(667,	'Luzia Vale Ortiz Sobrinho',	'kferminiano@gmail.com',	'88774690027',	's',	'2004-05-22',	4),
(668,	'Sr. Fernando Abreu Filho',	'juliana51@yahoo.com',	'19571648528',	'n',	'1997-02-07',	4),
(669,	'Sra. Constância Lira Delgado Filho',	'delatorre.bruno@r7.com',	'27871968792',	'n',	'1976-06-08',	3),
(670,	'Sra. Hortência Tábata Rocha Neto',	'ogalindo@uol.com.br',	'18629880645',	's',	'2017-08-15',	3),
(671,	'Dr. Camilo Eduardo Duarte',	'fgil@delgado.com',	'71935500074',	's',	'2016-06-28',	1),
(672,	'Dr. Luna Batista',	'samuel81@r7.com',	'92275861022',	'n',	'2000-09-10',	2),
(673,	'Dr. Gabriel de Oliveira Marinho Neto',	'amanda45@terra.com.br',	'63969499436',	's',	'1980-04-03',	3),
(674,	'Sr. Luis Quintana Flores Filho',	'luis16@rangel.com',	'14768457757',	'n',	'2011-04-14',	4),
(675,	'Dr. Valentin Ramos Marques',	'julia96@rosa.com',	'74868312152',	's',	'1984-05-26',	2),
(676,	'Kevin Padilha Neto',	'alessandra.marques@galhardo.br',	'82681989553',	's',	'2009-07-16',	4),
(677,	'Daniel Rios Delatorre',	'andrea.queiros@madeira.org',	'90865061534',	'n',	'1981-04-29',	4),
(678,	'Maitê Ferraz Serra Neto',	'feliciano.guilherme@gmail.com',	'81658666213',	's',	'1986-09-16',	2),
(679,	'Sr. Santiago Giovane Delvalle Sobrinho',	'salgado.mel@ig.com.br',	'10658413665',	'n',	'2016-10-23',	3),
(680,	'Dr. Horácio Neves Barreto',	'delgado.emiliano@flores.com',	'81503243306',	's',	'1985-07-05',	1),
(681,	'Manuel Paz Cortês Filho',	'paula30@desouza.com',	'12917336067',	's',	'1983-04-23',	2),
(682,	'Dr. Maitê Catarina Dias',	'alexa43@soto.com',	'19589049317',	's',	'1976-10-24',	2),
(683,	'Fátima Andrea Caldeira Jr.',	'luciano20@serrano.net.br',	'75398785998',	'n',	'1979-07-11',	2),
(684,	'Isabel Pâmela Soto Sobrinho',	'benjamin73@ig.com.br',	'54878447358',	's',	'2000-08-12',	1),
(685,	'Jerônimo Leonardo Branco Sobrinho',	'tzambrano@fernandes.net',	'12531980248',	'n',	'1980-01-18',	4),
(686,	'Gustavo Rivera Carrara',	'daniel.faro@flores.org',	'44505987945',	's',	'1989-07-02',	4),
(687,	'Ashley Caldeira Meireles',	'hernani38@ramos.com',	'45812874338',	'n',	'1999-03-29',	2),
(688,	'Ashley Marés',	'tabata51@r7.com',	'10655774539',	's',	'2005-10-10',	2),
(689,	'Alonso Rezende Lozano',	'helena.marin@sandoval.com.br',	'61759492941',	'n',	'1977-01-20',	3),
(690,	'Dr. Luciana Oliveira Jr.',	'carla67@ig.com.br',	'86837490298',	's',	'1987-06-27',	2),
(691,	'Evandro Verdugo Leal',	'maia.josue@yahoo.com',	'24386016861',	'n',	'1981-10-25',	2),
(692,	'Hortência Aranda Neto',	'gvega@ig.com.br',	'68043878069',	's',	'2007-05-15',	4),
(693,	'Camila Mendes Neto',	'sofia.matos@carmona.net',	'82989230686',	'n',	'1990-07-20',	2),
(694,	'Srta. Ketlin Catarina Lira',	'gmeireles@burgos.com.br',	'46157937259',	's',	'2003-06-26',	3),
(695,	'Allison Rios Vila Sobrinho',	'andres56@saraiva.com',	'96236349958',	'n',	'1971-03-08',	3),
(696,	'Sra. Isabella Tábata Ortiz Filho',	'fsoto@gmail.com',	'17577535049',	's',	'1979-08-04',	2),
(697,	'Dr. Mário Guerra',	'marques.lucas@yahoo.com',	'96019909060',	'n',	'2007-06-22',	4),
(698,	'Sra. Sofia Michele Serrano Neto',	'hpena@gmail.com',	'14128043600',	's',	'2003-07-25',	1),
(699,	'Sr. Ricardo Serna Tamoio Filho',	'zambrano.francisco@uol.com.br',	'54965696348',	'n',	'1997-07-21',	3),
(700,	'Luciano Emanuel da Rosa Filho',	'giovana42@sandoval.com.br',	'23998397886',	's',	'2008-04-27',	3),
(701,	'Cristóvão Tomás Salas',	'sabrina34@r7.com',	'86175778270',	'n',	'2000-10-30',	2),
(702,	'Mia Paz Santacruz',	'leandro86@oliveira.br',	'86744209229',	's',	'1992-03-12',	1),
(703,	'Dr. Giovane Franco Tamoio',	'helena.maia@yahoo.com',	'77695090221',	's',	'2016-01-07',	1),
(704,	'Dr. Benjamin Mendonça',	'soares.sara@uol.com.br',	'30227117622',	'n',	'2000-01-22',	2),
(705,	'Miguel Quintana',	'salome.rivera@dasdores.com.br',	'89744090656',	's',	'2011-10-22',	2),
(706,	'David Brito da Rosa',	'natal23@ig.com.br',	'99644997105',	's',	'1974-03-21',	4),
(707,	'Dr. Guilherme Gian Santana Neto',	'amelia05@terra.com.br',	'31315833260',	'n',	'1976-08-06',	4),
(708,	'Dr. Amélia Malena Soto Jr.',	'gabriela91@uol.com.br',	'17049481896',	's',	'1984-07-20',	3),
(709,	'Alan Sandoval Sobrinho',	'cruz.mia@soto.com.br',	'77223840891',	'n',	'1989-04-02',	2),
(710,	'Dr. Demian Abreu',	'alan.ferreira@r7.com',	'68841374833',	'n',	'1999-05-07',	3),
(711,	'Santiago Gustavo Sandoval',	'jleon@yahoo.com',	'41114501948',	's',	'1978-09-24',	2),
(712,	'Emílio Martines Barreto',	'lucas.desouza@zambrano.net',	'37448184033',	's',	'1988-10-24',	4),
(713,	'Dr. João Corona Uchoa',	'alessandra42@ortiz.com.br',	'81416617678',	'n',	'2012-04-30',	3),
(714,	'Dr. Rodrigo Santiago Torres Sobrinho',	'matias.alonso@fernandes.org',	'24588064774',	'n',	'2009-08-04',	1),
(715,	'Dr. Rafaela Noelí Rivera Neto',	'natalia74@ortega.net.br',	'78530066958',	's',	'1979-04-02',	1),
(716,	'Pâmela Barreto Tamoio',	'noel.rosa@terra.com.br',	'49608943443',	'n',	'2000-12-04',	1),
(717,	'Sr. Agostinho Chaves Neto',	'kevin.brito@burgos.br',	'88993156915',	's',	'2004-04-23',	3),
(718,	'Josué Paz',	'sergio87@uol.com.br',	'72879672558',	'n',	'1984-02-19',	2),
(719,	'Rafaela Ferraz Rezende Neto',	'alonso.martines@galhardo.com',	'57035941649',	'n',	'1991-02-16',	4),
(720,	'Josefina Batista Neto',	'dasdores.alexandre@montenegro.org',	'91245982320',	's',	'2015-09-28',	2),
(721,	'Madalena Marques Sobrinho',	'beltrao.elias@hotmail.com',	'43827694375',	's',	'2008-02-19',	1),
(722,	'Dr. Joana Domingues Reis',	'mares.isabel@delvalle.net',	'30334436199',	'n',	'1976-06-28',	4),
(723,	'Paulo Gil Faro',	'xpaz@martines.com.br',	'76657352270',	'n',	'2008-07-23',	1),
(724,	'Emílio Dominato Sobrinho',	'yrezende@terra.com.br',	'42031422350',	'n',	'1996-02-22',	4),
(725,	'Dr. Demian Alonso Franco Sobrinho',	'fernando.beltrao@chaves.com.br',	'47207190184',	's',	'2002-12-21',	2),
(726,	'Srta. Ornela Cordeiro',	'hrezende@yahoo.com',	'65903695635',	's',	'1972-05-07',	3),
(727,	'Sr. Natal Gusmão',	'vasques.ian@torres.br',	'36148501047',	's',	'1976-07-22',	3),
(728,	'Sr. Jácomo Simon Escobar',	'pbalestero@barreto.com',	'40014164214',	'n',	'1993-03-18',	2),
(729,	'Srta. Adriana Quintana Neto',	'ricardo04@matias.org',	'40225101388',	'n',	'1978-12-28',	3),
(730,	'Dr. Rafael Christian Montenegro',	'emilio61@hotmail.com',	'96840195758',	's',	'1990-05-30',	4),
(731,	'Pedro Benjamin Maia',	'everton.paes@terra.com.br',	'46503582471',	's',	'1972-03-21',	1),
(732,	'Helena Giovana Barreto Neto',	'itoledo@r7.com',	'10706527382',	'n',	'2004-03-08',	2),
(733,	'Sr. Joaquin Benjamin Assunção Sobrinho',	'ivana20@r7.com',	'58528566029',	'n',	'1994-01-25',	1),
(734,	'Sr. Alan Lozano',	'antonieta73@gmail.com',	'90630521005',	'n',	'2011-12-05',	3),
(735,	'Sr. Anderson Joaquin Fidalgo',	'uvelasques@r7.com',	'12595888068',	's',	'2014-10-21',	4),
(736,	'Srta. Abgail Rico Sobrinho',	'daniela.urias@estrada.com.br',	'37990053370',	's',	'2008-08-03',	1),
(737,	'João Alexandre Guerra',	'anderson99@hotmail.com',	'79871245562',	'n',	'1981-10-12',	3),
(738,	'Emílio Serna Matias Neto',	'casanova.ketlin@terra.com.br',	'35070630544',	'n',	'1978-02-13',	3),
(739,	'Malena Amélia Quintana Filho',	'qferminiano@corona.org',	'20274771894',	'n',	'2016-04-29',	2),
(740,	'Paula Escobar Balestero Neto',	'rezende.bruno@ig.com.br',	'66896341545',	's',	'1983-07-11',	3),
(741,	'Miranda Cordeiro',	'serrano.joana@furtado.com.br',	'41545295729',	'n',	'2016-06-09',	3),
(742,	'Dr. Gustavo Chaves Neto',	'silvana54@chaves.com',	'64534984282',	'n',	'1972-05-07',	2),
(743,	'Fábio Torres Lozano',	'ian42@colaco.org',	'23500521345',	's',	'2016-05-10',	3),
(744,	'Rodrigo Ricardo Ortega Filho',	'melissa54@uol.com.br',	'31237599342',	'n',	'1973-11-17',	3),
(745,	'Dr. Sérgio Dante Rezende Sobrinho',	'emilio.delatorre@uol.com.br',	'46940294965',	's',	'1996-11-27',	4),
(746,	'Sr. Gabriel Carmona',	'kgil@maldonado.net.br',	'21412378419',	'n',	'1973-01-14',	3),
(747,	'Samuel Verdara Jr.',	'vitoria67@ig.com.br',	'17433981294',	'n',	'1983-08-09',	2),
(748,	'Dr. Ivana Jimenes Neto',	'wlovato@uol.com.br',	'74199048448',	's',	'2014-10-15',	3),
(749,	'Srta. Tessália Ortiz Neto',	'evandro.rocha@ramos.br',	'11881979540',	's',	'2014-11-05',	4),
(750,	'Sr. Dante Alexandre Rico Jr.',	'gustavo46@yahoo.com',	'19721212149',	's',	'2000-06-16',	3),
(751,	'Dr. Nádia Brito Sobrinho',	'david.dasilva@ig.com.br',	'67133296523',	's',	'1996-08-22',	1),
(752,	'Sr. Alan Branco Toledo',	'vieira.everton@caldeira.com',	'71876091407',	'n',	'1979-02-10',	3),
(753,	'Sr. David Ivan Paes',	'zfonseca@ig.com.br',	'11012746929',	's',	'2015-04-19',	1),
(754,	'Hugo Jorge Guerra',	'barreto.jose@vale.org',	'41463591535',	's',	'1976-09-02',	4),
(755,	'Sra. Juliana de Oliveira Aranda',	'valentin.violeta@dominato.org',	'95739619894',	'n',	'2001-10-11',	2),
(756,	'Camila Pereira Roque Neto',	'vicente.lutero@cruz.br',	'83946948368',	's',	'2004-02-23',	3),
(757,	'Mateus Uchoa Sales',	'thiago67@ig.com.br',	'78467625174',	's',	'2015-04-24',	1),
(758,	'Sr. Emílio Pereira Vila',	'miguel.casanova@vale.br',	'40488268295',	'n',	'2002-04-10',	1),
(759,	'Srta. Tessália Amanda Aranda Neto',	'ornela.rios@uol.com.br',	'24267441933',	's',	'1989-06-22',	3),
(760,	'Sr. Samuel Burgos',	'samanta.delgado@sanches.com.br',	'98946370212',	's',	'1983-06-30',	2),
(761,	'Valéria Valentin Valentin Jr.',	'emilia.ramires@r7.com',	'19980029435',	's',	'1999-05-24',	2),
(762,	'Srta. Ariana Bonilha',	'wleal@duarte.com',	'93446581680',	'n',	'1979-08-20',	1),
(763,	'Dr. Thales Benites',	'vdelvalle@valdez.net.br',	'37922572595',	'n',	'1985-09-21',	3),
(764,	'Dr. Luana Isadora Ferminiano Sobrinho',	'upaes@barreto.net.br',	'95709911747',	'n',	'2015-05-07',	4),
(765,	'Sr. Hernani Dante Gomes',	'amanda.fernandes@ig.com.br',	'25661722575',	's',	'1992-08-03',	2),
(766,	'Dr. Agustina Maitê Colaço',	'jeronimo98@verdugo.net.br',	'64818992582',	's',	'1986-02-08',	2),
(767,	'Carolina Godói Filho',	'ferraz.nadia@pena.br',	'29550273451',	'n',	'1995-08-19',	3),
(768,	'Dr. Emílio Benjamin Gil Filho',	'ferminiano.manuela@yahoo.com',	'82448374009',	's',	'1981-10-31',	1),
(769,	'Sabrina Sara Perez Sobrinho',	'ysalgado@mares.com.br',	'36998394932',	'n',	'1992-07-18',	4),
(770,	'Sérgio Elias Medina',	'sofia49@r7.com',	'51135376272',	'n',	'1987-05-06',	2),
(771,	'Sr. Joaquin Agostinho Benites Sobrinho',	'nicole30@r7.com',	'24276159950',	'n',	'1973-07-25',	2),
(772,	'David Velasques',	'rezende.samanta@gmail.com',	'20319441696',	's',	'1997-09-23',	4),
(773,	'Dr. Elizabeth Chaves',	'evandro.vila@saraiva.org',	'22983383652',	'n',	'1970-02-17',	3),
(774,	'Sra. Malena Delvalle Delatorre',	'montenegro.sophie@roque.br',	'24363494520',	'n',	'1993-11-25',	3),
(775,	'Micaela Assunção Estrada',	'bvieira@vasques.net',	'32577789928',	'n',	'2009-11-11',	3),
(776,	'Norma Marques',	'ortiz.rebeca@cordeiro.com',	'12131423470',	'n',	'1989-10-20',	3),
(777,	'Dr. Elizabeth Thalissa de Aguiar Sobrinho',	'sara.pacheco@rosa.br',	'61762401796',	's',	'2003-10-08',	3),
(778,	'Dr. Júlia Franco D\'ávila Jr.',	'everton.quintana@uol.com.br',	'95758958160',	'n',	'2007-12-02',	2),
(779,	'Sra. Isabel Cervantes Rivera Filho',	'jacomo.rocha@abreu.org',	'11102487314',	'n',	'1975-02-12',	3),
(780,	'Dr. Kevin Galhardo',	'ferminiano.adriana@yahoo.com',	'51722572552',	's',	'2015-01-02',	2),
(781,	'Dr. Bruno de Souza',	'antonieta99@fernandes.com.br',	'58895925525',	'n',	'2001-02-14',	1),
(782,	'Ana Santiago Sobrinho',	'delvalle.tais@perez.br',	'91467857249',	'n',	'1971-02-23',	4),
(783,	'Sra. Nádia Lozano Sobrinho',	'sara.velasques@yahoo.com',	'38974656132',	's',	'2000-04-16',	2),
(784,	'Giovana Chaves Queirós Neto',	'cferraz@terra.com.br',	'39436065820',	's',	'1982-05-26',	2),
(785,	'Joaquin Pedro Rodrigues',	'lira.thales@ig.com.br',	'86698620058',	'n',	'1988-03-08',	4),
(786,	'Sra. Bianca Meireles',	'nramires@godoi.net',	'45273908786',	's',	'2009-11-10',	4),
(787,	'Dr. Diego Marques',	'valdez.maite@terra.com.br',	'30484829209',	's',	'2012-06-28',	2),
(788,	'Melissa Cortês',	'violeta81@ig.com.br',	'37484224038',	'n',	'2006-05-20',	2),
(789,	'Dr. Andrea Brito Duarte',	'natal48@uol.com.br',	'18114122026',	'n',	'1999-09-16',	1),
(790,	'Sr. Christian Feliciano',	'vdomingues@brito.com.br',	'94006626042',	's',	'1996-08-04',	2),
(791,	'Srta. Isabel Sanches Barreto',	'santacruz.hortencia@prado.com',	'39571892088',	's',	'1973-03-27',	2),
(792,	'Ivan Fonseca',	'nadia.rocha@uol.com.br',	'16040337593',	's',	'2013-12-26',	2),
(793,	'João Galhardo Sobrinho',	'violeta33@terra.com.br',	'90137703404',	's',	'1971-03-18',	1),
(794,	'Jácomo Luis Rios',	'delgado.manuela@lutero.com.br',	'31670553013',	'n',	'1993-07-29',	3),
(795,	'Dr. Dante Vale de Souza',	'dsales@uol.com.br',	'44091558530',	'n',	'1989-09-26',	2),
(796,	'Alonso Gonçalves Meireles Jr.',	'ssalazar@gmail.com',	'17825797046',	's',	'1982-10-18',	1),
(797,	'Sra. Sabrina Sales Jr.',	'colaco.ziraldo@aragao.com',	'70723329982',	'n',	'1977-06-03',	3),
(798,	'Simão Jácomo Chaves',	'zambrano.samanta@barreto.com.br',	'60653782323',	'n',	'1978-11-02',	1),
(799,	'Luciana Joana Marin',	'paula.aranda@rios.org',	'85514413882',	's',	'2012-12-23',	1),
(800,	'Thales Correia',	'david.ferraz@ig.com.br',	'43073429916',	'n',	'1994-02-10',	2),
(801,	'Sr. Pablo Garcia Garcia Jr.',	'quintana.thales@gmail.com',	'95931467325',	'n',	'1983-01-06',	1),
(802,	'Srta. Hortência Quintana Salas',	'ifaro@ig.com.br',	'59093157825',	's',	'1993-05-27',	2),
(803,	'Fábio Paes Ferminiano Jr.',	'ibatista@terra.com.br',	'84477348369',	'n',	'1996-08-04',	4),
(804,	'Dr. Beatriz Ketlin Quintana',	'madalena69@sanches.net',	'40380131015',	's',	'1984-10-01',	4),
(805,	'Sr. Simon Galindo Corona',	'rafaela.valdez@hotmail.com',	'63746621781',	'n',	'1979-03-02',	1),
(806,	'Sr. Carlos Mendonça',	'smendes@galvao.com.br',	'46511004730',	'n',	'1980-05-06',	4),
(807,	'Bruno Eduardo Correia',	'guilherme.guerra@barros.com',	'90152814676',	's',	'2011-10-29',	4),
(808,	'Srta. Natália Romero',	'matias46@leal.br',	'33117662905',	'n',	'1984-04-02',	2),
(809,	'Regina Sara Grego Neto',	'agostinho81@carrara.net.br',	'37129550259',	's',	'2000-11-10',	4),
(810,	'Dr. Emílio Sanches',	'malena.leon@carrara.br',	'34285181048',	's',	'1975-12-25',	2),
(811,	'Henrique Ramires Filho',	'mariana.rico@jimenes.org',	'73078042073',	's',	'1982-02-05',	4),
(812,	'Sr. Inácio Marques',	'jpaes@yahoo.com',	'15966352461',	's',	'2001-02-07',	4),
(813,	'Cristóvão Salazar',	'manuel69@reis.net',	'20016663842',	's',	'2005-11-07',	4),
(814,	'Sra. Thalissa Meireles Ortiz',	'julieta47@ig.com.br',	'30714993630',	's',	'1970-08-23',	3),
(815,	'Emílio Torres',	'felipe.aranda@ig.com.br',	'84730265885',	'n',	'1995-11-23',	2),
(816,	'Pâmela Elizabeth Medina',	'molina.andrea@padilha.net',	'54345406931',	'n',	'1988-05-19',	3),
(817,	'Sr. Cristóvão Martines Neto',	'clara77@ig.com.br',	'93464453238',	'n',	'1973-08-05',	2),
(818,	'Abril Amélia Gonçalves',	'dante53@hotmail.com',	'28684190758',	's',	'1984-03-26',	4),
(819,	'Dr. Júlia Andrea Bonilha',	'crocha@dasilva.com',	'73451534439',	'n',	'1972-01-30',	3),
(820,	'Sra. Ana Irene Ferreira Filho',	'catarina.reis@velasques.com.br',	'88573709130',	'n',	'1996-09-01',	2),
(821,	'Dr. Sebastião de Aguiar',	'isaac54@ig.com.br',	'50643256087',	's',	'1994-10-31',	4),
(822,	'Sra. Jasmin Júlia Delatorre',	'alessandra85@gmail.com',	'33711192761',	's',	'1992-09-07',	2),
(823,	'Maximiano Guilherme Esteves Sobrinho',	'azevedo.jorge@gmail.com',	'47733166133',	's',	'1979-01-16',	4),
(824,	'Dr. Rafael Verdugo Rios Filho',	'mateus86@abreu.com.br',	'70587071124',	's',	'1972-07-14',	2),
(825,	'Dr. Thalissa Valdez',	'beltrao.samanta@gmail.com',	'12798615084',	's',	'1970-07-19',	3),
(826,	'Dr. Bianca Rodrigues Filho',	'jacomo.dias@ramires.com.br',	'50767870345',	's',	'1988-07-18',	1),
(827,	'Ziraldo da Cruz Salgado Neto',	'norma95@hotmail.com',	'40105104804',	's',	'1975-05-21',	4),
(828,	'Noelí Thalissa Lira',	'maximo.sales@yahoo.com',	'98711041742',	'n',	'1975-04-23',	3),
(829,	'Dr. Inácio da Cruz',	'isaac.cervantes@r7.com',	'31743340329',	'n',	'1989-09-10',	2),
(830,	'Dr. Thalissa Garcia Filho',	'ivan30@ig.com.br',	'91399425673',	'n',	'1995-11-15',	2),
(831,	'Simão Benites Jr.',	'erivera@yahoo.com',	'82434752369',	'n',	'2000-10-13',	4),
(832,	'Sr. Gabriel Camacho Vega Jr.',	'hernani.serra@mendonca.com.br',	'38107802639',	'n',	'1977-12-13',	4),
(833,	'Dr. Thales Pacheco Fidalgo Sobrinho',	'balestero.catarina@gmail.com',	'80725099099',	'n',	'1993-10-02',	4),
(834,	'Dr. Daniel Santiago Jr.',	'cramires@toledo.net.br',	'21956076351',	's',	'2009-03-25',	3),
(835,	'Elizabeth Galvão Sobrinho',	'thales56@r7.com',	'93867791173',	'n',	'2003-06-13',	2),
(836,	'Christian Valdez Neto',	'amelia27@neves.com',	'72097678836',	's',	'1989-06-17',	2),
(837,	'Dr. Christopher Vale Neto',	'lpaz@r7.com',	'79695104770',	'n',	'2006-12-17',	2),
(838,	'Christian Bruno Delgado',	'alan92@yahoo.com',	'57355075906',	'n',	'2016-04-24',	2),
(839,	'Sr. Paulo Fábio Rivera',	'esteves.isabella@casanova.com',	'44357721214',	's',	'2013-11-16',	3),
(840,	'Alexa Delvalle Ferminiano Jr.',	'maldonado.noel@ig.com.br',	'38500087233',	's',	'1995-06-11',	4),
(841,	'Dr. Kevin Alonso Maia',	'jose.tamoio@lozano.com.br',	'82813889109',	'n',	'1972-04-08',	3),
(842,	'Dr. Ricardo Leal Neto',	'oflores@campos.net',	'87978859585',	's',	'2003-12-24',	1),
(843,	'Fabiana Renata Bittencourt',	'daniela.salas@reis.org',	'98568899249',	's',	'1991-12-28',	1),
(844,	'Srta. Samanta Zamana Pontes Jr.',	'renata.ferminiano@uol.com.br',	'26534999958',	'n',	'1992-05-24',	1),
(845,	'Srta. Camila das Neves Bezerra Filho',	'assuncao.catarina@gmail.com',	'28957722685',	's',	'2007-09-13',	4),
(846,	'Dr. Gabriel Tomás Neves Neto',	'icarmona@serna.com',	'64961947994',	'n',	'2011-08-17',	2),
(847,	'Gabriel Bittencourt Verdara Sobrinho',	'rebeca81@ig.com.br',	'75226180106',	'n',	'1981-11-10',	4),
(848,	'Sr. Ian Verdara Sobrinho',	'nquintana@darosa.com.br',	'18759718630',	's',	'2006-02-03',	3),
(849,	'Dr. Christopher Correia Marques',	'lfurtado@hotmail.com',	'11031648037',	's',	'2008-12-10',	3),
(850,	'Dr. Christian Faria Sobrinho',	'luciana37@guerra.com',	'48004373004',	'n',	'2008-03-18',	1),
(851,	'Sr. Hernani Molina Sobrinho',	'adriano.lira@hotmail.com',	'89048134321',	's',	'1984-06-07',	3),
(852,	'Ashley Marés Filho',	'agil@terra.com.br',	'32418259722',	's',	'1981-05-27',	1),
(853,	'Dr. Lucas Cordeiro',	'jvega@teles.net',	'88844594722',	's',	'2003-05-29',	4),
(854,	'Benjamin Maximiano Ramos Jr.',	'martinho.correia@salas.com',	'16691643362',	's',	'1975-07-23',	2),
(855,	'Simão Pontes Filho',	'hortencia.rico@dasdores.com.br',	'64218857912',	'n',	'1970-05-31',	1),
(856,	'Kevin Mário Fontes',	'felipe.marques@gil.br',	'52515826774',	's',	'2010-04-07',	3),
(857,	'Dr. Mel Ortiz Ferreira Neto',	'soliveira@branco.net',	'14338154401',	's',	'1990-11-30',	4),
(858,	'Micaela Valentina Quintana',	'benjamin.franco@ig.com.br',	'48852175143',	's',	'1990-12-02',	4),
(859,	'Dr. Luana Madeira Jr.',	'alma55@galvao.org',	'60335143352',	'n',	'2005-05-26',	2),
(860,	'Jasmin Serrano Neto',	'norma.santana@terra.com.br',	'28876030896',	's',	'2010-12-02',	1),
(861,	'Nicole de Oliveira Sobrinho',	'vfernandes@uchoa.com.br',	'51539854942',	'n',	'1994-08-03',	3),
(862,	'Thalissa Brito Prado Sobrinho',	'prado.silvana@gmail.com',	'33139865519',	'n',	'2009-06-21',	4),
(863,	'Dr. Violeta Aragão',	'wespinoza@ig.com.br',	'40427282489',	'n',	'1983-10-29',	4),
(864,	'Isadora Uchoa Mendes Jr.',	'rsantana@yahoo.com',	'38317573512',	's',	'2017-08-13',	1),
(865,	'Simon Alan Velasques',	'gabriel.rosa@ig.com.br',	'44611617694',	'n',	'2005-08-30',	2),
(866,	'Dr. Sophie Rangel Sanches',	'ana17@gomes.br',	'88675522892',	's',	'2008-06-27',	4),
(867,	'Laura Valência Filho',	'casanova.alessandra@hotmail.com',	'44100786922',	's',	'2006-08-18',	4),
(868,	'Lucas Rangel Vega Sobrinho',	'carlos39@r7.com',	'33094475669',	's',	'1977-05-11',	1),
(869,	'Nádia Emília Valentin Filho',	'sabrina.rangel@r7.com',	'47535423669',	's',	'1970-09-28',	4),
(870,	'Dr. Amanda Rangel Jr.',	'cfeliciano@ig.com.br',	'25205192370',	's',	'1988-07-16',	4),
(871,	'João Zamana',	'pdesouza@gmail.com',	'64897324191',	's',	'1973-06-27',	3),
(872,	'Christopher João Ramires',	'valencia.tomas@gmail.com',	'76233106600',	'n',	'1982-04-02',	1),
(873,	'Dr. Emanuel Camacho',	'eferminiano@balestero.com',	'18847248037',	's',	'1986-12-12',	1),
(874,	'Sr. Diego Carmona Rico',	'matias.serna@yahoo.com',	'57609481001',	'n',	'1999-12-21',	4),
(875,	'Rebeca Cordeiro Filho',	'cortes.amanda@gmail.com',	'79515720098',	'n',	'1990-02-13',	3),
(876,	'Agostinho José Leon',	'leonardo.burgos@avila.net.br',	'92490768451',	's',	'1982-01-21',	3),
(877,	'Sr. Emanuel Camilo Balestero',	'emiliano04@madeira.net.br',	'53940961915',	's',	'1985-12-03',	1),
(878,	'Sra. Renata Julieta Grego Neto',	'ian11@ortiz.org',	'62860567905',	'n',	'2009-12-03',	4),
(879,	'Isabel Vale Paz',	'luciano95@prado.br',	'94070794875',	's',	'1992-01-16',	1),
(880,	'Sra. Isabella Josefina Flores',	'verdara.nicole@gmail.com',	'89874582765',	'n',	'2017-11-09',	1),
(881,	'Michele Pedrosa',	'isaac55@ig.com.br',	'25516293453',	's',	'2005-06-12',	3),
(882,	'Ian da Silva Bezerra Filho',	'julieta00@goncalves.com',	'37723530558',	'n',	'2003-09-18',	2),
(883,	'Sra. Micaela Rios Ramos',	'pescobar@uol.com.br',	'98137858076',	'n',	'1999-07-18',	1),
(884,	'Dr. Jerônimo Lira',	'lteles@yahoo.com',	'33680790592',	's',	'1971-05-11',	2),
(885,	'Eduardo Fernandes',	'icampos@gmail.com',	'74451420009',	'n',	'1970-01-27',	4),
(886,	'Dr. Emiliano Paes',	'bortega@pena.org',	'62373169832',	's',	'2002-04-08',	4),
(887,	'Daniel Burgos Gonçalves Neto',	'abreu.evandro@r7.com',	'37510063182',	'n',	'1973-06-20',	2),
(888,	'Mateus das Dores Neto',	'luis.branco@gmail.com',	'76319200815',	's',	'1993-11-18',	2),
(889,	'Srta. Sophie Marés',	'samanta38@ig.com.br',	'22862770203',	's',	'1994-09-09',	1),
(890,	'Dr. Rafaela Benites',	'hernani.fontes@r7.com',	'20131719713',	'n',	'1992-11-06',	3),
(891,	'Hernani Matos Corona',	'acruz@ig.com.br',	'97284103529',	'n',	'2001-04-08',	1),
(892,	'Dr. Hortência Alessandra Mascarenhas Sobrinho',	'qespinoza@r7.com',	'35705696502',	's',	'2011-12-19',	3),
(893,	'Maximiano Feliciano Brito Filho',	'andrea67@rivera.net',	'81982959113',	'n',	'2011-07-24',	4),
(894,	'Elias Caldeira Bittencourt',	'mares.daniela@solano.com.br',	'78483496517',	's',	'1998-05-18',	1),
(895,	'Dr. Máximo Christopher Pena',	'verdugo.julieta@terra.com.br',	'14344881675',	's',	'2006-04-21',	3),
(896,	'Mia Zaragoça Ferraz',	'simao16@medina.com.br',	'10808590883',	'n',	'2011-06-05',	2),
(897,	'Pedro Vasques Salas',	'zamana.manuel@yahoo.com',	'36379784368',	's',	'2003-02-10',	2),
(898,	'Luana Alma Rosa',	'tais58@medina.com',	'12130645462',	'n',	'2003-10-10',	2),
(899,	'Sabrina Dias Neto',	'sebastiao.pontes@uol.com.br',	'87908914908',	's',	'1970-10-26',	2),
(900,	'Fátima Colaço',	'ooliveira@gmail.com',	'29929623343',	's',	'1996-07-14',	1),
(901,	'Vicente Toledo Aragão',	'rafael.estrada@fonseca.com',	'66353562520',	'n',	'1990-07-06',	3),
(902,	'Horácio Ian da Silva',	'maximo.uchoa@hotmail.com',	'97210135119',	'n',	'2017-06-09',	2),
(903,	'Dr. Sophie Mia Sepúlveda Sobrinho',	'rangel.elizabeth@yahoo.com',	'12884910968',	'n',	'1981-05-27',	4),
(904,	'Srta. Luna Carolina Rezende Neto',	'alma.cordeiro@hotmail.com',	'56479455195',	's',	'1978-02-08',	4),
(905,	'Manuel Marin',	'jdesouza@uol.com.br',	'86162533564',	's',	'2010-08-02',	3),
(906,	'Máximo Fernando Serrano',	'fidalgo.dante@beltrao.net.br',	'34743394507',	'n',	'1982-02-18',	4),
(907,	'Aaron Barreto Sobrinho',	'msantiago@martines.com.br',	'34256704621',	's',	'2009-12-05',	2),
(908,	'Sr. Franco Emanuel da Cruz Neto',	'rodrigo47@gmail.com',	'43750846069',	's',	'1979-07-11',	1),
(909,	'Srta. Laura Mendes Correia Filho',	'gian.romero@gmail.com',	'69762935289',	's',	'2006-06-11',	3),
(910,	'Elizabeth Gomes Filho',	'julieta.pereira@perez.org',	'15420438856',	's',	'2011-05-24',	1),
(911,	'Tessália Guerra',	'ian22@serra.com.br',	'95895820516',	's',	'2011-02-06',	4),
(912,	'Hernani Ferraz',	'paes.luciana@gmail.com',	'61025330298',	's',	'2015-01-23',	3),
(913,	'Sr. Antônio Galindo Balestero',	'olivia.estrada@uol.com.br',	'35763796167',	's',	'2009-11-13',	3),
(914,	'Leandro Diego Rangel',	'molina.everton@gmail.com',	'49253523508',	's',	'1979-06-21',	1),
(915,	'Luciano Sales Vale',	'assuncao.jose@uol.com.br',	'12347501097',	's',	'1991-05-08',	2),
(916,	'Dr. Alexandre Pereira Mendes Sobrinho',	'delvalle.manuela@barros.com',	'57632069014',	'n',	'1981-10-16',	4),
(917,	'Rafaela Dias Batista Sobrinho',	'olivia.paes@ig.com.br',	'61592932161',	'n',	'1988-08-01',	2),
(918,	'Srta. Natália Camila Santacruz Filho',	'paulina.valentin@paes.net',	'72272549518',	's',	'1999-03-05',	2),
(919,	'Diego Estêvão Valdez',	'vferminiano@gmail.com',	'73305996940',	's',	'1991-06-19',	4),
(920,	'Sr. Hernani Adriano Matos',	'benjamin87@yahoo.com',	'66904321997',	'n',	'1997-03-20',	2),
(921,	'Sr. Tomás da Silva Jr.',	'dasneves.alexandre@ig.com.br',	'32787062497',	'n',	'2005-12-02',	3),
(922,	'Demian D\'ávila',	'zambrano.francisco@salas.br',	'16872783834',	'n',	'2000-02-04',	1),
(923,	'Dr. Natália Julieta Assunção',	'ariana49@mendes.com.br',	'30437078345',	'n',	'2010-11-26',	3),
(924,	'Luara Furtado da Cruz Sobrinho',	'escobar.isabel@dominato.org',	'38228312782',	'n',	'2004-10-19',	3),
(925,	'Pâmela Batista Duarte',	'beatriz.rios@gomes.com.br',	'81930434922',	's',	'2009-05-11',	2),
(926,	'Sr. João Torres Domingues Filho',	'francisco.reis@darosa.net.br',	'62138658892',	'n',	'1978-03-11',	4),
(927,	'Sra. Suzana Constância Guerra Sobrinho',	'sophie13@batista.org',	'89327379814',	's',	'2010-07-09',	3),
(928,	'Sra. Valéria Vasques Rios Jr.',	'francisco.ortiz@sales.br',	'93457758361',	'n',	'1985-09-17',	1),
(929,	'Dr. Isabel Faria Delvalle Filho',	'ketlin.cruz@gmail.com',	'64074449455',	'n',	'2001-05-12',	2),
(930,	'Dr. Allison Rodrigues Escobar Sobrinho',	'xvila@uol.com.br',	'17154322993',	'n',	'2007-04-07',	3),
(931,	'Dr. Allison Amanda Soares Sobrinho',	'giovane77@r7.com',	'90753653091',	's',	'1970-10-02',	4),
(932,	'Dr. Laura Bezerra',	'savila@delvalle.net',	'85314118582',	's',	'1985-03-03',	2),
(933,	'Dr. Clara Saraiva Soares',	'leon.guilherme@velasques.com',	'13493373645',	'n',	'2000-12-23',	4),
(934,	'David Benjamin Gusmão',	'hortencia.salgado@gmail.com',	'28291577761',	'n',	'2007-07-29',	1),
(935,	'Antonieta Gomes Lutero',	'estevao.mascarenhas@teles.net.br',	'11602865853',	'n',	'2002-11-07',	4),
(936,	'Laura Batista Guerra Sobrinho',	'dasilva.bruno@toledo.org',	'72527071707',	'n',	'2004-05-12',	1),
(937,	'David Espinoza Queirós Filho',	'darosa.josefina@ig.com.br',	'50957753602',	'n',	'1980-07-05',	3),
(938,	'Júlia Fátima Faria',	'olivia.assuncao@deaguiar.com.br',	'50247064228',	'n',	'1979-11-16',	2),
(939,	'Sr. Sérgio Oliveira Carmona Neto',	'asoto@salas.com',	'46789236683',	's',	'1987-04-24',	2),
(940,	'Ana Norma Camacho',	'xortega@uol.com.br',	'81048873034',	'n',	'1981-01-07',	2),
(941,	'Srta. Michele Ferreira Oliveira Jr.',	'zsantacruz@ig.com.br',	'90112158423',	'n',	'1980-10-19',	1),
(942,	'Alonso Dominato Ferreira Neto',	'maximiano.galvao@saraiva.net.br',	'35004724813',	's',	'1975-10-31',	1),
(943,	'Mia Jimenes Godói',	'ornela81@r7.com',	'32581515936',	'n',	'1999-12-23',	1),
(944,	'Srta. Allison Suzana Ávila Neto',	'emascarenhas@uol.com.br',	'71244694334',	'n',	'2005-01-03',	4),
(945,	'Srta. Michele Salomé Burgos',	'hvelasques@esteves.com',	'92316965456',	'n',	'1993-05-20',	4),
(946,	'Amélia Gil Jr.',	'salazar.cristovao@montenegro.com',	'67263630172',	'n',	'2002-08-10',	4),
(947,	'Aaron Espinoza',	'agostinho39@ig.com.br',	'54060617731',	's',	'1970-12-26',	3),
(948,	'Sr. Daniel Vega Jr.',	'pvila@deoliveira.com',	'33037539999',	'n',	'1979-10-19',	1),
(949,	'Srta. Helena Matias',	'gtorres@ig.com.br',	'76124886255',	'n',	'1999-05-24',	2),
(950,	'Abril Soto',	'evandro58@saraiva.br',	'70267462073',	's',	'2016-07-08',	4),
(951,	'Srta. Paula Renata Ferraz Neto',	'neves.christopher@hotmail.com',	'31670892313',	'n',	'2000-12-26',	1),
(952,	'Srta. Micaela Camacho Sobrinho',	'martinho.rangel@serna.com',	'31985267871',	'n',	'2010-09-07',	3),
(953,	'Dr. Christian Teles',	'everton.domingues@uol.com.br',	'64227111404',	's',	'2002-06-03',	1),
(954,	'Dr. Noel Sepúlveda Ferreira',	'antonio.salas@marinho.br',	'73908647648',	's',	'2004-06-17',	3),
(955,	'Luna Flores da Silva',	'jrocha@camacho.br',	'40828219680',	'n',	'2010-01-05',	4),
(956,	'Sr. Adriano Brito',	'gil.pedro@r7.com',	'20103951557',	'n',	'2007-06-17',	1),
(957,	'Dr. Valentin de Oliveira Corona',	'constancia.uchoa@ortiz.com',	'91494179316',	's',	'2001-12-05',	4),
(958,	'Sra. Adriana Faria Leal Sobrinho',	'balestero.lucas@mares.com.br',	'88145834850',	's',	'2016-10-05',	1),
(959,	'Francisco Serna Leon',	'udeaguiar@desouza.com',	'22414817619',	'n',	'1979-09-17',	2),
(960,	'Dr. Luana Romero Furtado Jr.',	'galindo.mariana@martines.br',	'68917062915',	's',	'1986-06-01',	2),
(961,	'Sra. Ivana Neves Assunção Neto',	'avega@vila.br',	'22841952070',	's',	'2000-12-15',	1),
(962,	'Jorge Lira Salgado Jr.',	'vila.violeta@yahoo.com',	'58889213339',	's',	'1972-08-08',	2),
(963,	'Dr. Inácio Vila Jr.',	'olivia75@ig.com.br',	'22295188331',	'n',	'1980-04-22',	3),
(964,	'Sra. Michele Urias Vale Neto',	'solano.carolina@uol.com.br',	'74289873577',	'n',	'1974-01-12',	4),
(965,	'Sr. Felipe Pereira Soares',	'estrada.eduardo@teles.net',	'39575839964',	'n',	'1989-08-07',	1),
(966,	'Dr. Luzia Alma Ferreira',	'dsalgado@fontes.com.br',	'79879467496',	'n',	'2011-11-06',	2),
(967,	'Noelí Valéria Matos',	'ivan.espinoza@gmail.com',	'24856840809',	's',	'1970-09-13',	1),
(968,	'Pablo Fernandes',	'cordeiro.horacio@santiago.com.br',	'65000140387',	's',	'1973-06-15',	2),
(969,	'Josué Torres Sanches',	'fabiana.santacruz@r7.com',	'46907457476',	's',	'1999-06-10',	2),
(970,	'Madalena Molina Delatorre',	'ana46@soto.com',	'34828797467',	's',	'1991-04-17',	1),
(971,	'Dr. Hortência Amanda Soto',	'manuela.santiago@r7.com',	'30539883016',	'n',	'2008-10-08',	4),
(972,	'Juliana Alma Jimenes',	'eduardo45@gmail.com',	'95517803346',	's',	'1986-04-08',	3),
(973,	'Dr. Leandro Ferraz D\'ávila Neto',	'salgado.ornela@espinoza.com.br',	'76088384576',	's',	'1990-05-27',	2),
(974,	'Sra. Adriana Luzia Perez',	'renata44@quintana.com.br',	'98163869427',	'n',	'1993-10-20',	4),
(975,	'Sr. Alonso Máximo Solano',	'romero.sergio@quintana.com',	'15036294390',	's',	'1982-06-29',	3),
(976,	'Simão Verdara Neto',	'maite36@franco.com.br',	'69457363747',	'n',	'2002-08-26',	3),
(977,	'Srta. Carla Gonçalves',	'pereira.jasmin@fidalgo.org',	'12832677545',	's',	'1977-05-24',	1),
(978,	'Christian Balestero Benites Filho',	'flores.lucas@r7.com',	'63234534435',	's',	'1998-01-22',	3),
(979,	'Dr. Thalissa Marin Sandoval',	'joaquin01@vila.org',	'13318332056',	'n',	'1985-08-30',	2),
(980,	'Vitória Ortega Feliciano Sobrinho',	'vitoria.perez@uol.com.br',	'41065065106',	'n',	'2014-09-04',	4),
(981,	'Julieta Emília Brito Neto',	'jdelatorre@uol.com.br',	'77183872666',	's',	'1998-07-25',	2),
(982,	'Adriano Matias Guerra Filho',	'santiago.nicole@ramires.br',	'72094302899',	'n',	'1986-03-19',	4),
(983,	'Srta. Paula Sabrina Perez',	'cervantes.mel@galvao.com',	'64986181668',	'n',	'1977-12-26',	4),
(984,	'Sra. Julieta Vale Cruz',	'jacomo.madeira@flores.net',	'58699009306',	'n',	'1973-04-06',	1),
(985,	'Sra. Olívia Campos Fontes',	'odelgado@carmona.com.br',	'82308721947',	'n',	'1988-05-02',	4),
(986,	'Srta. Sara Thalissa Romero Neto',	'delatorre.alexandre@uol.com.br',	'16476307702',	'n',	'2000-07-07',	2),
(987,	'Sr. Jorge Estrada Jimenes Neto',	'amadeira@ig.com.br',	'77336997170',	's',	'1996-12-07',	2),
(988,	'Dr. Miranda Soto',	'emilia.mendonca@gmail.com',	'20343461842',	's',	'2013-09-14',	3),
(989,	'Dr. Violeta Sofia Valdez',	'deaguiar.manuela@mendonca.br',	'39815848260',	'n',	'1988-08-17',	3),
(990,	'Anderson Mascarenhas Sanches',	'gustavo98@uol.com.br',	'70960625475',	's',	'1988-12-09',	2),
(991,	'Dr. Joana da Silva',	'oserna@sanches.com.br',	'46181350555',	'n',	'1971-11-08',	1),
(992,	'Felipe Batista Barros',	'hlozano@uol.com.br',	'80679285796',	's',	'1997-11-02',	1),
(993,	'Sra. Constância Serrano Filho',	'guerra.manuela@rico.com',	'61723274234',	'n',	'1987-05-01',	2),
(994,	'Gustavo Padrão Neto',	'alira@ig.com.br',	'25838431450',	'n',	'1986-06-05',	3),
(995,	'Sra. Mariana Verdugo Romero',	'mvega@r7.com',	'60287235327',	'n',	'2000-05-18',	2),
(996,	'Sr. Leonardo Santiago Quintana Jr.',	'sara50@davila.com',	'93200936471',	'n',	'1973-01-11',	2),
(997,	'Sr. Thiago Salgado',	'jeronimo20@velasques.br',	'12558645806',	's',	'2005-05-06',	4),
(998,	'Agustina Padilha Valência',	'jimenes.thalissa@matias.br',	'91856845952',	's',	'1983-09-25',	2),
(999,	'Sr. Mateus Manuel Soto Sobrinho',	'everton.assuncao@terra.com.br',	'44192808819',	's',	'1986-05-31',	1),
(1000,	'Sra. Clara Cruz Escobar Jr.',	'qtorres@neves.com',	'73467096029',	's',	'2009-06-11',	1);

DROP TABLE IF EXISTS `pedidos`;
CREATE TABLE `pedidos` (
  `id` int(11) NOT NULL AUTO_INCREMENT,
  `cliente_id` int(11) NOT NULL,
  `data_pedido` date NOT NULL,
  `data_confirmacao` date NOT NULL,
  PRIMARY KEY (`id`),
  KEY `cliente_fk` (`cliente_id`),
  CONSTRAINT `cliente_fk` FOREIGN KEY (`cliente_id`) REFERENCES `clientes` (`id`)
) ENGINE=InnoDB DEFAULT CHARSET=utf8mb4 COLLATE=utf8mb4_unicode_ci;

INSERT INTO `pedidos` (`id`, `cliente_id`, `data_pedido`, `data_confirmacao`) VALUES
(1,	793,	'1982-08-19',	'1989-09-06'),
(2,	562,	'1997-10-26',	'1991-09-12'),
(3,	962,	'2007-06-12',	'1970-11-27'),
(4,	226,	'1974-06-10',	'1979-02-16'),
(5,	141,	'1983-01-17',	'1976-09-22'),
(6,	204,	'1988-12-08',	'2013-05-11'),
(7,	948,	'1994-09-15',	'2005-10-19'),
(8,	929,	'1977-10-01',	'2014-07-24'),
(9,	366,	'2002-05-14',	'1983-10-09'),
(10,	536,	'1990-01-11',	'1985-11-30'),
(11,	723,	'2011-07-29',	'1986-08-15'),
(12,	660,	'2002-06-24',	'1993-06-11'),
(13,	145,	'1974-11-11',	'2016-08-26'),
(14,	151,	'1994-08-22',	'2015-10-10'),
(15,	360,	'1997-01-14',	'2001-11-03'),
(16,	925,	'1978-12-14',	'1995-02-06'),
(17,	536,	'2007-02-05',	'2017-10-09'),
(18,	246,	'1980-05-02',	'2016-03-07'),
(19,	199,	'2002-08-28',	'1973-05-27'),
(20,	571,	'1996-10-21',	'1988-11-25'),
(21,	779,	'1976-01-29',	'1992-07-28'),
(22,	967,	'1987-12-04',	'2010-04-08'),
(23,	282,	'2002-01-25',	'1993-07-03'),
(24,	382,	'2004-03-09',	'1974-11-18'),
(25,	345,	'2001-06-16',	'1972-10-18'),
(26,	708,	'1996-05-08',	'2017-06-16'),
(27,	584,	'1985-01-24',	'1972-11-06'),
(28,	951,	'1996-10-05',	'1994-02-14'),
(29,	581,	'2000-05-01',	'1988-09-27'),
(30,	497,	'1974-02-17',	'2001-07-11'),
(31,	539,	'1977-02-09',	'1987-01-08'),
(32,	555,	'2004-07-24',	'2010-10-10'),
(33,	715,	'2010-12-24',	'2016-06-09'),
(34,	836,	'1972-05-01',	'1986-02-23'),
(35,	491,	'1986-08-21',	'2012-12-04'),
(36,	174,	'2001-03-11',	'1984-11-14'),
(37,	426,	'1976-10-06',	'1979-10-18'),
(38,	837,	'1994-06-25',	'1979-04-30'),
(39,	657,	'1974-10-08',	'2001-12-02'),
(40,	797,	'1981-01-21',	'2010-06-06'),
(41,	900,	'2017-12-01',	'2003-05-29'),
(42,	740,	'2008-09-25',	'1988-07-22'),
(43,	834,	'2011-06-21',	'1982-07-31'),
(44,	227,	'1992-06-28',	'2015-08-02'),
(45,	915,	'1976-12-20',	'1980-12-02'),
(46,	300,	'1978-02-22',	'2016-06-16'),
(47,	885,	'2011-08-24',	'1971-03-07'),
(48,	284,	'2007-09-11',	'2016-12-24'),
(49,	832,	'2015-11-03',	'2016-05-23'),
(50,	638,	'2012-04-16',	'1988-07-01'),
(51,	498,	'1982-07-02',	'2010-12-25'),
(52,	297,	'1978-02-23',	'2001-10-12'),
(53,	545,	'2014-05-25',	'2006-01-17'),
(54,	470,	'1984-03-20',	'1977-07-10'),
(55,	521,	'1983-06-24',	'1976-12-06'),
(56,	912,	'1978-01-07',	'1976-01-31'),
(57,	826,	'1995-02-25',	'1973-10-04'),
(58,	867,	'1975-05-23',	'1997-08-11'),
(59,	808,	'1976-01-06',	'1995-10-11'),
(60,	163,	'1981-09-27',	'1974-08-14'),
(61,	265,	'2013-10-19',	'2009-07-29'),
(62,	89,	'1981-04-11',	'2003-04-29'),
(63,	183,	'2011-05-21',	'1973-08-19'),
(64,	648,	'1992-10-30',	'1993-01-27'),
(65,	127,	'1990-11-07',	'1995-04-18'),
(66,	202,	'2016-10-31',	'2003-05-29'),
(67,	408,	'2000-05-04',	'1988-01-30'),
(68,	474,	'1988-08-23',	'1977-03-02'),
(69,	587,	'2003-06-26',	'1970-01-01'),
(70,	356,	'1984-03-12',	'1982-11-30'),
(71,	843,	'2003-01-03',	'1975-11-01'),
(72,	667,	'2015-10-06',	'1974-02-27'),
(73,	715,	'2000-01-08',	'1994-11-24'),
(74,	843,	'1980-08-27',	'1972-06-20'),
(75,	722,	'1995-08-13',	'1997-09-12'),
(76,	34,	'2001-08-23',	'2013-09-10'),
(77,	860,	'2014-05-01',	'2001-02-09'),
(78,	790,	'2000-07-14',	'1979-12-28'),
(79,	547,	'1993-05-10',	'2017-04-04'),
(80,	50,	'1972-05-20',	'1973-11-13'),
(81,	728,	'1987-02-18',	'1989-02-20'),
(82,	290,	'1971-06-05',	'1995-10-08'),
(83,	997,	'2006-06-27',	'2010-03-31'),
(84,	622,	'2004-09-03',	'1991-04-01'),
(85,	656,	'1984-03-17',	'2002-07-13'),
(86,	135,	'2017-02-27',	'1979-04-09'),
(87,	123,	'1998-04-22',	'1986-10-22'),
(88,	804,	'1973-10-10',	'2011-03-09'),
(89,	5,	'2004-09-12',	'1983-04-06'),
(90,	658,	'2003-05-29',	'1970-01-14'),
(91,	4,	'2012-09-26',	'1982-02-07'),
(92,	869,	'1983-07-10',	'2017-07-21'),
(93,	262,	'1997-04-15',	'1979-10-12'),
(94,	906,	'1991-01-25',	'2000-11-16'),
(95,	348,	'2011-11-21',	'1972-05-03'),
(96,	729,	'1976-10-12',	'2010-05-17'),
(97,	917,	'1972-10-31',	'2012-11-26'),
(98,	845,	'1980-10-17',	'1975-02-18'),
(99,	657,	'2004-06-17',	'2011-10-07'),
(100,	301,	'1974-09-18',	'2002-04-05'),
(101,	136,	'1997-03-19',	'1982-08-25'),
(102,	13,	'1991-12-21',	'1973-08-31'),
(103,	598,	'2001-12-20',	'1996-08-05'),
(104,	375,	'1990-06-07',	'1984-02-16'),
(105,	168,	'1995-01-09',	'1970-10-29'),
(106,	167,	'1997-11-12',	'2013-04-01'),
(107,	543,	'2004-10-30',	'1979-04-09'),
(108,	803,	'1997-12-05',	'2006-09-16'),
(109,	849,	'2007-07-10',	'1986-08-07'),
(110,	298,	'1992-05-01',	'2017-10-13'),
(111,	811,	'2017-12-18',	'1998-12-06'),
(112,	482,	'1989-09-23',	'1972-04-16'),
(113,	246,	'1985-01-10',	'1993-04-12'),
(114,	828,	'1983-07-06',	'2013-09-12'),
(115,	509,	'1979-07-09',	'1974-05-10'),
(116,	382,	'1970-02-23',	'2015-10-29'),
(117,	576,	'1987-08-27',	'1995-01-23'),
(118,	508,	'1976-03-01',	'1997-06-17'),
(119,	843,	'2011-08-28',	'2008-12-02'),
(120,	100,	'2015-09-01',	'1993-04-02'),
(121,	919,	'2004-06-13',	'1981-11-26'),
(122,	688,	'2015-09-01',	'1998-07-18'),
(123,	557,	'1970-02-13',	'2014-05-29'),
(124,	782,	'1998-10-05',	'2004-08-15'),
(125,	648,	'1977-11-17',	'1973-06-10'),
(126,	670,	'1997-05-08',	'1972-12-25'),
(127,	410,	'1976-10-06',	'1982-04-20'),
(128,	504,	'1999-08-30',	'1998-02-08'),
(129,	767,	'2015-12-25',	'1982-08-27'),
(130,	445,	'1972-05-07',	'2013-05-05'),
(131,	602,	'1971-10-12',	'1976-04-17'),
(132,	114,	'1982-03-31',	'2014-04-14'),
(133,	737,	'1982-06-14',	'1985-03-04'),
(134,	515,	'2005-06-15',	'2005-09-18'),
(135,	707,	'1980-12-30',	'2004-07-29'),
(136,	710,	'2014-10-07',	'1992-10-22'),
(137,	819,	'2015-10-13',	'1986-01-12'),
(138,	78,	'1991-09-19',	'1987-07-15'),
(139,	875,	'2017-11-06',	'2011-07-04'),
(140,	697,	'1970-08-02',	'1986-10-17'),
(141,	565,	'2012-06-14',	'2007-02-12'),
(142,	138,	'2006-05-29',	'2010-10-10'),
(143,	690,	'1998-11-11',	'1971-05-17'),
(144,	313,	'2008-01-13',	'1977-12-11'),
(145,	946,	'2005-06-30',	'1980-11-24'),
(146,	236,	'1982-07-23',	'1975-04-04'),
(147,	413,	'1973-01-03',	'1983-04-29'),
(148,	244,	'1970-11-30',	'2004-01-10'),
(149,	153,	'1982-05-14',	'2008-06-09'),
(150,	348,	'1996-08-22',	'1987-11-12'),
(151,	303,	'2011-07-01',	'1979-01-09'),
(152,	701,	'2010-05-21',	'1988-01-02'),
(153,	329,	'2006-02-08',	'1991-11-26'),
(154,	820,	'1972-02-05',	'1974-01-02'),
(155,	718,	'2002-01-28',	'2009-09-27'),
(156,	451,	'2010-06-26',	'1983-09-03'),
(157,	660,	'2008-08-21',	'1995-11-29'),
(158,	735,	'2003-04-13',	'1984-03-14'),
(159,	347,	'1994-09-05',	'1996-03-17'),
(160,	523,	'1990-01-29',	'1988-02-23'),
(161,	151,	'2010-09-27',	'2007-08-29'),
(162,	990,	'1982-12-27',	'1977-01-06'),
(163,	393,	'1981-09-25',	'1990-11-17'),
(164,	95,	'1989-02-14',	'2006-02-23'),
(165,	294,	'2002-06-26',	'1996-07-16'),
(166,	871,	'1987-07-26',	'2012-02-25'),
(167,	561,	'1990-01-08',	'2008-07-19'),
(168,	513,	'1997-10-04',	'1991-01-17'),
(169,	536,	'2007-12-15',	'1977-06-24'),
(170,	137,	'2000-08-14',	'1978-04-25'),
(171,	691,	'1996-08-06',	'1995-07-27'),
(172,	770,	'2015-01-12',	'2003-06-26'),
(173,	126,	'1988-02-20',	'2017-06-13'),
(174,	621,	'1976-09-22',	'2016-04-08'),
(175,	771,	'1994-04-16',	'1983-06-27'),
(176,	225,	'1993-03-25',	'2017-11-14'),
(177,	788,	'2008-04-25',	'1979-02-19'),
(178,	148,	'1992-04-28',	'1974-02-28'),
(179,	599,	'1972-09-19',	'1971-11-01'),
(180,	366,	'1984-07-19',	'1993-09-14'),
(181,	939,	'1992-08-11',	'2010-09-16'),
(182,	732,	'2016-04-24',	'1993-08-05'),
(183,	488,	'1981-12-11',	'1979-08-25'),
(184,	883,	'2008-06-29',	'1981-05-05'),
(185,	799,	'2015-10-20',	'1976-01-14'),
(186,	807,	'1982-11-14',	'1972-07-27'),
(187,	560,	'1975-02-27',	'1992-07-26'),
(188,	67,	'2012-12-20',	'2011-06-11'),
(189,	564,	'1976-06-04',	'1997-01-10'),
(190,	91,	'1981-08-11',	'1970-06-30'),
(191,	949,	'2003-11-06',	'1978-11-19'),
(192,	699,	'2013-11-01',	'2017-11-27'),
(193,	15,	'2014-10-31',	'2012-03-22'),
(194,	435,	'2007-06-11',	'2001-07-04'),
(195,	157,	'2014-09-02',	'1983-03-24'),
(196,	340,	'2008-04-16',	'2003-03-10'),
(197,	256,	'2000-12-04',	'1973-08-30'),
(198,	228,	'1995-04-12',	'1995-02-24'),
(199,	981,	'1992-09-22',	'1987-12-31'),
(200,	99,	'1988-10-05',	'2004-03-20'),
(201,	258,	'2000-02-12',	'1984-01-21'),
(202,	256,	'1979-09-30',	'1996-11-12'),
(203,	19,	'1980-03-11',	'1974-10-07'),
(204,	52,	'1983-06-07',	'1992-08-15'),
(205,	433,	'1983-03-27',	'1989-03-28'),
(206,	453,	'1994-05-22',	'2006-10-28'),
(207,	868,	'2001-11-12',	'1996-07-26'),
(208,	750,	'2000-07-16',	'1999-09-02'),
(209,	995,	'1983-12-13',	'2016-04-15'),
(210,	45,	'2002-05-19',	'2005-08-26'),
(211,	731,	'1978-05-23',	'2008-01-12'),
(212,	773,	'1988-02-11',	'1993-11-14'),
(213,	133,	'1977-10-26',	'1970-08-28'),
(214,	838,	'1996-09-18',	'2002-04-14'),
(215,	567,	'2017-09-14',	'1985-09-08'),
(216,	679,	'2005-02-03',	'1984-10-14'),
(217,	277,	'2001-04-03',	'1972-09-09'),
(218,	856,	'1971-09-21',	'2004-05-17'),
(219,	855,	'1976-10-14',	'1991-04-01'),
(220,	546,	'2002-10-01',	'1982-08-02'),
(221,	604,	'2007-11-05',	'1974-10-27'),
(222,	842,	'1999-11-23',	'1973-03-11'),
(223,	301,	'2017-08-01',	'1978-10-02'),
(224,	984,	'2010-06-17',	'2014-02-24'),
(225,	248,	'1997-10-03',	'2009-05-05'),
(226,	509,	'1999-07-14',	'2003-06-06'),
(227,	311,	'1988-11-22',	'1971-04-06'),
(228,	210,	'2007-11-04',	'2014-06-12'),
(229,	562,	'1981-11-02',	'1977-09-03'),
(230,	38,	'1981-11-05',	'1997-12-26'),
(231,	218,	'2010-11-28',	'1990-09-15'),
(232,	1000,	'1976-02-23',	'2012-04-01'),
(233,	686,	'2009-11-17',	'1974-04-21'),
(234,	444,	'1997-01-09',	'1986-10-18'),
(235,	676,	'2011-02-13',	'1990-09-08'),
(236,	22,	'1989-05-28',	'2010-10-06'),
(237,	2,	'1975-06-20',	'2017-05-15'),
(238,	997,	'1998-08-22',	'2011-03-30'),
(239,	961,	'1979-05-18',	'2009-12-18'),
(240,	761,	'2010-06-13',	'2016-12-31'),
(241,	227,	'1991-03-08',	'1974-01-10'),
(242,	399,	'2002-01-24',	'1985-08-01'),
(243,	747,	'2014-04-18',	'1990-02-18'),
(244,	900,	'1970-01-01',	'1993-12-21'),
(245,	866,	'1977-02-28',	'1982-06-22'),
(246,	789,	'2010-06-19',	'2017-01-29'),
(247,	214,	'2010-10-11',	'1989-09-04'),
(248,	584,	'2017-04-24',	'1984-11-24'),
(249,	19,	'1970-09-05',	'2011-03-28'),
(250,	447,	'1977-04-04',	'1983-09-16'),
(251,	263,	'1978-09-14',	'2003-04-10'),
(252,	359,	'1987-02-28',	'1975-10-23'),
(253,	687,	'1970-02-25',	'1981-06-19'),
(254,	142,	'1975-06-07',	'2001-08-05'),
(255,	883,	'2012-11-20',	'1979-07-06'),
(256,	608,	'2004-10-10',	'1973-08-09'),
(257,	547,	'1989-05-23',	'1979-02-19'),
(258,	138,	'1989-12-14',	'2009-06-27'),
(259,	366,	'1979-08-18',	'2013-12-12'),
(260,	544,	'1992-09-26',	'1980-02-10'),
(261,	713,	'1993-03-01',	'1979-01-15'),
(262,	171,	'1979-06-01',	'1978-11-08'),
(263,	176,	'1972-12-07',	'2014-12-28'),
(264,	105,	'2011-02-21',	'2016-10-05'),
(265,	974,	'1983-04-10',	'1982-01-19'),
(266,	414,	'2012-07-01',	'2016-09-17'),
(267,	505,	'1988-09-23',	'1970-11-30'),
(268,	981,	'1998-06-24',	'1972-07-06'),
(269,	744,	'1993-10-03',	'1972-08-30'),
(270,	404,	'1983-08-16',	'1995-10-14'),
(271,	135,	'1996-02-29',	'1975-03-07'),
(272,	718,	'2016-12-10',	'1989-03-19'),
(273,	303,	'2006-03-20',	'1999-02-04'),
(274,	996,	'2004-06-13',	'1996-01-11'),
(275,	387,	'1996-08-10',	'2015-09-29'),
(276,	893,	'1983-08-20',	'1979-05-14'),
(277,	905,	'2015-09-01',	'2010-06-21'),
(278,	854,	'2017-12-30',	'1991-08-07'),
(279,	300,	'2005-10-23',	'2002-06-13'),
(280,	368,	'1987-06-08',	'2005-07-23'),
(281,	748,	'2014-12-10',	'1994-09-12'),
(282,	131,	'2016-07-31',	'2005-12-06'),
(283,	103,	'2012-04-18',	'2004-09-04'),
(284,	225,	'2011-06-20',	'1981-01-17'),
(285,	625,	'1974-02-26',	'2002-04-15'),
(286,	378,	'1989-03-21',	'1990-11-09'),
(287,	183,	'2002-09-27',	'1979-03-31'),
(288,	467,	'2014-10-04',	'1997-03-15'),
(289,	934,	'1992-04-24',	'1986-08-19'),
(290,	248,	'1992-01-22',	'1970-11-23'),
(291,	927,	'2009-06-03',	'1979-06-08'),
(292,	796,	'1982-07-05',	'1998-06-03'),
(293,	696,	'1985-07-23',	'1998-09-04'),
(294,	984,	'2015-10-13',	'1996-07-11'),
(295,	870,	'1981-11-12',	'2003-05-29'),
(296,	295,	'1997-10-07',	'2015-07-09'),
(297,	446,	'1985-10-09',	'2009-09-21'),
(298,	229,	'1976-10-15',	'1971-03-23'),
(299,	831,	'1981-08-11',	'1992-08-18'),
(300,	176,	'2017-06-14',	'2005-08-11'),
(301,	130,	'2014-06-10',	'2015-06-06'),
(302,	251,	'1971-05-21',	'1990-08-13'),
(303,	996,	'1974-07-22',	'1992-01-06'),
(304,	113,	'2017-01-14',	'2005-10-30'),
(305,	329,	'1996-01-27',	'1994-08-03'),
(306,	751,	'2002-09-15',	'1993-01-29'),
(307,	396,	'1989-08-03',	'1987-08-17'),
(308,	133,	'2004-05-19',	'1998-05-08'),
(309,	647,	'2016-04-23',	'1978-12-02'),
(310,	759,	'1993-09-05',	'1994-09-21'),
(311,	405,	'1980-01-22',	'2002-01-13'),
(312,	435,	'1975-09-20',	'1982-10-19'),
(313,	448,	'1981-03-17',	'2006-03-27'),
(314,	862,	'2004-06-10',	'2004-06-14'),
(315,	417,	'1978-10-15',	'1970-05-09'),
(316,	311,	'2007-02-09',	'1979-09-20'),
(317,	862,	'2017-02-07',	'1996-04-15'),
(318,	133,	'1985-12-21',	'1976-12-28'),
(319,	87,	'2006-06-26',	'2005-04-17'),
(320,	635,	'1985-10-03',	'1990-11-29'),
(321,	940,	'2002-03-13',	'1981-01-05'),
(322,	144,	'1976-09-07',	'1970-04-18'),
(323,	548,	'1970-12-21',	'1972-05-19'),
(324,	612,	'1978-07-21',	'2005-09-22'),
(325,	848,	'1971-06-28',	'1989-06-20'),
(326,	119,	'1971-09-22',	'1995-07-22'),
(327,	702,	'1991-02-10',	'1987-04-07'),
(328,	119,	'1989-11-11',	'2017-05-16'),
(329,	410,	'1994-05-17',	'1989-06-02'),
(330,	608,	'1979-01-09',	'1994-07-17'),
(331,	299,	'2006-11-25',	'2013-03-21'),
(332,	355,	'2017-09-02',	'1996-09-27'),
(333,	255,	'2008-05-22',	'1990-10-17'),
(334,	33,	'1984-08-08',	'1979-04-07'),
(335,	953,	'2005-04-01',	'2003-03-01'),
(336,	771,	'2000-10-03',	'2011-10-17'),
(337,	70,	'1994-02-05',	'2004-05-02'),
(338,	645,	'2001-11-26',	'1983-06-30'),
(339,	409,	'1976-09-14',	'2009-10-16'),
(340,	40,	'2005-05-04',	'1991-07-18'),
(341,	767,	'1997-02-24',	'1977-11-14'),
(342,	819,	'2006-05-06',	'2014-02-27'),
(343,	635,	'1986-08-27',	'2004-05-09'),
(344,	361,	'1987-05-28',	'1980-11-15'),
(345,	472,	'2011-08-14',	'2011-03-31'),
(346,	604,	'1994-05-17',	'2009-12-06'),
(347,	110,	'1991-01-07',	'1972-01-06'),
(348,	354,	'2003-05-13',	'2008-04-22'),
(349,	426,	'1984-01-31',	'2014-07-15'),
(350,	100,	'1985-09-18',	'2013-07-18'),
(351,	727,	'2001-03-14',	'1999-03-31'),
(352,	143,	'1982-01-05',	'1994-08-11'),
(353,	528,	'1989-09-17',	'2009-06-11'),
(354,	772,	'2000-10-22',	'2004-01-23'),
(355,	671,	'1998-06-26',	'2004-05-16'),
(356,	68,	'2002-08-10',	'2004-04-08'),
(357,	360,	'1988-02-04',	'1985-02-12'),
(358,	170,	'1994-02-11',	'1983-07-22'),
(359,	379,	'2009-11-29',	'2009-03-29'),
(360,	452,	'1983-11-03',	'1981-09-11'),
(361,	990,	'2007-09-22',	'1980-01-12'),
(362,	334,	'1987-04-26',	'1972-09-17'),
(363,	204,	'2008-06-22',	'2010-08-23'),
(364,	212,	'1982-09-27',	'1970-08-13'),
(365,	49,	'1993-06-01',	'1994-08-26'),
(366,	216,	'1990-10-11',	'2013-08-18'),
(367,	797,	'1987-07-22',	'1970-06-04'),
(368,	281,	'1981-07-30',	'1988-12-01'),
(369,	151,	'1984-04-14',	'1995-09-27'),
(370,	798,	'1999-05-31',	'1993-08-01'),
(371,	862,	'1974-10-11',	'2016-09-05'),
(372,	710,	'1977-04-08',	'1987-12-02'),
(373,	451,	'2000-03-09',	'1996-05-14'),
(374,	277,	'1971-05-23',	'2009-02-26'),
(375,	805,	'1974-07-06',	'1973-11-27'),
(376,	863,	'2011-08-26',	'1997-11-22'),
(377,	135,	'1976-06-26',	'2014-11-11'),
(378,	753,	'2002-11-18',	'1992-09-03'),
(379,	932,	'1970-11-29',	'1980-02-02'),
(380,	942,	'1985-11-08',	'2004-02-08'),
(381,	689,	'1977-06-07',	'2010-08-02'),
(382,	584,	'1977-12-31',	'2010-10-15'),
(383,	499,	'1977-02-28',	'2008-03-09'),
(384,	356,	'1997-10-04',	'2016-06-19'),
(385,	214,	'2016-09-26',	'1976-11-04'),
(386,	941,	'1996-09-07',	'2001-05-31'),
(387,	642,	'1989-03-08',	'2009-07-12'),
(388,	160,	'2004-04-10',	'1986-05-21'),
(389,	70,	'1974-04-28',	'2006-07-03'),
(390,	442,	'1986-04-14',	'1984-06-27'),
(391,	8,	'2010-11-02',	'1991-12-03'),
(392,	17,	'1994-11-16',	'2008-03-07'),
(393,	534,	'1980-04-26',	'1978-03-29'),
(394,	575,	'1982-09-24',	'1988-02-05'),
(395,	574,	'2005-04-04',	'1993-09-15'),
(396,	971,	'2011-05-29',	'1994-03-25'),
(397,	807,	'2014-06-07',	'2016-08-04'),
(398,	847,	'2003-09-08',	'1994-06-08'),
(399,	621,	'1995-04-12',	'1978-02-02'),
(400,	421,	'1985-04-24',	'1998-08-27'),
(401,	61,	'2010-10-15',	'1990-11-06'),
(402,	207,	'1973-04-22',	'1981-02-16'),
(403,	947,	'2017-12-02',	'1994-07-31'),
(404,	397,	'2015-03-04',	'1981-04-12'),
(405,	251,	'2002-07-21',	'2004-09-06'),
(406,	421,	'1984-05-06',	'2011-07-25'),
(407,	927,	'1975-08-23',	'1986-03-20'),
(408,	510,	'1990-08-16',	'2012-05-05'),
(409,	356,	'1997-02-10',	'2009-06-09'),
(410,	436,	'1999-12-04',	'1991-03-05'),
(411,	408,	'1992-11-26',	'1985-12-11'),
(412,	753,	'2016-09-26',	'2005-09-05'),
(413,	901,	'2003-07-30',	'2011-07-29'),
(414,	858,	'1989-06-08',	'2005-06-17'),
(415,	506,	'2004-05-14',	'1973-04-18'),
(416,	253,	'1995-09-19',	'1981-12-10'),
(417,	635,	'1999-04-30',	'1993-10-20'),
(418,	725,	'1981-01-01',	'2011-03-11'),
(419,	184,	'1984-01-19',	'1995-09-02'),
(420,	763,	'2001-04-26',	'2016-01-15'),
(421,	860,	'1986-11-15',	'1993-11-25'),
(422,	642,	'2007-02-04',	'1996-05-02'),
(423,	196,	'1991-10-27',	'1984-07-08'),
(424,	8,	'1975-02-14',	'1994-10-23'),
(425,	275,	'2008-01-01',	'1994-12-26'),
(426,	852,	'2012-04-16',	'1987-06-01'),
(427,	613,	'1992-11-07',	'2012-02-14'),
(428,	9,	'1999-11-12',	'1995-09-04'),
(429,	360,	'1983-11-22',	'1970-03-01'),
(430,	884,	'2009-05-09',	'1977-04-16'),
(431,	503,	'2016-03-04',	'1988-06-27'),
(432,	513,	'1992-05-31',	'1981-01-17'),
(433,	432,	'1977-05-27',	'2003-08-11'),
(434,	144,	'1981-08-05',	'1995-08-05'),
(435,	616,	'1984-01-10',	'2001-12-03'),
(436,	437,	'1995-12-07',	'2012-08-01'),
(437,	855,	'1983-11-27',	'1988-03-27'),
(438,	824,	'2016-04-24',	'2004-07-07'),
(439,	97,	'1978-01-09',	'1973-07-02'),
(440,	205,	'2004-05-11',	'2011-11-03'),
(441,	475,	'1992-11-18',	'2007-10-06'),
(442,	16,	'2000-11-09',	'2000-04-16'),
(443,	403,	'2015-02-17',	'2004-08-29'),
(444,	907,	'1994-08-12',	'1988-03-02'),
(445,	501,	'1989-01-18',	'1994-11-23'),
(446,	838,	'1972-12-20',	'1978-12-17'),
(447,	197,	'1971-04-18',	'1983-04-10'),
(448,	741,	'2009-12-16',	'2005-04-27'),
(449,	925,	'1974-11-01',	'1989-12-12'),
(450,	30,	'1982-05-07',	'2007-02-22'),
(451,	92,	'1993-07-29',	'1971-09-06'),
(452,	935,	'1978-10-23',	'2001-06-09'),
(453,	647,	'1973-10-18',	'1972-01-05'),
(454,	492,	'2014-03-04',	'1989-04-07'),
(455,	264,	'1999-11-24',	'2006-03-06'),
(456,	227,	'2004-11-19',	'1973-05-14'),
(457,	750,	'2004-03-18',	'1990-05-17'),
(458,	993,	'1973-09-28',	'1986-01-30'),
(459,	410,	'1989-06-26',	'2010-10-04'),
(460,	524,	'2002-10-13',	'1992-08-16'),
(461,	972,	'1990-04-21',	'1972-04-14'),
(462,	483,	'1986-06-26',	'1992-10-11'),
(463,	664,	'1978-05-14',	'2001-06-24'),
(464,	776,	'2010-09-01',	'1988-11-13'),
(465,	104,	'2005-08-24',	'1981-11-19'),
(466,	588,	'1979-11-19',	'1999-07-28'),
(467,	35,	'2002-12-17',	'1976-07-23'),
(468,	637,	'1974-12-01',	'1974-02-15'),
(469,	795,	'2011-11-30',	'2012-03-20'),
(470,	530,	'2011-01-20',	'2010-02-15'),
(471,	673,	'1971-12-29',	'2004-08-19'),
(472,	472,	'2007-03-23',	'2011-01-06'),
(473,	195,	'2004-06-25',	'1993-03-03'),
(474,	78,	'1996-07-08',	'2008-06-18'),
(475,	898,	'1983-02-19',	'1985-08-02'),
(476,	335,	'2005-03-15',	'2002-09-21'),
(477,	22,	'2015-08-29',	'2015-04-12'),
(478,	657,	'1978-05-17',	'1995-01-20'),
(479,	675,	'2016-09-14',	'1989-03-24'),
(480,	165,	'1979-08-23',	'1979-10-19'),
(481,	689,	'1989-04-29',	'1976-08-21'),
(482,	311,	'2017-08-04',	'1989-01-22'),
(483,	229,	'2012-03-03',	'1983-06-06'),
(484,	243,	'1987-08-07',	'2016-06-21'),
(485,	584,	'2006-07-25',	'2000-11-14'),
(486,	280,	'1998-11-09',	'1997-02-01'),
(487,	357,	'1987-05-26',	'1994-03-17'),
(488,	903,	'2005-02-16',	'1971-09-06'),
(489,	1,	'1997-06-10',	'2000-05-08'),
(490,	297,	'2017-08-20',	'1978-03-20'),
(491,	400,	'1992-12-23',	'1974-07-04'),
(492,	950,	'2004-04-23',	'2001-12-26'),
(493,	859,	'1972-10-29',	'2008-06-25'),
(494,	957,	'1983-05-08',	'2003-04-23'),
(495,	937,	'2004-04-26',	'2002-07-13'),
(496,	415,	'1973-02-11',	'1979-12-29'),
(497,	952,	'2003-03-25',	'1993-12-08'),
(498,	795,	'1995-07-10',	'1991-01-01'),
(499,	733,	'2012-08-30',	'2006-09-09'),
(500,	884,	'1984-03-08',	'1996-10-03'),
(501,	19,	'2007-12-13',	'1981-02-06'),
(502,	499,	'1994-03-26',	'1987-11-30'),
(503,	434,	'2006-09-30',	'2007-11-22'),
(504,	337,	'2005-08-31',	'1997-07-18'),
(505,	389,	'1993-09-19',	'2005-12-12'),
(506,	230,	'1977-08-28',	'2011-08-24'),
(507,	175,	'1986-02-02',	'2015-03-08'),
(508,	866,	'1994-08-20',	'2006-06-03'),
(509,	274,	'2008-04-07',	'1993-05-03'),
(510,	23,	'2011-10-02',	'1999-06-16'),
(511,	563,	'1978-06-25',	'2014-03-24'),
(512,	255,	'1988-08-29',	'1976-02-15'),
(513,	495,	'2017-11-01',	'1994-10-10'),
(514,	414,	'1999-11-24',	'1996-09-26'),
(515,	339,	'1988-10-31',	'1988-05-31'),
(516,	892,	'1995-12-22',	'2011-10-15'),
(517,	721,	'1977-08-27',	'1984-11-07'),
(518,	89,	'2011-03-23',	'2000-10-31'),
(519,	733,	'1992-11-19',	'1983-06-26'),
(520,	286,	'2006-05-23',	'1970-03-18'),
(521,	284,	'1981-10-30',	'1990-12-14'),
(522,	931,	'2005-11-22',	'1985-02-23'),
(523,	685,	'2000-07-01',	'1992-12-03'),
(524,	145,	'1989-08-27',	'1976-04-08'),
(525,	963,	'2017-09-11',	'1974-06-13'),
(526,	700,	'1983-11-15',	'1993-12-08'),
(527,	324,	'1978-05-07',	'1995-10-26'),
(528,	342,	'2000-11-04',	'1971-05-31'),
(529,	855,	'2015-02-02',	'1997-04-26'),
(530,	81,	'2011-07-20',	'1997-08-19'),
(531,	128,	'1996-02-04',	'1997-03-13'),
(532,	637,	'1977-03-28',	'2016-09-10'),
(533,	852,	'1979-11-01',	'1993-04-14'),
(534,	722,	'1976-07-11',	'2009-04-08'),
(535,	905,	'1972-09-13',	'1995-11-20'),
(536,	146,	'1980-03-08',	'1982-07-27'),
(537,	730,	'1974-06-29',	'2003-04-20'),
(538,	300,	'2009-08-17',	'1995-09-06'),
(539,	792,	'1974-01-04',	'1973-03-11'),
(540,	362,	'1973-04-26',	'2016-12-06'),
(541,	841,	'2003-05-22',	'2012-01-11'),
(542,	20,	'1988-01-26',	'1981-07-15'),
(543,	983,	'2001-07-06',	'1999-07-20'),
(544,	327,	'1996-07-17',	'2013-01-15'),
(545,	665,	'1970-02-25',	'2004-07-12'),
(546,	572,	'1983-01-12',	'1978-12-29'),
(547,	240,	'1978-11-03',	'1991-07-24'),
(548,	811,	'1979-06-23',	'1981-01-04'),
(549,	249,	'1982-06-24',	'2007-03-02'),
(550,	687,	'1970-09-07',	'1971-11-25'),
(551,	631,	'2013-03-09',	'1980-08-12'),
(552,	747,	'2008-05-19',	'2005-07-02'),
(553,	191,	'1970-11-22',	'2004-11-08'),
(554,	183,	'1987-06-08',	'2005-11-17'),
(555,	714,	'1999-11-01',	'1986-07-29'),
(556,	356,	'2013-01-28',	'2011-05-03'),
(557,	789,	'1998-09-11',	'1990-06-11'),
(558,	117,	'1975-05-31',	'1995-03-12'),
(559,	250,	'2014-05-24',	'1977-05-04'),
(560,	213,	'1986-03-03',	'2013-07-22'),
(561,	484,	'2013-10-25',	'2004-01-20'),
(562,	756,	'2001-06-20',	'1972-11-24'),
(563,	112,	'1984-06-22',	'2014-06-23'),
(564,	306,	'2017-04-18',	'2016-03-20'),
(565,	905,	'2008-12-02',	'1979-07-07'),
(566,	124,	'1982-11-29',	'2009-03-28'),
(567,	946,	'1986-08-20',	'2002-12-28'),
(568,	870,	'2008-10-13',	'1975-05-08'),
(569,	570,	'1994-11-09',	'1986-10-19'),
(570,	23,	'1975-05-05',	'1975-01-13'),
(571,	146,	'1973-05-31',	'1996-07-17'),
(572,	524,	'1986-03-20',	'1991-09-24'),
(573,	23,	'1992-04-14',	'2010-01-31'),
(574,	323,	'1996-02-11',	'2003-07-17'),
(575,	355,	'1986-05-06',	'2009-02-14'),
(576,	770,	'2014-04-23',	'1975-11-13'),
(577,	582,	'2000-05-29',	'2005-08-31'),
(578,	678,	'2017-09-29',	'1978-06-02'),
(579,	650,	'1986-01-06',	'2016-04-28'),
(580,	80,	'2002-01-26',	'1977-09-24'),
(581,	291,	'1993-12-25',	'1992-06-20'),
(582,	974,	'1984-04-23',	'1985-02-25'),
(583,	639,	'1998-02-20',	'2009-07-13'),
(584,	410,	'2011-05-16',	'2011-10-17'),
(585,	456,	'1986-09-22',	'2017-08-18'),
(586,	197,	'2005-10-07',	'2013-05-21'),
(587,	74,	'1982-09-19',	'1991-07-21'),
(588,	347,	'2011-09-17',	'2015-11-04'),
(589,	390,	'1982-07-26',	'1974-10-19'),
(590,	551,	'1991-10-31',	'1978-07-09'),
(591,	649,	'1989-01-11',	'2007-07-09'),
(592,	756,	'1996-06-15',	'1975-06-26'),
(593,	182,	'1981-04-27',	'2016-04-02'),
(594,	711,	'1971-08-20',	'2008-06-15'),
(595,	122,	'1990-08-31',	'2009-04-15'),
(596,	958,	'1996-09-30',	'2004-09-11'),
(597,	434,	'1988-04-05',	'2011-04-11'),
(598,	882,	'1985-09-15',	'2015-08-20'),
(599,	372,	'1978-09-22',	'2001-05-18'),
(600,	427,	'1983-09-09',	'2002-10-04'),
(601,	372,	'2008-10-04',	'1996-12-19'),
(602,	998,	'1982-06-12',	'2017-02-23'),
(603,	483,	'1971-06-21',	'2003-06-08'),
(604,	151,	'1982-03-20',	'1994-04-10'),
(605,	743,	'2007-01-04',	'1996-05-12'),
(606,	625,	'2009-04-11',	'2011-06-10'),
(607,	939,	'1976-11-21',	'2009-04-22'),
(608,	882,	'2003-02-02',	'2012-11-17'),
(609,	901,	'2017-02-06',	'2007-04-04'),
(610,	852,	'2014-07-09',	'2012-01-01'),
(611,	542,	'1973-03-04',	'2002-09-09'),
(612,	309,	'1997-05-25',	'2000-08-14'),
(613,	17,	'1990-06-10',	'1984-04-17'),
(614,	335,	'1999-04-15',	'1999-12-05'),
(615,	988,	'2000-12-18',	'1988-10-07'),
(616,	149,	'1974-11-04',	'1983-01-31'),
(617,	608,	'1987-09-25',	'2010-02-05'),
(618,	826,	'1974-05-16',	'1983-06-13'),
(619,	426,	'2012-04-27',	'2004-01-13'),
(620,	838,	'1982-06-21',	'2011-09-14'),
(621,	738,	'1991-03-08',	'2002-09-25'),
(622,	370,	'1975-11-07',	'1995-05-07'),
(623,	106,	'1990-02-10',	'2010-06-24'),
(624,	393,	'1975-11-15',	'1977-06-08'),
(625,	712,	'2011-09-04',	'2005-11-13'),
(626,	178,	'1979-05-02',	'2011-10-03'),
(627,	893,	'1995-04-02',	'1989-03-03'),
(628,	732,	'2001-02-03',	'2012-04-24'),
(629,	645,	'2008-04-10',	'1980-05-27'),
(630,	361,	'2006-05-05',	'1986-12-15'),
(631,	84,	'1983-09-25',	'1983-06-27'),
(632,	191,	'2012-02-14',	'1973-09-03'),
(633,	427,	'2000-06-09',	'1972-06-13'),
(634,	683,	'2000-11-13',	'2015-04-03'),
(635,	913,	'1973-02-14',	'1990-03-27'),
(636,	223,	'2006-09-24',	'2007-03-06'),
(637,	164,	'1999-05-26',	'1998-06-09'),
(638,	44,	'1982-10-07',	'1990-04-27'),
(639,	121,	'1971-10-18',	'2002-05-28'),
(640,	544,	'1988-01-13',	'1996-03-09'),
(641,	885,	'1993-04-05',	'1998-07-20'),
(642,	515,	'2007-03-09',	'2014-03-26'),
(643,	405,	'1979-04-14',	'1976-12-30'),
(644,	901,	'1994-09-17',	'2007-11-17'),
(645,	55,	'2005-02-27',	'2004-02-20'),
(646,	918,	'2007-09-18',	'1985-06-25'),
(647,	464,	'1976-04-11',	'1992-07-13'),
(648,	821,	'2016-01-07',	'2002-01-06'),
(649,	731,	'1981-11-09',	'1996-12-24'),
(650,	425,	'1991-10-05',	'1973-12-04'),
(651,	809,	'2005-12-04',	'1986-05-22'),
(652,	113,	'2013-06-03',	'1989-03-25'),
(653,	311,	'1974-05-25',	'2004-06-26'),
(654,	855,	'1984-07-25',	'1996-12-01'),
(655,	277,	'2015-05-12',	'1970-07-08'),
(656,	709,	'1981-02-20',	'2000-09-12'),
(657,	341,	'1977-05-19',	'1994-10-06'),
(658,	412,	'1980-04-11',	'2015-07-26'),
(659,	352,	'1987-03-02',	'1994-12-06'),
(660,	165,	'2004-07-16',	'1992-06-26'),
(661,	919,	'2009-12-25',	'1983-06-08'),
(662,	464,	'1996-12-07',	'1994-07-16'),
(663,	523,	'1989-11-18',	'2012-03-14'),
(664,	198,	'2001-08-02',	'2003-03-04'),
(665,	967,	'1994-03-29',	'2005-01-09'),
(666,	432,	'2003-01-23',	'1985-11-04'),
(667,	460,	'1993-08-05',	'2015-10-08'),
(668,	518,	'1972-07-07',	'2006-06-16'),
(669,	170,	'2005-08-15',	'2006-03-13'),
(670,	794,	'2007-08-23',	'1983-05-23'),
(671,	361,	'1995-12-13',	'1996-09-08'),
(672,	810,	'2007-07-29',	'1989-04-16'),
(673,	539,	'1996-03-04',	'2000-10-02'),
(674,	905,	'2013-10-11',	'2004-02-06'),
(675,	828,	'1990-04-18',	'1992-01-12'),
(676,	330,	'1974-08-04',	'2004-07-21'),
(677,	805,	'2013-07-01',	'1980-02-24'),
(678,	484,	'1998-04-08',	'1995-12-31'),
(679,	583,	'1988-07-14',	'1989-03-18'),
(680,	350,	'1979-07-29',	'2002-06-18'),
(681,	726,	'1983-07-22',	'1990-08-13'),
(682,	849,	'1995-02-08',	'1997-04-26'),
(683,	491,	'1992-10-05',	'1990-07-03'),
(684,	93,	'2009-05-09',	'1998-10-31'),
(685,	273,	'2003-12-08',	'2008-05-05'),
(686,	765,	'1980-04-11',	'1991-06-05'),
(687,	52,	'1984-12-14',	'1970-07-15'),
(688,	659,	'2006-04-13',	'1986-10-26'),
(689,	226,	'1995-05-13',	'2017-02-07'),
(690,	190,	'1980-07-05',	'2005-09-28'),
(691,	578,	'1980-04-06',	'2009-12-05'),
(692,	253,	'1982-11-14',	'2000-05-01'),
(693,	979,	'2008-07-20',	'2011-09-03'),
(694,	169,	'1975-07-02',	'2013-03-25'),
(695,	475,	'1975-07-15',	'2007-10-10'),
(696,	376,	'1973-08-29',	'1987-08-05'),
(697,	67,	'1999-05-05',	'2009-09-24'),
(698,	383,	'1974-05-12',	'2012-03-27'),
(699,	1000,	'1982-12-13',	'1976-01-06'),
(700,	250,	'1990-02-01',	'1993-10-18'),
(701,	953,	'2014-10-25',	'1977-10-06'),
(702,	981,	'1996-02-05',	'1995-08-27'),
(703,	962,	'2017-09-04',	'1993-09-25'),
(704,	193,	'1994-08-24',	'1994-06-09'),
(705,	743,	'1993-05-17',	'2003-06-24'),
(706,	54,	'1988-10-01',	'2000-09-26'),
(707,	820,	'1972-10-12',	'1989-12-02'),
(708,	546,	'2004-07-06',	'2008-09-07'),
(709,	461,	'2002-02-15',	'2010-06-13'),
(710,	819,	'2012-08-05',	'2014-10-20'),
(711,	995,	'2015-04-19',	'1971-01-05'),
(712,	555,	'1977-06-06',	'2009-11-18'),
(713,	247,	'1995-09-21',	'2005-01-10'),
(714,	766,	'1970-09-06',	'1979-03-06'),
(715,	973,	'2014-06-06',	'1999-08-10'),
(716,	38,	'2016-06-22',	'1981-09-17'),
(717,	205,	'2000-08-25',	'2002-12-08'),
(718,	724,	'2006-10-06',	'2005-03-26'),
(719,	446,	'1988-10-21',	'1983-04-19'),
(720,	221,	'1975-06-21',	'1982-12-02'),
(721,	464,	'1997-10-21',	'1975-06-21'),
(722,	51,	'2011-01-17',	'2016-05-22'),
(723,	966,	'1991-04-06',	'2014-05-18'),
(724,	931,	'1972-08-17',	'2017-07-15'),
(725,	497,	'1972-01-21',	'1994-02-20'),
(726,	428,	'2002-11-07',	'1999-10-03'),
(727,	539,	'1976-12-16',	'1987-08-23'),
(728,	111,	'1981-09-08',	'1971-10-30'),
(729,	1,	'1998-01-05',	'2012-08-02'),
(730,	861,	'1998-08-17',	'1983-06-05'),
(731,	327,	'2006-08-13',	'1981-02-28'),
(732,	697,	'2007-12-17',	'1999-06-25'),
(733,	568,	'2000-05-14',	'1981-12-11'),
(734,	796,	'1981-06-28',	'2003-07-28'),
(735,	965,	'2011-10-17',	'2005-03-24'),
(736,	96,	'2001-03-22',	'2000-01-03'),
(737,	329,	'2009-12-31',	'1996-01-08'),
(738,	26,	'2006-09-05',	'1997-02-01'),
(739,	657,	'1995-03-11',	'1980-08-02'),
(740,	394,	'1971-01-23',	'1995-12-11'),
(741,	947,	'2012-03-04',	'1980-04-07'),
(742,	886,	'2004-12-27',	'2014-01-26'),
(743,	762,	'2010-01-22',	'1982-01-13'),
(744,	421,	'1997-03-07',	'1984-10-15'),
(745,	73,	'1985-10-11',	'1980-03-12'),
(746,	308,	'1987-09-28',	'1971-01-01'),
(747,	251,	'2012-11-14',	'2010-03-03'),
(748,	859,	'2017-04-17',	'1973-09-21'),
(749,	588,	'1997-12-27',	'1986-07-31'),
(750,	57,	'1980-03-20',	'2009-12-01'),
(751,	545,	'1983-02-21',	'2011-01-01'),
(752,	204,	'2012-01-03',	'1972-03-28'),
(753,	611,	'1988-04-10',	'1978-06-01'),
(754,	706,	'2013-07-18',	'1975-02-26'),
(755,	490,	'1989-05-06',	'1973-04-08'),
(756,	463,	'1986-08-16',	'1973-11-07'),
(757,	849,	'2008-05-06',	'2006-01-15'),
(758,	829,	'1989-05-31',	'1989-11-12'),
(759,	163,	'1997-10-10',	'1983-08-11'),
(760,	325,	'1982-04-08',	'1977-11-12'),
(761,	480,	'1973-04-06',	'2017-12-20'),
(762,	410,	'2013-10-05',	'1971-08-15'),
(763,	786,	'1999-04-09',	'1979-04-03'),
(764,	569,	'1973-06-13',	'2014-09-18'),
(765,	343,	'2001-02-02',	'1973-01-10'),
(766,	706,	'1986-11-05',	'2007-07-08'),
(767,	378,	'1997-10-15',	'1994-08-15'),
(768,	601,	'2017-09-27',	'2014-08-16'),
(769,	807,	'1985-01-21',	'1985-04-15'),
(770,	807,	'1973-07-02',	'2004-11-16'),
(771,	743,	'2003-05-02',	'1980-11-09'),
(772,	548,	'2004-03-08',	'2006-08-25'),
(773,	384,	'2011-09-11',	'2016-07-10'),
(774,	63,	'1998-07-07',	'1971-11-16'),
(775,	490,	'2005-10-10',	'1976-06-27'),
(776,	686,	'2003-08-03',	'1970-10-23'),
(777,	959,	'1997-08-04',	'1980-01-06'),
(778,	593,	'1970-10-12',	'2017-01-19'),
(779,	475,	'2006-01-22',	'2008-03-09'),
(780,	376,	'1977-12-24',	'1980-08-04'),
(781,	232,	'1981-05-31',	'1991-03-08'),
(782,	35,	'2010-02-22',	'1997-04-13'),
(783,	333,	'2010-07-30',	'1972-05-24'),
(784,	1000,	'1975-12-17',	'1976-12-01'),
(785,	794,	'1977-02-02',	'2015-01-06'),
(786,	626,	'1999-08-02',	'2000-07-09'),
(787,	386,	'2017-08-08',	'2003-01-16'),
(788,	1000,	'2005-06-19',	'1979-03-20'),
(789,	818,	'1979-09-27',	'2008-08-13'),
(790,	567,	'2002-02-09',	'1982-02-01'),
(791,	772,	'2017-05-09',	'1998-12-03'),
(792,	287,	'1997-04-17',	'1995-07-09'),
(793,	600,	'1972-01-04',	'2001-01-18'),
(794,	34,	'2011-07-19',	'1972-09-20'),
(795,	836,	'1995-01-30',	'1981-08-21'),
(796,	996,	'1978-05-30',	'2002-12-11'),
(797,	267,	'1974-04-17',	'1980-02-19'),
(798,	599,	'1990-11-10',	'1989-06-30'),
(799,	132,	'1983-12-18',	'2000-12-18'),
(800,	996,	'2006-09-10',	'2011-03-03'),
(801,	509,	'1988-06-12',	'1975-07-27'),
(802,	38,	'2013-07-17',	'1976-04-11'),
(803,	950,	'1991-03-12',	'1999-04-28'),
(804,	49,	'1972-02-15',	'1999-09-14'),
(805,	824,	'1973-02-21',	'1984-09-15'),
(806,	511,	'1986-12-31',	'1996-08-27'),
(807,	939,	'2012-11-08',	'2005-03-23'),
(808,	149,	'1991-03-10',	'2013-10-10'),
(809,	144,	'1983-05-27',	'1971-08-11'),
(810,	409,	'1979-03-08',	'1974-07-29'),
(811,	958,	'2006-02-23',	'2003-04-15'),
(812,	120,	'2012-11-02',	'1981-03-16'),
(813,	410,	'1973-11-15',	'1994-04-10'),
(814,	767,	'1976-07-15',	'2017-04-03'),
(815,	690,	'1987-07-29',	'1996-09-14'),
(816,	622,	'2001-03-29',	'1991-02-14'),
(817,	343,	'2003-06-13',	'1971-02-05'),
(818,	439,	'2006-07-11',	'1980-08-04'),
(819,	825,	'1992-02-12',	'1970-05-18'),
(820,	563,	'1973-12-11',	'1970-08-02'),
(821,	268,	'1978-12-29',	'2002-12-17'),
(822,	122,	'2001-03-01',	'1974-04-24'),
(823,	503,	'1974-08-24',	'1980-04-11'),
(824,	268,	'1993-09-21',	'1991-12-16'),
(825,	437,	'1979-12-05',	'2015-02-18'),
(826,	745,	'1971-01-19',	'2007-08-21'),
(827,	557,	'2005-07-25',	'1995-04-28'),
(828,	885,	'2012-07-30',	'1972-11-10'),
(829,	622,	'2009-12-30',	'2012-02-09'),
(830,	835,	'2003-02-16',	'2011-09-30'),
(831,	64,	'1972-11-28',	'2015-11-16'),
(832,	563,	'1986-01-01',	'1992-10-31'),
(833,	794,	'2003-09-25',	'2007-02-06'),
(834,	219,	'2011-08-15',	'2002-04-06'),
(835,	477,	'1974-07-23',	'2010-12-02'),
(836,	955,	'1985-06-09',	'2006-10-21'),
(837,	893,	'1985-06-22',	'2016-02-21'),
(838,	556,	'1982-12-18',	'1971-06-14'),
(839,	49,	'1996-09-14',	'1984-05-30'),
(840,	250,	'2011-11-30',	'1991-10-13'),
(841,	477,	'1977-12-03',	'1995-12-07'),
(842,	514,	'2001-04-19',	'1997-03-27'),
(843,	103,	'1978-06-28',	'1998-12-21'),
(844,	273,	'1983-05-18',	'1974-05-21'),
(845,	301,	'1981-07-03',	'1997-06-05'),
(846,	500,	'1970-07-18',	'1992-06-29'),
(847,	692,	'2003-10-08',	'2004-04-05'),
(848,	9,	'1980-01-08',	'2016-04-01'),
(849,	45,	'2007-03-21',	'2002-08-15'),
(850,	415,	'1970-09-05',	'1973-03-11'),
(851,	113,	'1997-12-06',	'1989-01-25'),
(852,	121,	'1982-08-16',	'2016-01-02'),
(853,	769,	'1975-11-12',	'1973-03-06'),
(854,	672,	'2007-12-23',	'1971-12-25'),
(855,	712,	'2013-10-26',	'1989-02-23'),
(856,	520,	'1997-05-06',	'1983-11-11'),
(857,	514,	'1993-03-08',	'1996-11-24'),
(858,	993,	'2011-12-03',	'1970-07-13'),
(859,	63,	'2009-02-11',	'2013-07-29'),
(860,	234,	'1976-04-24',	'1974-06-13'),
(861,	823,	'2002-06-08',	'1991-11-12'),
(862,	236,	'2000-06-09',	'1982-04-29'),
(863,	151,	'1981-02-21',	'1979-08-19'),
(864,	335,	'2003-03-26',	'2008-05-05'),
(865,	348,	'2006-12-17',	'1972-02-03'),
(866,	342,	'1989-10-20',	'2005-08-14'),
(867,	592,	'1970-05-09',	'2006-05-20'),
(868,	490,	'2013-03-02',	'1977-12-23'),
(869,	385,	'1979-10-15',	'1973-01-05'),
(870,	284,	'1988-03-10',	'2001-02-09'),
(871,	415,	'2001-10-23',	'2005-02-23'),
(872,	255,	'1992-03-12',	'1990-01-01'),
(873,	836,	'2016-04-01',	'1985-06-14'),
(874,	974,	'2000-07-19',	'2011-03-12'),
(875,	93,	'2017-08-02',	'1980-03-23'),
(876,	838,	'2006-04-24',	'1977-05-09'),
(877,	465,	'1996-08-08',	'1985-03-06'),
(878,	863,	'2006-12-01',	'1980-01-23'),
(879,	473,	'2015-12-18',	'2017-08-11'),
(880,	287,	'1971-06-01',	'1992-11-19'),
(881,	952,	'2005-02-17',	'1995-08-29'),
(882,	106,	'2004-04-16',	'1999-08-26'),
(883,	584,	'1981-02-10',	'1996-02-28'),
(884,	82,	'1991-07-30',	'2015-09-04'),
(885,	365,	'2001-03-26',	'2002-07-17'),
(886,	941,	'1986-08-09',	'1977-08-25'),
(887,	992,	'1994-08-05',	'2005-11-08'),
(888,	197,	'2008-02-08',	'1986-12-03'),
(889,	338,	'1995-08-31',	'1994-10-05'),
(890,	368,	'1978-08-25',	'1986-09-20'),
(891,	324,	'1972-08-13',	'1996-06-09'),
(892,	898,	'2000-02-26',	'2008-12-24'),
(893,	232,	'1996-08-26',	'1976-12-12'),
(894,	611,	'1986-09-18',	'2007-10-15'),
(895,	268,	'1982-06-17',	'1995-11-12'),
(896,	805,	'1997-07-09',	'1971-05-30'),
(897,	23,	'2007-02-16',	'1982-09-30'),
(898,	966,	'2001-04-07',	'1976-10-25'),
(899,	902,	'2010-12-27',	'1983-05-25'),
(900,	400,	'1976-06-23',	'1972-07-13'),
(901,	237,	'1977-05-31',	'2007-06-11'),
(902,	674,	'2004-05-20',	'1983-03-26'),
(903,	696,	'2015-03-25',	'2011-12-03'),
(904,	777,	'1970-04-03',	'2003-12-26'),
(905,	601,	'2006-08-01',	'2017-10-17'),
(906,	739,	'1985-10-24',	'2015-06-17'),
(907,	208,	'1980-11-05',	'2011-03-26'),
(908,	742,	'2008-09-17',	'2005-04-27'),
(909,	523,	'2007-06-14',	'1995-10-31'),
(910,	15,	'1996-01-28',	'1980-05-12'),
(911,	757,	'2005-08-03',	'2004-03-14'),
(912,	745,	'2014-07-20',	'1979-07-17'),
(913,	199,	'2015-09-08',	'1992-12-13'),
(914,	580,	'2001-11-17',	'1992-08-17'),
(915,	789,	'1971-07-18',	'1989-07-31'),
(916,	125,	'2016-04-26',	'1980-10-07'),
(917,	126,	'2016-09-02',	'2006-12-25'),
(918,	116,	'1997-06-23',	'2016-05-20'),
(919,	485,	'1984-09-17',	'2014-08-03'),
(920,	802,	'2013-05-06',	'2010-03-01'),
(921,	61,	'1992-05-26',	'2014-12-11'),
(922,	734,	'1983-06-05',	'1986-10-24'),
(923,	124,	'2009-10-05',	'1978-07-01'),
(924,	138,	'1978-03-16',	'2012-11-14'),
(925,	704,	'2010-10-23',	'1995-09-16'),
(926,	138,	'1986-12-17',	'2009-02-05'),
(927,	575,	'1992-05-16',	'1973-04-13'),
(928,	220,	'2001-07-08',	'1978-03-21'),
(929,	464,	'2016-04-26',	'1979-10-22'),
(930,	289,	'2002-11-17',	'1978-07-14'),
(931,	588,	'1987-07-27',	'1971-01-27'),
(932,	58,	'1983-08-23',	'1983-12-17'),
(933,	846,	'1990-10-07',	'2015-07-08'),
(934,	643,	'1971-09-24',	'2012-03-13'),
(935,	759,	'1974-04-17',	'1981-05-19'),
(936,	383,	'1977-10-26',	'1973-05-07'),
(937,	558,	'1999-07-24',	'2002-09-30'),
(938,	842,	'1982-03-07',	'2011-03-10'),
(939,	68,	'2015-05-06',	'2000-03-19'),
(940,	883,	'1992-07-20',	'2012-10-09'),
(941,	292,	'1972-11-15',	'2010-08-16'),
(942,	219,	'1983-12-05',	'1977-09-06'),
(943,	265,	'2001-03-30',	'1986-03-02'),
(944,	155,	'1998-02-13',	'2002-01-09'),
(945,	69,	'1998-06-06',	'1987-09-15'),
(946,	811,	'1973-09-10',	'1982-04-01'),
(947,	337,	'1985-01-28',	'2005-07-30'),
(948,	861,	'1974-01-21',	'1979-01-20'),
(949,	850,	'1998-08-15',	'1970-03-28'),
(950,	149,	'2001-06-03',	'2003-02-17'),
(951,	595,	'1977-05-29',	'1987-10-18'),
(952,	647,	'1998-07-29',	'2009-02-09'),
(953,	743,	'1992-02-19',	'1983-11-17'),
(954,	62,	'1995-06-25',	'1996-01-22'),
(955,	405,	'2016-07-03',	'1991-10-16'),
(956,	584,	'1995-04-17',	'2013-05-24'),
(957,	348,	'2016-01-25',	'1997-04-08'),
(958,	462,	'1994-07-25',	'2017-08-27'),
(959,	868,	'2016-10-22',	'2009-07-17'),
(960,	622,	'1976-05-18',	'1984-06-28'),
(961,	819,	'2016-08-03',	'1981-11-20'),
(962,	886,	'1974-07-09',	'1982-05-27'),
(963,	412,	'2007-04-05',	'2012-07-09'),
(964,	240,	'1998-04-03',	'1985-05-21'),
(965,	903,	'1990-01-12',	'2015-05-07'),
(966,	15,	'1972-10-12',	'1974-02-02'),
(967,	937,	'1999-02-18',	'1980-12-02'),
(968,	528,	'1992-01-23',	'2010-11-07'),
(969,	727,	'1977-07-31',	'1994-11-28'),
(970,	871,	'2003-09-14',	'1981-12-21'),
(971,	135,	'1970-06-13',	'1979-09-22'),
(972,	57,	'1986-01-14',	'2014-02-22'),
(973,	413,	'2006-03-07',	'1983-11-02'),
(974,	728,	'1997-05-31',	'2010-04-02'),
(975,	93,	'1979-09-09',	'2000-05-19'),
(976,	187,	'2000-09-27',	'2016-01-10'),
(977,	377,	'1985-04-14',	'2016-10-03'),
(978,	802,	'1972-02-16',	'1974-11-04'),
(979,	564,	'1989-09-21',	'1994-12-18'),
(980,	445,	'2010-11-06',	'2006-04-20'),
(981,	523,	'2012-09-10',	'1996-11-09'),
(982,	8,	'1985-08-29',	'1983-02-26'),
(983,	868,	'1970-01-27',	'1973-11-14'),
(984,	285,	'1995-07-14',	'2007-03-21'),
(985,	8,	'2000-02-08',	'1975-12-23'),
(986,	757,	'1982-09-27',	'1978-03-18'),
(987,	595,	'2003-05-26',	'1994-01-03'),
(988,	32,	'1976-11-21',	'2002-05-18'),
(989,	793,	'1998-07-28',	'1973-01-22'),
(990,	245,	'1985-03-09',	'2007-06-08'),
(991,	325,	'1976-02-19',	'1997-10-25'),
(992,	927,	'1983-01-18',	'1973-06-12'),
(993,	475,	'1978-09-02',	'1995-11-03'),
(994,	487,	'2013-03-19',	'2006-04-07'),
(995,	749,	'2004-07-01',	'1982-09-30'),
(996,	330,	'1976-01-14',	'1971-05-27'),
(997,	230,	'1990-12-27',	'2007-10-02'),
(998,	5,	'2015-09-10',	'1998-04-18'),
(999,	566,	'1995-06-27',	'1985-04-08'),
(1000,	836,	'1994-05-06',	'2007-11-19');

DROP TABLE IF EXISTS `pedido_itens`;
CREATE TABLE `pedido_itens` (
  `id` int(11) NOT NULL AUTO_INCREMENT,
  `quantidade` int(11) NOT NULL,
  `preco_venda` decimal(12,2) NOT NULL,
  `pedido_id` int(11) NOT NULL,
  PRIMARY KEY (`id`),
  KEY `pedido_ped_fk` (`pedido_id`),
  CONSTRAINT `pedido_ped_fk` FOREIGN KEY (`pedido_id`) REFERENCES `pedidos` (`id`)
) ENGINE=InnoDB DEFAULT CHARSET=utf8mb4 COLLATE=utf8mb4_unicode_ci;

INSERT INTO `pedido_itens` (`id`, `quantidade`, `preco_venda`, `pedido_id`) VALUES
(1,	7,	71.00,	549),
(2,	898388,	575.00,	799),
(3,	3052,	187.00,	636),
(4,	29,	332.00,	336),
(5,	82649,	718.00,	924),
(6,	345892,	804.00,	467),
(7,	33567,	253.00,	184),
(8,	86115,	1083.00,	852),
(9,	724783181,	764.00,	172),
(10,	4425,	915.00,	527),
(11,	1250,	82.00,	353),
(12,	9011807,	376.00,	601),
(13,	130678319,	957.00,	216),
(14,	93,	556.00,	873),
(15,	234,	463.00,	122),
(16,	3482,	315.00,	910),
(17,	4718,	1101.00,	686),
(18,	684811,	392.00,	479),
(19,	97,	624.00,	888),
(20,	4953037,	1104.00,	347),
(21,	754266637,	330.00,	470),
(22,	1643,	92.00,	213),
(23,	59398,	381.00,	285),
(24,	3944,	819.00,	944),
(25,	64832,	491.00,	561),
(26,	284389,	455.00,	352),
(27,	486738803,	256.00,	601),
(28,	85686362,	650.00,	556),
(29,	0,	342.00,	83),
(30,	9837226,	551.00,	344),
(31,	108508,	979.00,	282),
(32,	8569500,	1066.00,	96),
(33,	195725957,	430.00,	394),
(34,	435265846,	342.00,	550),
(35,	139094,	468.00,	129),
(36,	260844,	468.00,	623),
(37,	950290,	321.00,	254),
(38,	9155,	1090.00,	174),
(39,	20183159,	566.00,	786),
(40,	112770549,	266.00,	18),
(41,	7,	942.00,	504),
(42,	288,	1057.00,	419),
(43,	595,	760.00,	179),
(44,	7,	480.00,	106),
(45,	5,	1167.00,	821),
(46,	34139764,	652.00,	940),
(47,	45,	646.00,	831),
(48,	36,	1122.00,	745),
(49,	872,	1180.00,	311),
(50,	6741550,	214.00,	941),
(51,	334,	169.00,	320),
(52,	941588166,	948.00,	820),
(53,	691,	991.00,	338),
(54,	89590,	918.00,	190),
(55,	553,	1030.00,	695),
(56,	672832668,	542.00,	113),
(57,	14851,	717.00,	765),
(58,	1097,	294.00,	910),
(59,	8748,	1002.00,	357),
(60,	9,	876.00,	123),
(61,	4815616,	64.00,	144),
(62,	667562,	420.00,	926),
(63,	6837,	539.00,	605),
(64,	15673676,	655.00,	18),
(65,	31308,	1015.00,	297),
(66,	297,	65.00,	74),
(67,	39747874,	793.00,	750),
(68,	643,	116.00,	675),
(69,	48347667,	58.00,	605),
(70,	391535027,	776.00,	638),
(71,	23140379,	735.00,	439),
(72,	0,	998.00,	662),
(73,	67,	918.00,	739),
(74,	9306610,	255.00,	575),
(75,	0,	733.00,	18),
(76,	1155689,	775.00,	78),
(77,	6,	430.00,	164),
(78,	106,	345.00,	118),
(79,	81704,	411.00,	167),
(80,	6,	609.00,	143),
(81,	7,	1125.00,	676),
(82,	5667460,	454.00,	871),
(83,	717262,	146.00,	899),
(84,	76916932,	627.00,	402),
(85,	2840766,	500.00,	295),
(86,	5,	117.00,	569),
(87,	880,	303.00,	771),
(88,	923,	883.00,	342),
(89,	193567974,	577.00,	246),
(90,	38431,	567.00,	552),
(91,	2701,	167.00,	296),
(92,	15083,	764.00,	916),
(93,	15654,	726.00,	859),
(94,	1715,	265.00,	55),
(95,	7238,	961.00,	799),
(96,	85,	308.00,	414),
(97,	35,	299.00,	232),
(98,	38,	616.00,	133),
(99,	488564,	608.00,	942),
(100,	6232,	377.00,	44),
(101,	167348,	1109.00,	266),
(102,	9,	712.00,	67),
(103,	83,	812.00,	567),
(104,	24,	871.00,	318),
(105,	56,	649.00,	527),
(106,	85676491,	940.00,	617),
(107,	539,	1091.00,	400),
(108,	5642,	64.00,	352),
(109,	7,	1125.00,	511),
(110,	5,	1036.00,	685),
(111,	34722826,	76.00,	338),
(112,	12501,	121.00,	243),
(113,	4,	942.00,	20),
(114,	6,	314.00,	551),
(115,	4343534,	34.00,	284),
(116,	372,	289.00,	446),
(117,	8492,	742.00,	332),
(118,	771426435,	581.00,	68),
(119,	650518,	46.00,	867),
(120,	56835741,	249.00,	155),
(121,	50,	232.00,	459),
(122,	9059,	517.00,	842),
(123,	27183,	924.00,	503),
(124,	607227396,	453.00,	331),
(125,	2,	237.00,	440),
(126,	41,	252.00,	230),
(127,	7677617,	981.00,	538),
(128,	209739021,	845.00,	277),
(129,	107813218,	667.00,	640),
(130,	35691,	678.00,	569),
(131,	162,	1152.00,	527),
(132,	474,	187.00,	779),
(133,	62,	898.00,	314),
(134,	2940047,	774.00,	743),
(135,	7491771,	592.00,	568),
(136,	5,	667.00,	410),
(137,	0,	719.00,	12),
(138,	3860044,	478.00,	455),
(139,	4,	960.00,	791),
(140,	23,	289.00,	444),
(141,	520,	940.00,	115),
(142,	3459,	441.00,	709),
(143,	8,	854.00,	748),
(144,	183224,	35.00,	211),
(145,	690237873,	124.00,	653),
(146,	509122,	957.00,	362),
(147,	41336127,	1170.00,	3),
(148,	2,	173.00,	936),
(149,	2869,	685.00,	720),
(150,	1,	1097.00,	712),
(151,	703,	464.00,	585),
(152,	1844,	335.00,	911),
(153,	13753732,	908.00,	32),
(154,	53308974,	876.00,	477),
(155,	638,	40.00,	771),
(156,	896928,	547.00,	628),
(157,	1,	30.00,	37),
(158,	39916,	502.00,	803),
(159,	26,	634.00,	555),
(160,	4,	384.00,	690),
(161,	249268,	658.00,	980),
(162,	1688,	270.00,	437),
(163,	80955,	758.00,	753),
(164,	494,	713.00,	36),
(165,	9424,	914.00,	141),
(166,	970474,	152.00,	999),
(167,	286043,	394.00,	454),
(168,	444780188,	614.00,	634),
(169,	3740,	1077.00,	45),
(170,	3966,	139.00,	846),
(171,	749871159,	831.00,	247),
(172,	96877399,	98.00,	782),
(173,	7,	450.00,	271),
(174,	13142025,	1067.00,	719),
(175,	15,	605.00,	387),
(176,	604,	398.00,	168),
(177,	0,	123.00,	171),
(178,	587,	304.00,	598),
(179,	1,	785.00,	260),
(180,	42176801,	239.00,	329),
(181,	7,	141.00,	549),
(182,	2953,	1065.00,	944),
(183,	1,	1163.00,	470),
(184,	749,	476.00,	913),
(185,	68795,	297.00,	231),
(186,	385,	776.00,	648),
(187,	47,	845.00,	162),
(188,	1960618,	734.00,	162),
(189,	676035,	826.00,	473),
(190,	9494,	656.00,	122),
(191,	879815521,	1196.00,	2),
(192,	909676,	256.00,	277),
(193,	61,	296.00,	386),
(194,	319673330,	34.00,	473),
(195,	443902,	1132.00,	544),
(196,	7659295,	67.00,	368),
(197,	57,	50.00,	754),
(198,	46065,	376.00,	533),
(199,	8,	791.00,	723),
(200,	173027,	819.00,	161),
(201,	5951939,	549.00,	320),
(202,	96,	348.00,	477),
(203,	68,	895.00,	894),
(204,	37039574,	195.00,	122),
(205,	9025,	997.00,	784),
(206,	29090408,	960.00,	985),
(207,	52774,	805.00,	806),
(208,	8316,	334.00,	571),
(209,	915645,	981.00,	25),
(210,	7473,	1125.00,	492),
(211,	90477818,	440.00,	799),
(212,	33,	1187.00,	645),
(213,	2606340,	1108.00,	667),
(214,	7,	496.00,	747),
(215,	64,	978.00,	191),
(216,	9514847,	1168.00,	151),
(217,	66768949,	1074.00,	552),
(218,	61617482,	803.00,	267),
(219,	5424487,	316.00,	309),
(220,	227733,	771.00,	133),
(221,	1729,	689.00,	26),
(222,	77251,	901.00,	658),
(223,	28141010,	974.00,	672),
(224,	244540,	334.00,	977),
(225,	5203,	42.00,	367),
(226,	25674,	219.00,	29),
(227,	325560759,	961.00,	681),
(228,	883344,	639.00,	362),
(229,	13,	585.00,	186),
(230,	98007852,	236.00,	128),
(231,	72704,	647.00,	332),
(232,	480358,	723.00,	246),
(233,	43365545,	444.00,	993),
(234,	34,	980.00,	761),
(235,	5188797,	715.00,	410),
(236,	44423729,	419.00,	956),
(237,	73924,	977.00,	183),
(238,	50942,	210.00,	563),
(239,	7691,	371.00,	322),
(240,	6537,	893.00,	734),
(241,	87705,	274.00,	685),
(242,	52,	858.00,	213),
(243,	8903,	114.00,	68),
(244,	277162,	341.00,	769),
(245,	4268,	905.00,	61),
(246,	7,	923.00,	938),
(247,	91543068,	931.00,	279),
(248,	5,	362.00,	872),
(249,	918,	443.00,	890),
(250,	3608,	211.00,	455),
(251,	349842,	1055.00,	692),
(252,	294,	427.00,	669),
(253,	85140516,	181.00,	786),
(254,	8629489,	1166.00,	315),
(255,	43,	921.00,	711),
(256,	60,	173.00,	857),
(257,	6940,	191.00,	243),
(258,	82186333,	982.00,	587),
(259,	5,	1013.00,	728),
(260,	4365,	1083.00,	224),
(261,	51,	310.00,	666),
(262,	1352,	909.00,	286),
(263,	7285,	171.00,	675),
(264,	79931,	447.00,	203),
(265,	571072316,	841.00,	679),
(266,	1,	834.00,	635),
(267,	9077,	726.00,	22),
(268,	9269,	120.00,	749),
(269,	9,	313.00,	727),
(270,	3008844,	946.00,	445),
(271,	7805,	581.00,	334),
(272,	713,	1181.00,	897),
(273,	68,	978.00,	233),
(274,	67455669,	56.00,	223),
(275,	33927,	530.00,	460),
(276,	53919,	1133.00,	331),
(277,	23,	40.00,	321),
(278,	2654,	49.00,	346),
(279,	4,	890.00,	884),
(280,	63073120,	1056.00,	469),
(281,	478867877,	1056.00,	803),
(282,	161791620,	327.00,	250),
(283,	6079328,	333.00,	843),
(284,	618492070,	95.00,	654),
(285,	5704117,	508.00,	585),
(286,	3776006,	1115.00,	575),
(287,	5,	178.00,	618),
(288,	86415,	731.00,	750),
(289,	16467,	286.00,	913),
(290,	990,	330.00,	69),
(291,	22300,	992.00,	793),
(292,	9645938,	290.00,	836),
(293,	35089,	619.00,	639),
(294,	93375868,	559.00,	918),
(295,	9105391,	41.00,	659),
(296,	2323,	1133.00,	218),
(297,	89458,	548.00,	87),
(298,	91655,	671.00,	277),
(299,	247,	762.00,	289),
(300,	51950017,	649.00,	186),
(301,	1763135,	632.00,	854),
(302,	148439771,	1025.00,	586),
(303,	133932253,	263.00,	912),
(304,	69003,	284.00,	556),
(305,	1687,	187.00,	809),
(306,	878271917,	485.00,	817),
(307,	59195211,	1176.00,	996),
(308,	27,	287.00,	260),
(309,	887870,	594.00,	324),
(310,	8,	392.00,	138),
(311,	289,	129.00,	893),
(312,	907,	445.00,	73),
(313,	74,	317.00,	700),
(314,	9082635,	463.00,	378),
(315,	504,	1163.00,	174),
(316,	382,	423.00,	537),
(317,	712454,	284.00,	257),
(318,	7940773,	1032.00,	862),
(319,	500,	511.00,	106),
(320,	2,	232.00,	495),
(321,	1941345,	598.00,	874),
(322,	7710,	250.00,	684),
(323,	668,	863.00,	755),
(324,	9234,	659.00,	621),
(325,	17623316,	512.00,	696),
(326,	4682,	865.00,	20),
(327,	69961867,	116.00,	731),
(328,	1901036,	436.00,	313),
(329,	134910145,	682.00,	448),
(330,	60292882,	1002.00,	195),
(331,	21337,	549.00,	139),
(332,	742,	363.00,	715),
(333,	478,	999.00,	55),
(334,	6496,	95.00,	647),
(335,	919332,	87.00,	439),
(336,	46001,	1159.00,	699),
(337,	6022,	1083.00,	404),
(338,	208,	1153.00,	662),
(339,	360043532,	713.00,	82),
(340,	1,	102.00,	407),
(341,	6176463,	289.00,	479),
(342,	825,	655.00,	162),
(343,	6617256,	185.00,	834),
(344,	6,	876.00,	831),
(345,	227369,	974.00,	672),
(346,	697306,	809.00,	431),
(347,	9594,	604.00,	304),
(348,	927,	260.00,	131),
(349,	517,	763.00,	394),
(350,	822,	311.00,	590),
(351,	99,	1150.00,	599),
(352,	9634,	89.00,	107),
(353,	21,	1175.00,	246),
(354,	286,	318.00,	45),
(355,	353400246,	1197.00,	467),
(356,	90048,	543.00,	778),
(357,	1534,	988.00,	441),
(358,	45048,	340.00,	19),
(359,	9855523,	1032.00,	529),
(360,	9904,	677.00,	111),
(361,	0,	931.00,	385),
(362,	138467,	966.00,	19),
(363,	14400183,	1076.00,	546),
(364,	9932352,	835.00,	721),
(365,	48,	181.00,	208),
(366,	43080426,	158.00,	446),
(367,	0,	358.00,	868),
(368,	9,	625.00,	870),
(369,	50,	171.00,	936),
(370,	755893240,	785.00,	874),
(371,	3,	62.00,	468),
(372,	7,	1080.00,	288),
(373,	98,	275.00,	766),
(374,	840538,	240.00,	737),
(375,	447982,	990.00,	838),
(376,	5098904,	407.00,	374),
(377,	1,	118.00,	513),
(378,	686811,	892.00,	84),
(379,	476,	1138.00,	252),
(380,	150749335,	734.00,	715),
(381,	7911352,	251.00,	920),
(382,	8,	797.00,	884),
(383,	320888,	1008.00,	537),
(384,	65868,	967.00,	75),
(385,	170120549,	1012.00,	370),
(386,	637894463,	426.00,	277),
(387,	37463939,	1153.00,	279),
(388,	3651,	165.00,	674),
(389,	3850599,	1187.00,	923),
(390,	117577,	852.00,	414),
(391,	7500307,	659.00,	745),
(392,	287,	736.00,	286),
(393,	595389,	91.00,	575),
(394,	728222503,	632.00,	207),
(395,	86473444,	670.00,	466),
(396,	83182,	276.00,	786),
(397,	7,	396.00,	741),
(398,	503,	961.00,	885),
(399,	557753,	668.00,	243),
(400,	6683,	478.00,	270),
(401,	0,	1136.00,	745),
(402,	406494433,	350.00,	18),
(403,	610452,	735.00,	729),
(404,	24187,	301.00,	693),
(405,	2473,	733.00,	611),
(406,	987,	819.00,	482),
(407,	37,	1028.00,	259),
(408,	4102,	648.00,	432),
(409,	5,	857.00,	608),
(410,	32078,	548.00,	354),
(411,	567304,	867.00,	405),
(412,	7298,	181.00,	240),
(413,	11789842,	132.00,	92),
(414,	46309991,	891.00,	619),
(415,	12604315,	968.00,	991),
(416,	2913799,	757.00,	54),
(417,	20991012,	859.00,	159),
(418,	11428813,	889.00,	877),
(419,	5086552,	1168.00,	171),
(420,	633,	1184.00,	287),
(421,	463,	346.00,	672),
(422,	57322402,	499.00,	877),
(423,	3181016,	513.00,	575),
(424,	2,	752.00,	11),
(425,	117339686,	147.00,	60),
(426,	717342,	74.00,	129),
(427,	36,	522.00,	983),
(428,	248250,	878.00,	950),
(429,	46949039,	797.00,	426),
(430,	48,	799.00,	220),
(431,	89609567,	586.00,	247),
(432,	847,	234.00,	601),
(433,	15,	1144.00,	402),
(434,	7819840,	1017.00,	887),
(435,	8546080,	985.00,	441),
(436,	182103801,	834.00,	275),
(437,	715,	371.00,	692),
(438,	3552,	977.00,	59),
(439,	667,	767.00,	815),
(440,	56931424,	713.00,	759),
(441,	478569968,	969.00,	848),
(442,	482,	32.00,	538),
(443,	28028,	165.00,	755),
(444,	7794588,	744.00,	937),
(445,	0,	725.00,	691),
(446,	374151,	719.00,	900),
(447,	81096,	967.00,	730),
(448,	807889,	1121.00,	486),
(449,	266,	679.00,	298),
(450,	28840,	825.00,	464),
(451,	70556,	628.00,	124),
(452,	463639950,	256.00,	47),
(453,	66910403,	843.00,	147),
(454,	51,	1090.00,	399),
(455,	3395858,	1089.00,	889),
(456,	617,	1060.00,	46),
(457,	698312,	706.00,	181),
(458,	3869740,	375.00,	693),
(459,	1837,	346.00,	444),
(460,	3019401,	240.00,	350),
(461,	86,	200.00,	492),
(462,	691,	530.00,	239),
(463,	40671408,	453.00,	901),
(464,	878455,	67.00,	392),
(465,	922842681,	929.00,	576),
(466,	28,	582.00,	790),
(467,	5198,	333.00,	907),
(468,	368861,	127.00,	511),
(469,	9,	923.00,	479),
(470,	696,	1181.00,	919),
(471,	951,	264.00,	829),
(472,	0,	966.00,	419),
(473,	52675,	411.00,	942),
(474,	663633469,	415.00,	470),
(475,	75461375,	156.00,	539),
(476,	3999,	844.00,	152),
(477,	395,	324.00,	605),
(478,	50362,	1070.00,	78),
(479,	831,	110.00,	102),
(480,	33131,	890.00,	241),
(481,	648612933,	922.00,	336),
(482,	3,	607.00,	515),
(483,	310944874,	801.00,	972),
(484,	36709,	324.00,	503),
(485,	25199,	1141.00,	690),
(486,	2696,	904.00,	903),
(487,	92,	1102.00,	560),
(488,	37,	789.00,	84),
(489,	168875,	323.00,	960),
(490,	7,	185.00,	455),
(491,	2710967,	506.00,	907),
(492,	84510966,	774.00,	174),
(493,	10967839,	419.00,	583),
(494,	48021,	113.00,	635),
(495,	82367,	680.00,	851),
(496,	964729,	363.00,	776),
(497,	948,	896.00,	168),
(498,	9572,	1154.00,	975),
(499,	575,	36.00,	458),
(500,	85609362,	606.00,	412),
(501,	22,	472.00,	649),
(502,	209,	230.00,	275),
(503,	902,	293.00,	364),
(504,	129571,	960.00,	578),
(505,	1000501,	140.00,	195),
(506,	81566030,	315.00,	821),
(507,	17875,	534.00,	267),
(508,	3817355,	791.00,	605),
(509,	762,	1179.00,	58),
(510,	342228391,	828.00,	533),
(511,	6084085,	1045.00,	87),
(512,	70,	1044.00,	332),
(513,	52241751,	623.00,	55),
(514,	812144,	495.00,	981),
(515,	692,	361.00,	536),
(516,	966992,	754.00,	411),
(517,	2551539,	681.00,	836),
(518,	927,	628.00,	221),
(519,	4453,	740.00,	621),
(520,	4515,	893.00,	751),
(521,	9910807,	738.00,	342),
(522,	9347090,	1198.00,	812),
(523,	6114967,	854.00,	641),
(524,	464090321,	812.00,	951),
(525,	941464,	100.00,	808),
(526,	39,	594.00,	414),
(527,	256276633,	878.00,	919),
(528,	121881,	964.00,	26),
(529,	9592,	177.00,	251),
(530,	816,	873.00,	424),
(531,	24881,	1117.00,	419),
(532,	5,	925.00,	637),
(533,	9268,	455.00,	801),
(534,	98734,	410.00,	518),
(535,	741,	1128.00,	778),
(536,	6527730,	608.00,	65),
(537,	2245202,	381.00,	541),
(538,	33322,	163.00,	802),
(539,	55129,	193.00,	924),
(540,	15,	1153.00,	924),
(541,	0,	941.00,	233),
(542,	2761177,	238.00,	61),
(543,	38831102,	492.00,	484),
(544,	67,	1151.00,	828),
(545,	9674,	1134.00,	102),
(546,	4,	619.00,	919),
(547,	326,	952.00,	906),
(548,	383356,	430.00,	242),
(549,	4,	378.00,	701),
(550,	86,	1173.00,	598),
(551,	127030279,	318.00,	29),
(552,	48784,	382.00,	848),
(553,	960851,	436.00,	206),
(554,	175642,	419.00,	854),
(555,	458143,	771.00,	313),
(556,	833421,	849.00,	987),
(557,	6,	973.00,	714),
(558,	3852672,	742.00,	554),
(559,	6152,	1029.00,	175),
(560,	94383,	235.00,	612),
(561,	30369450,	64.00,	525),
(562,	5,	569.00,	264),
(563,	4424,	89.00,	306),
(564,	363356231,	71.00,	72),
(565,	6,	876.00,	642),
(566,	64348004,	978.00,	15),
(567,	304,	740.00,	457),
(568,	232,	653.00,	169),
(569,	46488747,	550.00,	452),
(570,	771562,	1010.00,	505),
(571,	744,	41.00,	512),
(572,	1,	896.00,	858),
(573,	86158,	261.00,	440),
(574,	78818,	993.00,	646),
(575,	77600,	1013.00,	296),
(576,	9661,	1008.00,	437),
(577,	297637,	94.00,	934),
(578,	722879,	956.00,	224),
(579,	709147490,	88.00,	922),
(580,	42,	352.00,	576),
(581,	475858813,	918.00,	679),
(582,	12385838,	1137.00,	803),
(583,	59059,	715.00,	313),
(584,	59432,	388.00,	240),
(585,	32,	889.00,	709),
(586,	45,	765.00,	13),
(587,	63361,	256.00,	469),
(588,	97059,	1180.00,	527),
(589,	449,	429.00,	56),
(590,	54,	541.00,	688),
(591,	8457,	56.00,	457),
(592,	708973,	261.00,	299),
(593,	47789394,	80.00,	147),
(594,	824774623,	585.00,	937),
(595,	294340,	728.00,	900),
(596,	335,	1090.00,	542),
(597,	3841332,	403.00,	320),
(598,	26,	395.00,	676),
(599,	16520,	392.00,	153),
(600,	4,	472.00,	103),
(601,	32935477,	1030.00,	18),
(602,	7749348,	670.00,	738),
(603,	1250,	1023.00,	839),
(604,	572189682,	1165.00,	850),
(605,	551,	67.00,	788),
(606,	967615576,	34.00,	641),
(607,	3882655,	781.00,	314),
(608,	30906641,	1030.00,	701),
(609,	9158722,	665.00,	781),
(610,	4564,	1186.00,	242),
(611,	56,	578.00,	435),
(612,	23344213,	755.00,	439),
(613,	1719,	856.00,	795),
(614,	6750,	889.00,	956),
(615,	5084,	892.00,	999),
(616,	1,	94.00,	98),
(617,	9544428,	645.00,	252),
(618,	38579,	333.00,	864),
(619,	924,	931.00,	309),
(620,	995501,	748.00,	375),
(621,	507,	1047.00,	606),
(622,	43,	1099.00,	601),
(623,	51891538,	556.00,	99),
(624,	6,	503.00,	371),
(625,	120225586,	991.00,	461),
(626,	64,	859.00,	797),
(627,	4,	275.00,	822),
(628,	5804103,	262.00,	514),
(629,	966332,	462.00,	293),
(630,	3,	77.00,	391),
(631,	9617494,	529.00,	559),
(632,	9652682,	694.00,	282),
(633,	7852,	449.00,	267),
(634,	593389,	213.00,	45),
(635,	277060,	856.00,	117),
(636,	69967,	853.00,	448),
(637,	14,	197.00,	79),
(638,	29806578,	372.00,	790),
(639,	909351,	198.00,	58),
(640,	261282081,	931.00,	134),
(641,	93252239,	208.00,	880),
(642,	166192,	792.00,	740),
(643,	8,	180.00,	345),
(644,	247,	33.00,	281),
(645,	0,	1007.00,	962),
(646,	30,	353.00,	110),
(647,	75249,	245.00,	639),
(648,	835,	438.00,	682),
(649,	8,	826.00,	971),
(650,	6740784,	546.00,	295),
(651,	424646857,	846.00,	431),
(652,	2,	587.00,	4),
(653,	83024525,	965.00,	806),
(654,	3199678,	299.00,	200),
(655,	904996534,	895.00,	683),
(656,	37,	1051.00,	232),
(657,	87308240,	269.00,	978),
(658,	7826,	435.00,	128),
(659,	69116,	33.00,	749),
(660,	41305714,	227.00,	333),
(661,	852,	658.00,	30),
(662,	2348,	313.00,	55),
(663,	38589549,	516.00,	788),
(664,	8325,	581.00,	473),
(665,	13619,	797.00,	486),
(666,	753468,	613.00,	504),
(667,	501184309,	992.00,	513),
(668,	871,	369.00,	622),
(669,	52694,	774.00,	251),
(670,	175825794,	894.00,	317),
(671,	48762,	233.00,	485),
(672,	678,	1036.00,	907),
(673,	248828992,	1011.00,	411),
(674,	0,	67.00,	532),
(675,	6,	825.00,	542),
(676,	4547040,	923.00,	101),
(677,	7,	1058.00,	37),
(678,	812219,	906.00,	186),
(679,	49,	885.00,	744),
(680,	2,	1016.00,	598),
(681,	33135,	547.00,	120),
(682,	36398,	201.00,	616),
(683,	220555597,	934.00,	226),
(684,	31,	233.00,	34),
(685,	354,	392.00,	986),
(686,	149635,	866.00,	394),
(687,	5610213,	969.00,	777),
(688,	2543,	689.00,	379),
(689,	2368596,	993.00,	962),
(690,	514311,	413.00,	396),
(691,	859,	586.00,	816),
(692,	361771460,	1181.00,	857),
(693,	327,	490.00,	674),
(694,	7202555,	266.00,	197),
(695,	324987712,	686.00,	802),
(696,	105,	837.00,	922),
(697,	12069908,	1187.00,	269),
(698,	57010,	405.00,	503),
(699,	72,	131.00,	312),
(700,	9,	506.00,	29),
(701,	4095660,	858.00,	430),
(702,	4,	146.00,	401),
(703,	30964730,	382.00,	960),
(704,	779,	710.00,	542),
(705,	251908982,	27.00,	916),
(706,	7715536,	471.00,	642),
(707,	37,	612.00,	733),
(708,	393393,	619.00,	537),
(709,	84374,	208.00,	917),
(710,	7853925,	1157.00,	527),
(711,	235,	845.00,	428),
(712,	67,	49.00,	9),
(713,	7985,	749.00,	4),
(714,	568490,	363.00,	100),
(715,	3324,	308.00,	576),
(716,	14,	1002.00,	554),
(717,	636018897,	898.00,	934),
(718,	2503995,	952.00,	186),
(719,	15482,	294.00,	796),
(720,	281,	325.00,	353),
(721,	53267751,	1131.00,	355),
(722,	7371998,	931.00,	858),
(723,	9,	216.00,	385),
(724,	55072791,	332.00,	168),
(725,	50721,	568.00,	314),
(726,	96502820,	209.00,	264),
(727,	55969766,	551.00,	429),
(728,	1316,	1104.00,	925),
(729,	2115635,	486.00,	917),
(730,	59220,	951.00,	655),
(731,	50648600,	612.00,	590),
(732,	26780,	425.00,	261),
(733,	33486402,	427.00,	376),
(734,	846806501,	117.00,	466),
(735,	600120,	372.00,	423),
(736,	996098504,	524.00,	107),
(737,	5050177,	1067.00,	809),
(738,	40309317,	923.00,	453),
(739,	51,	78.00,	404),
(740,	77,	516.00,	108),
(741,	0,	566.00,	566),
(742,	556553,	191.00,	681),
(743,	8228349,	173.00,	63),
(744,	9410,	902.00,	726),
(745,	157053625,	598.00,	65),
(746,	4,	806.00,	330),
(747,	23583811,	1093.00,	126),
(748,	4718,	973.00,	163),
(749,	468797,	990.00,	343),
(750,	727315,	976.00,	676),
(751,	69609111,	814.00,	295),
(752,	47568,	1089.00,	491),
(753,	54098061,	622.00,	171),
(754,	17,	886.00,	796),
(755,	669419,	203.00,	451),
(756,	77460300,	1120.00,	425),
(757,	58,	915.00,	616),
(758,	380598,	663.00,	113),
(759,	4269,	444.00,	222),
(760,	212305,	263.00,	607),
(761,	5,	128.00,	482),
(762,	41924,	718.00,	571),
(763,	1156,	199.00,	472),
(764,	1233620,	1175.00,	796),
(765,	724603,	270.00,	830),
(766,	3,	1088.00,	992),
(767,	4014,	1173.00,	575),
(768,	216110,	666.00,	975),
(769,	43,	526.00,	85),
(770,	7539560,	843.00,	603),
(771,	7611073,	1119.00,	178),
(772,	2042826,	966.00,	661),
(773,	3884,	693.00,	575),
(774,	54040115,	234.00,	881),
(775,	58,	566.00,	689),
(776,	7821242,	1068.00,	983),
(777,	56098,	227.00,	304),
(778,	9,	183.00,	74),
(779,	7825848,	707.00,	956),
(780,	5411,	263.00,	159),
(781,	7396552,	1105.00,	804),
(782,	19928,	264.00,	127),
(783,	857,	926.00,	684),
(784,	660,	1187.00,	904),
(785,	54779170,	522.00,	194),
(786,	98965,	898.00,	421),
(787,	93736235,	368.00,	652),
(788,	274984508,	1148.00,	850),
(789,	3960831,	1112.00,	234),
(790,	2186,	965.00,	959),
(791,	71197,	1122.00,	904),
(792,	983967,	733.00,	998),
(793,	16,	491.00,	50),
(794,	7520,	349.00,	90),
(795,	91945891,	607.00,	420),
(796,	14460,	607.00,	106),
(797,	25984208,	407.00,	912),
(798,	528419,	583.00,	576),
(799,	477094,	1136.00,	17),
(800,	8,	75.00,	95),
(801,	2995,	1064.00,	630),
(802,	9611,	68.00,	949),
(803,	838975,	84.00,	46),
(804,	7225,	1162.00,	108),
(805,	261423,	1162.00,	852),
(806,	8993,	121.00,	473),
(807,	32389113,	305.00,	991),
(808,	677,	936.00,	165),
(809,	285587815,	425.00,	664),
(810,	7546,	515.00,	409),
(811,	2238368,	74.00,	404),
(812,	8234782,	838.00,	852),
(813,	350974963,	596.00,	448),
(814,	202709,	1045.00,	13),
(815,	1083463,	1049.00,	375),
(816,	538461,	176.00,	923),
(817,	4,	607.00,	481),
(818,	7213,	262.00,	648),
(819,	48226462,	1197.00,	746),
(820,	266805448,	1088.00,	901),
(821,	595528,	260.00,	923),
(822,	2,	128.00,	808),
(823,	5,	612.00,	340),
(824,	228,	875.00,	190),
(825,	849380,	739.00,	718),
(826,	38874229,	193.00,	312),
(827,	3471,	994.00,	942),
(828,	0,	538.00,	303),
(829,	652,	954.00,	355),
(830,	395704448,	476.00,	802),
(831,	758464,	34.00,	669),
(832,	92800441,	866.00,	631),
(833,	379,	210.00,	103),
(834,	7395,	634.00,	844),
(835,	32,	71.00,	572),
(836,	11,	626.00,	121),
(837,	186498,	449.00,	396),
(838,	3,	399.00,	720),
(839,	7,	484.00,	751),
(840,	2,	720.00,	520),
(841,	23181887,	53.00,	932),
(842,	901,	1100.00,	163),
(843,	4509,	267.00,	939),
(844,	636353,	411.00,	817),
(845,	4551616,	1126.00,	720),
(846,	38348,	370.00,	586),
(847,	3389,	122.00,	187),
(848,	907655,	916.00,	572),
(849,	163078,	933.00,	666),
(850,	2,	1026.00,	923),
(851,	90400283,	329.00,	930),
(852,	409,	340.00,	456),
(853,	293,	805.00,	480),
(854,	27136483,	1102.00,	745),
(855,	11,	321.00,	149),
(856,	5028904,	999.00,	805),
(857,	143603,	1117.00,	246),
(858,	64641,	351.00,	905),
(859,	628,	1075.00,	398),
(860,	16731,	43.00,	184),
(861,	47361112,	486.00,	190),
(862,	975292363,	1046.00,	880),
(863,	719750,	750.00,	61),
(864,	604131,	234.00,	169),
(865,	5,	939.00,	919),
(866,	2,	845.00,	562),
(867,	61916567,	337.00,	489),
(868,	4481301,	471.00,	64),
(869,	85625393,	481.00,	72),
(870,	54838733,	837.00,	707),
(871,	6851,	676.00,	824),
(872,	68,	606.00,	208),
(873,	56729291,	223.00,	381),
(874,	4906,	1065.00,	173),
(875,	1443,	682.00,	632),
(876,	92,	531.00,	500),
(877,	37,	435.00,	590),
(878,	4,	646.00,	332),
(879,	71,	903.00,	4),
(880,	50,	470.00,	292),
(881,	654269,	960.00,	461),
(882,	36,	249.00,	532),
(883,	1,	862.00,	883),
(884,	15,	1027.00,	642),
(885,	6764,	116.00,	852),
(886,	3592,	50.00,	754),
(887,	1177359,	239.00,	958),
(888,	28996,	143.00,	737),
(889,	7,	428.00,	479),
(890,	16736,	880.00,	248),
(891,	936,	57.00,	836),
(892,	9263020,	438.00,	614),
(893,	29305,	937.00,	166),
(894,	1409435,	657.00,	554),
(895,	7073669,	911.00,	234),
(896,	1220239,	1034.00,	6),
(897,	153987044,	855.00,	337),
(898,	3103949,	138.00,	639),
(899,	476,	958.00,	26),
(900,	8410549,	213.00,	736),
(901,	2391,	352.00,	327),
(902,	99983807,	770.00,	787),
(903,	70250,	613.00,	862),
(904,	67546425,	1070.00,	784),
(905,	966,	196.00,	634),
(906,	3053,	589.00,	669),
(907,	44,	131.00,	22),
(908,	19921,	73.00,	393),
(909,	498,	611.00,	476),
(910,	87,	1009.00,	765),
(911,	67929438,	437.00,	183),
(912,	47077548,	65.00,	36),
(913,	513287,	449.00,	25),
(914,	2218119,	435.00,	995),
(915,	30312,	395.00,	925),
(916,	97,	381.00,	897),
(917,	72311,	907.00,	386),
(918,	29357889,	719.00,	616),
(919,	69901,	465.00,	643),
(920,	61300,	914.00,	832),
(921,	5612878,	153.00,	690),
(922,	3,	897.00,	497),
(923,	1,	953.00,	873),
(924,	41004522,	948.00,	379),
(925,	861761,	219.00,	965),
(926,	36,	595.00,	633),
(927,	56507230,	467.00,	909),
(928,	466765812,	947.00,	466),
(929,	78582,	358.00,	772),
(930,	874024,	909.00,	480),
(931,	505618740,	470.00,	599),
(932,	602850,	1171.00,	447),
(933,	22,	833.00,	857),
(934,	8934,	20.00,	629),
(935,	27212793,	419.00,	547),
(936,	39,	30.00,	850),
(937,	8,	1152.00,	169),
(938,	28,	456.00,	255),
(939,	2570,	716.00,	66),
(940,	27993,	964.00,	18),
(941,	66644,	935.00,	500),
(942,	68652093,	766.00,	256),
(943,	211,	628.00,	74),
(944,	90,	582.00,	640),
(945,	3019770,	735.00,	909),
(946,	4,	1003.00,	717),
(947,	193269435,	315.00,	34),
(948,	8,	516.00,	584),
(949,	183178,	826.00,	697),
(950,	22553,	211.00,	540),
(951,	9,	868.00,	10),
(952,	1554,	659.00,	107),
(953,	506,	879.00,	638),
(954,	5,	785.00,	891),
(955,	10,	258.00,	357),
(956,	493368308,	479.00,	211),
(957,	761310607,	539.00,	747),
(958,	448,	1027.00,	224),
(959,	63524,	1011.00,	642),
(960,	5982716,	438.00,	847),
(961,	410,	216.00,	746),
(962,	987,	130.00,	378),
(963,	485830408,	127.00,	941),
(964,	3200,	177.00,	979),
(965,	9901460,	834.00,	143),
(966,	65,	471.00,	438),
(967,	10,	226.00,	242),
(968,	42789,	1137.00,	98),
(969,	464,	623.00,	478),
(970,	714926513,	551.00,	475),
(971,	5,	535.00,	648),
(972,	8843,	1084.00,	415),
(973,	358379,	255.00,	451),
(974,	7,	913.00,	306),
(975,	352720235,	1106.00,	661),
(976,	4361,	381.00,	913),
(977,	9567,	567.00,	938),
(978,	76526384,	1078.00,	750),
(979,	7,	79.00,	777),
(980,	2967,	754.00,	896),
(981,	1,	665.00,	592),
(982,	0,	73.00,	655),
(983,	1683386,	965.00,	132),
(984,	5275970,	79.00,	660),
(985,	9034453,	828.00,	859),
(986,	2591056,	1128.00,	673),
(987,	4363548,	279.00,	512),
(988,	3,	1085.00,	235),
(989,	200196366,	147.00,	659),
(990,	6,	1024.00,	143),
(991,	7,	65.00,	953),
(992,	543345994,	297.00,	76),
(993,	756604047,	241.00,	823),
(994,	431119,	781.00,	170),
(995,	6567,	606.00,	72),
(996,	76,	400.00,	352),
(997,	710042,	1060.00,	702),
(998,	760,	1103.00,	578),
(999,	880808251,	523.00,	212),
(1000,	62660,	542.00,	821);

DROP TABLE IF EXISTS `produtos`;
CREATE TABLE `produtos` (
  `id` int(11) NOT NULL AUTO_INCREMENT,
  `descricao` varchar(100) COLLATE utf8mb4_unicode_ci NOT NULL,
  `unidade` char(5) COLLATE utf8mb4_unicode_ci NOT NULL,
  `cadastro` datetime NOT NULL,
  PRIMARY KEY (`id`)
) ENGINE=InnoDB DEFAULT CHARSET=utf8mb4 COLLATE=utf8mb4_unicode_ci;

INSERT INTO `produtos` (`id`, `descricao`, `unidade`, `cadastro`) VALUES
(1,	'Facilis tempore quis.',	'Ckohz',	'2011-03-26 00:00:00'),
(2,	'Itaque delectus.',	'Klzfi',	'1972-10-10 00:00:00'),
(3,	'Commodi tempora veniam debitis quo.',	'Moffy',	'1990-01-29 00:00:00'),
(4,	'Eaque aspernatur consequatur enim.',	'Dah',	'1997-12-21 00:00:00'),
(5,	'Harum quis corporis.',	'Syr',	'1987-07-06 00:00:00'),
(6,	'Asperiores perferendis sint et voluptatem.',	'Ujhtd',	'1990-03-04 00:00:00'),
(7,	'Vel est et aliquam minus.',	'Pnly',	'2014-01-09 00:00:00'),
(8,	'Iure ex et magnam.',	'Jlf',	'2010-09-05 00:00:00'),
(9,	'Et molestiae quia ratione.',	'Ypdk',	'1974-05-17 00:00:00'),
(10,	'Ipsa eum quos.',	'Cmxf',	'1983-04-09 00:00:00'),
(11,	'Aut voluptatum nulla est.',	'Wlgka',	'1992-07-26 00:00:00'),
(12,	'Sint nulla accusamus.',	'Kkoqf',	'1982-05-06 00:00:00'),
(13,	'Asperiores suscipit beatae ipsam.',	'Ahu',	'1983-08-27 00:00:00'),
(14,	'Magni similique laboriosam.',	'Qehj',	'1981-04-08 00:00:00'),
(15,	'Facere voluptate sequi.',	'Gkjg',	'2011-02-11 00:00:00'),
(16,	'Commodi ut velit.',	'Jmg',	'1991-07-21 00:00:00'),
(17,	'Ex animi enim.',	'Wbzn',	'2008-03-20 00:00:00'),
(18,	'Nesciunt aut fuga.',	'Aahb',	'1986-05-14 00:00:00'),
(19,	'Et ipsam quia molestiae.',	'Oqjd',	'1981-12-18 00:00:00'),
(20,	'Culpa magnam consequatur beatae.',	'Afymv',	'1974-10-22 00:00:00'),
(21,	'Ut eos est ut id.',	'Xptq',	'2001-08-13 00:00:00'),
(22,	'Et non.',	'Ntykk',	'1986-11-14 00:00:00'),
(23,	'Aliquid sit et.',	'Gwai',	'1993-06-10 00:00:00'),
(24,	'Illo consectetur eaque.',	'Bhl',	'2005-02-04 00:00:00'),
(25,	'Beatae quas laboriosam cumque.',	'Xxc',	'2013-02-02 00:00:00'),
(26,	'Similique ipsam quo.',	'Geu',	'2005-10-28 00:00:00'),
(27,	'Est repellendus neque.',	'Znit',	'1990-08-31 00:00:00'),
(28,	'Veniam enim animi veritatis.',	'Pam',	'1987-02-25 00:00:00'),
(29,	'Laboriosam est provident vero.',	'Ixqn',	'2008-10-06 00:00:00'),
(30,	'Quaerat quia quaerat.',	'Uldw',	'1974-10-02 00:00:00'),
(31,	'Et omnis eaque porro.',	'Qxvwt',	'1986-06-04 00:00:00'),
(32,	'Ut quam et.',	'Itclp',	'1982-10-17 00:00:00'),
(33,	'Nulla corporis culpa.',	'Rvzy',	'2010-05-11 00:00:00'),
(34,	'Minus illo architecto.',	'Oipgw',	'1986-04-13 00:00:00'),
(35,	'Molestias repudiandae dolorem.',	'Dkju',	'1996-10-25 00:00:00'),
(36,	'Rerum dolorem tenetur quasi.',	'Tzfyd',	'2004-09-05 00:00:00'),
(37,	'Expedita et nesciunt.',	'Pmjx',	'1978-12-31 00:00:00'),
(38,	'Eos quis sit.',	'Lhrrl',	'1978-05-11 00:00:00'),
(39,	'Officia ad nemo qui facilis.',	'Vbv',	'2016-07-11 00:00:00'),
(40,	'Exercitationem et.',	'Pkxia',	'1981-08-09 00:00:00'),
(41,	'Molestiae ad aut ut.',	'Qpeg',	'1983-11-17 00:00:00'),
(42,	'Est necessitatibus cumque.',	'Pyr',	'2013-08-18 00:00:00'),
(43,	'Numquam laborum et.',	'Rvqfx',	'1990-07-11 00:00:00'),
(44,	'Non dolor ut est.',	'Npru',	'2015-02-21 00:00:00'),
(45,	'Est aspernatur qui est.',	'Qkoo',	'2000-01-01 00:00:00'),
(46,	'Dolore repellat odit et.',	'Ybvpn',	'2014-11-19 00:00:00'),
(47,	'Et recusandae molestiae fugit.',	'Irw',	'1986-02-24 00:00:00'),
(48,	'Facere occaecati impedit eos.',	'Ptl',	'1972-05-23 00:00:00'),
(49,	'Sit ut cum.',	'Ugmqp',	'2016-04-27 00:00:00'),
(50,	'Quasi laborum et.',	'Rhgec',	'2001-12-23 00:00:00'),
(51,	'Quaerat doloremque dolores architecto.',	'Xwpnm',	'1981-06-14 00:00:00'),
(52,	'Amet numquam dolor.',	'Vza',	'1998-03-11 00:00:00'),
(53,	'Dignissimos ducimus perspiciatis provident facilis.',	'Xvs',	'1979-10-22 00:00:00'),
(54,	'Consequatur soluta possimus.',	'Nvo',	'2007-05-14 00:00:00'),
(55,	'Quisquam dolor deleniti cumque.',	'Vkwz',	'1996-10-30 00:00:00'),
(56,	'Velit et ipsa voluptatibus ut.',	'Ghk',	'1997-10-24 00:00:00'),
(57,	'Veniam accusantium pariatur.',	'Jpncy',	'2009-01-16 00:00:00'),
(58,	'Iste voluptatem vel.',	'Bwv',	'2004-01-20 00:00:00'),
(59,	'Voluptas quia architecto.',	'Qbis',	'2000-11-29 00:00:00'),
(60,	'Quis eius aliquid.',	'Fof',	'2000-12-14 00:00:00'),
(61,	'Et et soluta at.',	'Tfbi',	'2012-03-03 00:00:00'),
(62,	'Cupiditate harum.',	'Gnig',	'2006-07-09 00:00:00'),
(63,	'Alias eos rerum.',	'Nphx',	'2007-07-08 00:00:00'),
(64,	'Explicabo ut harum officiis.',	'Ujkxp',	'1987-02-13 00:00:00'),
(65,	'Delectus magnam perferendis.',	'Hoxb',	'1998-07-08 00:00:00'),
(66,	'Accusantium itaque exercitationem vel.',	'Xsasv',	'1979-08-08 00:00:00'),
(67,	'Consequatur est molestias ullam.',	'Xegb',	'1998-10-08 00:00:00'),
(68,	'Sed repellat et.',	'Davr',	'1991-08-22 00:00:00'),
(69,	'Voluptatem sapiente nisi.',	'Zrcvh',	'1989-04-21 00:00:00'),
(70,	'Aliquam aliquid vero voluptatibus.',	'Gdwlq',	'1995-11-09 00:00:00'),
(71,	'Et voluptate nam ex.',	'Xuui',	'2008-09-03 00:00:00'),
(72,	'Id eos in.',	'Ccup',	'1994-05-13 00:00:00'),
(73,	'Non quisquam dolor quis porro.',	'Lodwc',	'1979-07-02 00:00:00'),
(74,	'Quibusdam velit ipsum quo.',	'Uoag',	'2013-07-10 00:00:00'),
(75,	'Rerum porro et.',	'Ogxx',	'1973-05-02 00:00:00'),
(76,	'Molestiae aperiam maiores.',	'Qrrcv',	'1992-10-15 00:00:00'),
(77,	'Eum quisquam et.',	'Bxr',	'1999-08-08 00:00:00'),
(78,	'Aperiam et enim.',	'Ezvgr',	'1988-07-30 00:00:00'),
(79,	'Aliquid qui libero quia.',	'Abdpt',	'1983-06-19 00:00:00'),
(80,	'Et placeat laudantium.',	'Whuhz',	'1995-05-25 00:00:00'),
(81,	'Rerum dolore voluptate magni.',	'Mcw',	'2008-12-16 00:00:00'),
(82,	'Eveniet error possimus.',	'Atg',	'1988-10-27 00:00:00'),
(83,	'Ut omnis.',	'Cwfaf',	'1992-01-09 00:00:00'),
(84,	'Eligendi dolor voluptas dolores.',	'Qmh',	'1988-12-04 00:00:00'),
(85,	'Cum dolores error.',	'Kdty',	'1981-01-29 00:00:00'),
(86,	'Aliquid aut veniam.',	'Xhftn',	'2017-01-21 00:00:00'),
(87,	'Reiciendis tempora unde deserunt.',	'Oscr',	'2015-05-10 00:00:00'),
(88,	'Eum dicta dicta illo omnis.',	'Ujj',	'1973-12-24 00:00:00'),
(89,	'Nobis voluptate quo.',	'Iug',	'2002-05-09 00:00:00'),
(90,	'Est est eos.',	'Pvy',	'1979-04-23 00:00:00'),
(91,	'Illum aut et et.',	'Jjobb',	'1986-12-11 00:00:00'),
(92,	'Consequatur consectetur unde mollitia.',	'Seu',	'1982-02-21 00:00:00'),
(93,	'Ut sit.',	'Lcrmu',	'1977-07-11 00:00:00'),
(94,	'Assumenda earum facere.',	'Jwun',	'2014-01-02 00:00:00'),
(95,	'Et amet minus.',	'Luzql',	'1972-10-06 00:00:00'),
(96,	'Neque quo minima unde.',	'Irtpn',	'1985-03-13 00:00:00'),
(97,	'Dolorum quidem distinctio veniam.',	'Ykj',	'1982-11-15 00:00:00'),
(98,	'Eos impedit dolorem animi.',	'Hsdpg',	'1975-07-24 00:00:00'),
(99,	'Culpa sed consequuntur.',	'Kanm',	'2003-12-28 00:00:00'),
(100,	'Saepe vel fugit.',	'Kymsj',	'1998-07-14 00:00:00'),
(101,	'Qui delectus quam tempora.',	'Iyyvg',	'2011-01-19 00:00:00'),
(102,	'Ea molestiae voluptatibus aut.',	'Pxzpc',	'1971-02-28 00:00:00'),
(103,	'Quia dolorem officiis a.',	'Jtxhy',	'1999-07-12 00:00:00'),
(104,	'Dicta reprehenderit placeat rerum.',	'Kui',	'2000-05-13 00:00:00'),
(105,	'Et possimus sed qui.',	'Buas',	'1984-10-06 00:00:00'),
(106,	'Aliquid repellat ut.',	'Azm',	'1997-04-13 00:00:00'),
(107,	'Ea magni eius.',	'Zdiob',	'1970-06-17 00:00:00'),
(108,	'Aut aut corporis.',	'Hbb',	'2011-11-14 00:00:00'),
(109,	'Tempora in eveniet aliquam.',	'Klvw',	'2002-12-18 00:00:00'),
(110,	'Sapiente eligendi maiores.',	'Iqi',	'1975-08-07 00:00:00'),
(111,	'Repellat distinctio nobis.',	'Ezc',	'1986-08-02 00:00:00'),
(112,	'Nihil pariatur quas.',	'Ypv',	'1983-03-14 00:00:00'),
(113,	'Quae blanditiis quia.',	'Njy',	'1994-12-27 00:00:00'),
(114,	'Eius aut blanditiis.',	'Iwg',	'2010-12-02 00:00:00'),
(115,	'Eius in.',	'Owm',	'1992-02-14 00:00:00'),
(116,	'Fuga eos iure.',	'Xpihr',	'2010-08-30 00:00:00'),
(117,	'Ut qui nobis.',	'Qhqg',	'1986-12-28 00:00:00'),
(118,	'Ut nisi.',	'Djrbq',	'1982-11-20 00:00:00'),
(119,	'Dolor voluptatem asperiores earum.',	'Vqykm',	'1985-01-10 00:00:00'),
(120,	'Similique distinctio aut.',	'Rvq',	'2012-07-13 00:00:00'),
(121,	'Accusantium aliquam nemo hic.',	'Prdq',	'1978-07-12 00:00:00'),
(122,	'Ad rerum repudiandae saepe.',	'Gawi',	'1997-06-16 00:00:00'),
(123,	'Fuga quia eaque.',	'Zawjn',	'1989-05-31 00:00:00'),
(124,	'Possimus sunt beatae.',	'Zpm',	'1995-02-05 00:00:00'),
(125,	'Tenetur enim totam reiciendis.',	'Yldlu',	'1987-11-06 00:00:00'),
(126,	'Sapiente ut cupiditate.',	'Eoi',	'1996-11-14 00:00:00'),
(127,	'Aut nostrum blanditiis consequatur.',	'Oorxm',	'2002-05-20 00:00:00'),
(128,	'Molestias eaque.',	'Czrl',	'1981-10-03 00:00:00'),
(129,	'Voluptas delectus architecto quidem.',	'Thl',	'2012-07-19 00:00:00'),
(130,	'Qui molestias.',	'Lye',	'2016-09-05 00:00:00'),
(131,	'Asperiores odit officiis in.',	'Mnzoh',	'2000-06-01 00:00:00'),
(132,	'Et molestiae deserunt dolor.',	'Ymxqv',	'1973-11-02 00:00:00'),
(133,	'Qui eaque ipsum nemo.',	'Pxpw',	'1993-07-23 00:00:00'),
(134,	'Repellendus saepe nesciunt.',	'Ypq',	'1980-10-20 00:00:00'),
(135,	'Cupiditate sed dicta molestiae.',	'Lvil',	'2008-07-28 00:00:00'),
(136,	'Nulla asperiores explicabo.',	'Sdi',	'2013-11-08 00:00:00'),
(137,	'Est est molestias quo.',	'Cksy',	'2004-06-03 00:00:00'),
(138,	'Aut accusamus voluptatem porro.',	'Gzbw',	'2017-07-23 00:00:00'),
(139,	'Dignissimos rerum accusantium tenetur debitis.',	'Pxhfg',	'2006-04-07 00:00:00'),
(140,	'Hic est deserunt unde.',	'Ghsqn',	'2010-11-22 00:00:00'),
(141,	'Nisi quaerat ipsum quisquam.',	'Otf',	'1987-11-29 00:00:00'),
(142,	'Dolore architecto labore.',	'Bhn',	'1981-12-29 00:00:00'),
(143,	'Illum corrupti et qui eum.',	'Uinpr',	'1980-02-19 00:00:00'),
(144,	'Qui deleniti.',	'Cwzwf',	'1989-12-02 00:00:00'),
(145,	'Sunt in aut ut.',	'Kkqkk',	'2005-04-17 00:00:00'),
(146,	'Sed consequatur officiis et.',	'Kgkwt',	'2006-03-20 00:00:00'),
(147,	'Rerum dolorem nihil.',	'Ulam',	'1976-09-05 00:00:00'),
(148,	'Dolor rerum rerum.',	'Jqxg',	'1972-06-07 00:00:00'),
(149,	'Minima est tempore.',	'Rzs',	'1978-11-18 00:00:00'),
(150,	'Aut sint perferendis.',	'Trqip',	'1991-10-24 00:00:00'),
(151,	'Est recusandae voluptatem facilis.',	'Yuy',	'1979-03-26 00:00:00'),
(152,	'Repellendus earum dolores.',	'Ane',	'1980-04-26 00:00:00'),
(153,	'Doloribus quam enim.',	'Crgke',	'1981-03-09 00:00:00'),
(154,	'Odit possimus tempora cupiditate.',	'Rcvj',	'2005-08-19 00:00:00'),
(155,	'Fugit dolorem quasi.',	'Pmdwh',	'1986-07-26 00:00:00'),
(156,	'Eum corporis non.',	'Zoguk',	'1972-06-21 00:00:00'),
(157,	'Pariatur reprehenderit aliquid voluptatum.',	'Cti',	'2008-03-23 00:00:00'),
(158,	'Molestias est laborum et.',	'Tiqp',	'1996-02-04 00:00:00'),
(159,	'Ut incidunt quisquam ut.',	'Kigl',	'2003-10-06 00:00:00'),
(160,	'Officia ut eveniet.',	'Wsm',	'1993-04-14 00:00:00'),
(161,	'Omnis amet qui id.',	'Zsvg',	'2003-03-26 00:00:00'),
(162,	'Ea dicta asperiores nostrum aspernatur.',	'Qmazn',	'1990-03-05 00:00:00'),
(163,	'Dolorem quia qui ipsum.',	'Zwbxn',	'2006-05-30 00:00:00'),
(164,	'Voluptas dicta sint.',	'Vwt',	'2014-07-03 00:00:00'),
(165,	'Sapiente cum ipsam et.',	'Vwz',	'1992-04-15 00:00:00'),
(166,	'Provident aut nostrum provident.',	'Chrm',	'1984-08-10 00:00:00'),
(167,	'Facilis consequatur omnis dignissimos.',	'Pznh',	'1979-06-20 00:00:00'),
(168,	'Rerum recusandae provident reprehenderit.',	'Zgqu',	'1977-09-22 00:00:00'),
(169,	'Soluta mollitia quod adipisci.',	'Dngh',	'1989-11-20 00:00:00'),
(170,	'Voluptatum debitis dolor et.',	'Cpxlo',	'1976-11-06 00:00:00'),
(171,	'Mollitia repellat rerum.',	'Ntvn',	'2008-06-20 00:00:00'),
(172,	'Doloremque sapiente facilis et.',	'Dwmr',	'1993-12-18 00:00:00'),
(173,	'Odio velit aut tenetur.',	'Eolwb',	'1980-11-21 00:00:00'),
(174,	'Sint quia debitis sed.',	'Rofia',	'1983-12-20 00:00:00'),
(175,	'Est quae eius id excepturi.',	'Sxg',	'1973-01-08 00:00:00'),
(176,	'Veritatis accusamus quia.',	'Bjgx',	'1981-07-06 00:00:00'),
(177,	'Unde est eum.',	'Upf',	'2007-10-11 00:00:00'),
(178,	'Non provident sunt est.',	'Qnwk',	'1992-10-15 00:00:00'),
(179,	'Suscipit odit est deleniti.',	'Cjb',	'2007-10-23 00:00:00'),
(180,	'Officiis nemo nulla aut.',	'Fhu',	'1980-11-25 00:00:00'),
(181,	'Non vitae commodi quos voluptatem.',	'Ltby',	'1987-04-08 00:00:00'),
(182,	'Dolorem fugiat adipisci perferendis.',	'Horl',	'1979-09-04 00:00:00'),
(183,	'Quis velit voluptatem cum.',	'Pbwig',	'1989-03-08 00:00:00'),
(184,	'Iste laboriosam tempore.',	'Xsoc',	'2013-08-21 00:00:00'),
(185,	'Deleniti est libero ipsum quia.',	'Cukzv',	'1993-10-31 00:00:00'),
(186,	'Saepe dolore id.',	'Yiv',	'2015-07-02 00:00:00'),
(187,	'Eos rerum occaecati esse.',	'Xlcra',	'2005-01-15 00:00:00'),
(188,	'Consequatur tempore qui et.',	'Rcy',	'1983-11-30 00:00:00'),
(189,	'Nemo est qui quo.',	'Szt',	'1987-01-03 00:00:00'),
(190,	'Earum ut et.',	'Xpwo',	'1973-11-28 00:00:00'),
(191,	'Eum soluta omnis.',	'Tprzq',	'1985-11-17 00:00:00'),
(192,	'Doloribus totam consectetur.',	'Egahx',	'1988-05-26 00:00:00'),
(193,	'Est deserunt eos.',	'Ioymd',	'1970-10-28 00:00:00'),
(194,	'Aut sit odit.',	'Ccwze',	'1988-03-02 00:00:00'),
(195,	'Debitis et aliquid.',	'Kwkzm',	'2008-09-27 00:00:00'),
(196,	'Fuga eos.',	'Eyp',	'2007-11-24 00:00:00'),
(197,	'Ducimus rerum a.',	'Jjk',	'2006-03-20 00:00:00'),
(198,	'Et odio debitis et.',	'Zlwxc',	'2016-07-16 00:00:00'),
(199,	'Saepe minima et dignissimos.',	'Jwo',	'1971-04-21 00:00:00'),
(200,	'Non qui aut.',	'Phm',	'2016-01-24 00:00:00'),
(201,	'Possimus quo accusamus delectus.',	'Ooep',	'1982-04-10 00:00:00'),
(202,	'Excepturi laborum illo rem.',	'Qjgu',	'2005-03-27 00:00:00'),
(203,	'Itaque nisi nobis.',	'Fiv',	'1981-03-06 00:00:00'),
(204,	'Quos exercitationem beatae.',	'Kij',	'2012-05-13 00:00:00'),
(205,	'Voluptatem delectus ex ducimus.',	'Zceb',	'1995-12-25 00:00:00'),
(206,	'Iure repellat architecto ut blanditiis.',	'Tbuo',	'2004-02-17 00:00:00'),
(207,	'Incidunt tempore alias.',	'Qirrb',	'1970-05-22 00:00:00'),
(208,	'Eius doloremque aliquid.',	'Xkofn',	'1970-07-18 00:00:00'),
(209,	'Sed minus et quibusdam.',	'Rfk',	'2015-08-10 00:00:00'),
(210,	'Similique similique quo.',	'Zoqx',	'1970-02-11 00:00:00'),
(211,	'Et est itaque sequi.',	'Dal',	'1994-01-10 00:00:00'),
(212,	'Earum possimus consequatur.',	'Xrh',	'2002-06-30 00:00:00'),
(213,	'Natus quam rerum.',	'Bhc',	'1974-08-24 00:00:00'),
(214,	'Accusantium totam ad.',	'Jnbnk',	'2002-05-08 00:00:00'),
(215,	'Eveniet voluptatem non sit dignissimos.',	'Vumwg',	'1996-06-07 00:00:00'),
(216,	'Non provident cupiditate.',	'Vef',	'2013-10-26 00:00:00'),
(217,	'Sunt dicta exercitationem.',	'Uswh',	'1989-06-09 00:00:00'),
(218,	'Mollitia voluptatum quam beatae aut.',	'Yfq',	'2012-09-30 00:00:00'),
(219,	'Non inventore et occaecati.',	'Hssp',	'1975-04-10 00:00:00'),
(220,	'Optio numquam suscipit.',	'Ahx',	'2012-02-07 00:00:00'),
(221,	'Dolor porro saepe.',	'Zyx',	'1991-12-01 00:00:00'),
(222,	'Repellendus dolorum id.',	'Bukqw',	'1996-10-01 00:00:00'),
(223,	'Quod modi consequatur porro.',	'Dnr',	'1987-09-26 00:00:00'),
(224,	'Temporibus omnis sunt quae.',	'Onrf',	'2000-09-22 00:00:00'),
(225,	'Explicabo dolorem velit assumenda.',	'Vij',	'1975-04-08 00:00:00'),
(226,	'Quia earum.',	'Gzkk',	'2011-09-23 00:00:00'),
(227,	'Recusandae optio rerum.',	'Vrx',	'1983-11-26 00:00:00'),
(228,	'Fugit enim aut cumque eum.',	'Zqqc',	'1976-12-22 00:00:00'),
(229,	'Veniam voluptas dolorem voluptatem.',	'Ycp',	'1995-05-20 00:00:00'),
(230,	'Quaerat ut.',	'Dskfn',	'1972-07-09 00:00:00'),
(231,	'Nemo placeat quidem et.',	'Cywle',	'1974-03-19 00:00:00'),
(232,	'At corporis ipsum adipisci.',	'Tjaz',	'1977-07-10 00:00:00'),
(233,	'Aliquam magnam nulla.',	'Vlxq',	'1988-06-11 00:00:00'),
(234,	'Magni odit ullam.',	'Jajfc',	'1986-04-25 00:00:00'),
(235,	'Delectus deleniti dolorum.',	'Nsuc',	'1991-06-27 00:00:00'),
(236,	'Dolorum officia doloribus blanditiis eos.',	'Jgfmd',	'1988-05-03 00:00:00'),
(237,	'Non labore blanditiis aut.',	'Pah',	'1977-02-14 00:00:00'),
(238,	'Deleniti perspiciatis maxime.',	'Nvzs',	'1984-11-02 00:00:00'),
(239,	'Incidunt nulla provident.',	'Rxv',	'2010-01-28 00:00:00'),
(240,	'Minima recusandae quia quaerat.',	'Snej',	'1990-11-29 00:00:00'),
(241,	'Quae velit dolor.',	'Mkg',	'2010-07-10 00:00:00'),
(242,	'Ut sed quos itaque dicta.',	'Ozs',	'1997-01-09 00:00:00'),
(243,	'Rerum omnis animi sint earum.',	'Okft',	'1972-11-02 00:00:00'),
(244,	'Magni eligendi consequatur labore.',	'Pbvp',	'2013-04-19 00:00:00'),
(245,	'Voluptatem quasi eaque id.',	'Lzyk',	'2013-04-11 00:00:00'),
(246,	'Deleniti voluptas vitae quo.',	'Qne',	'1984-07-04 00:00:00'),
(247,	'Dolorum enim.',	'Fefp',	'1975-12-05 00:00:00'),
(248,	'Sit quia.',	'Xqm',	'2012-03-03 00:00:00'),
(249,	'Ea voluptates nam non.',	'Mteab',	'2009-05-02 00:00:00'),
(250,	'Adipisci et quasi incidunt.',	'Nuei',	'1983-02-10 00:00:00'),
(251,	'Tenetur quaerat.',	'Ceq',	'1988-11-20 00:00:00'),
(252,	'Quibusdam aut est ducimus.',	'Jrhoq',	'1999-01-13 00:00:00'),
(253,	'Sunt quo cumque.',	'Wnpfy',	'1988-09-29 00:00:00'),
(254,	'Sed et quibusdam.',	'Cznhr',	'1992-12-05 00:00:00'),
(255,	'Culpa ipsa facilis tenetur laudantium.',	'Zvyp',	'1982-04-17 00:00:00'),
(256,	'Sequi sunt fugiat.',	'Ecb',	'1975-10-21 00:00:00'),
(257,	'Quia voluptas sequi fugiat totam.',	'Gvmuz',	'1987-11-12 00:00:00'),
(258,	'Perspiciatis mollitia.',	'Zbu',	'1990-11-14 00:00:00'),
(259,	'Saepe autem.',	'Yugwi',	'1986-04-26 00:00:00'),
(260,	'Excepturi voluptatem eum.',	'Rza',	'2006-07-17 00:00:00'),
(261,	'Repudiandae quia.',	'Ptvrn',	'2001-10-06 00:00:00'),
(262,	'Enim voluptatum assumenda.',	'Qixch',	'1999-04-09 00:00:00'),
(263,	'Odit cupiditate consequuntur ducimus.',	'Edqnr',	'2000-05-16 00:00:00'),
(264,	'In nam.',	'Dzxgk',	'1980-10-03 00:00:00'),
(265,	'Repellat ut vero.',	'Tatza',	'1992-05-28 00:00:00'),
(266,	'Voluptate aliquid reprehenderit.',	'Tonjd',	'2010-04-06 00:00:00'),
(267,	'Dolor corrupti sint.',	'Rypjv',	'2001-04-14 00:00:00'),
(268,	'Ex tempora alias.',	'Mltzj',	'2016-02-11 00:00:00'),
(269,	'Omnis deleniti ducimus.',	'Ffsk',	'1999-09-08 00:00:00'),
(270,	'Est aut mollitia qui.',	'Ywu',	'1999-05-19 00:00:00'),
(271,	'Similique quo qui.',	'Xqme',	'1989-04-01 00:00:00'),
(272,	'Saepe est aut aut.',	'Tytsh',	'1989-10-27 00:00:00'),
(273,	'Quaerat id cupiditate perferendis.',	'Wdmx',	'1992-03-13 00:00:00'),
(274,	'Maxime omnis voluptatem.',	'Vdfaz',	'1994-10-10 00:00:00'),
(275,	'Assumenda maxime explicabo voluptatem.',	'Zdgvd',	'2016-08-21 00:00:00'),
(276,	'Autem rerum qui eius.',	'Ddap',	'1977-09-11 00:00:00'),
(277,	'Modi odio enim.',	'Ntb',	'1986-12-14 00:00:00'),
(278,	'Vitae accusamus sit.',	'Dxi',	'1977-09-08 00:00:00'),
(279,	'Corrupti rerum praesentium.',	'Kknk',	'1971-03-05 00:00:00'),
(280,	'Architecto dolor quam.',	'Schhu',	'2010-03-23 00:00:00'),
(281,	'Dolorem exercitationem ut expedita.',	'Iplzg',	'1975-11-17 00:00:00'),
(282,	'Ad hic sit omnis.',	'Ahp',	'1986-09-07 00:00:00'),
(283,	'Tempora minima doloremque.',	'Puvu',	'1981-05-22 00:00:00'),
(284,	'Ut ipsam eos veniam.',	'Lllc',	'1982-06-07 00:00:00'),
(285,	'Voluptas quos suscipit.',	'Cqt',	'1994-06-03 00:00:00'),
(286,	'Quia error sequi.',	'Lcbl',	'1977-07-04 00:00:00'),
(287,	'Itaque corrupti suscipit.',	'Ckwmd',	'1984-04-12 00:00:00'),
(288,	'Est itaque consequatur laborum.',	'Wil',	'1998-01-23 00:00:00'),
(289,	'Assumenda ipsa magni iusto.',	'Zmisp',	'2002-11-24 00:00:00'),
(290,	'Dicta quidem voluptate.',	'Kdr',	'1985-11-26 00:00:00'),
(291,	'Ratione aut est.',	'Xgggk',	'1980-10-15 00:00:00'),
(292,	'Assumenda vel non.',	'Xie',	'1997-02-14 00:00:00'),
(293,	'Officiis et laudantium tenetur.',	'Bjw',	'1970-09-16 00:00:00'),
(294,	'Esse nesciunt.',	'Ireow',	'1986-02-14 00:00:00'),
(295,	'Ipsa rem et quae.',	'Ejj',	'1993-09-19 00:00:00'),
(296,	'Veritatis dicta explicabo.',	'Nkq',	'1996-11-02 00:00:00'),
(297,	'Adipisci qui suscipit.',	'Qoye',	'1986-02-07 00:00:00'),
(298,	'At non magnam.',	'Tueei',	'1974-04-18 00:00:00'),
(299,	'Non dolores in nostrum.',	'Djje',	'2011-01-15 00:00:00'),
(300,	'Est tempora saepe amet.',	'Hpx',	'1987-09-06 00:00:00'),
(301,	'Fugiat id tenetur dolorem.',	'Yqs',	'1979-02-20 00:00:00'),
(302,	'Veritatis quae et.',	'Twu',	'2014-06-03 00:00:00'),
(303,	'Qui corrupti culpa.',	'Qxgn',	'1980-10-31 00:00:00'),
(304,	'Et quas nostrum sed.',	'Lfj',	'1971-04-06 00:00:00'),
(305,	'Porro laboriosam animi ut accusantium.',	'Psr',	'1978-03-27 00:00:00'),
(306,	'Vel est cumque perferendis.',	'Zpagm',	'2009-09-02 00:00:00'),
(307,	'Ut necessitatibus.',	'Wdnrx',	'1974-09-26 00:00:00'),
(308,	'Laudantium nisi accusamus enim.',	'Ogo',	'2017-05-07 00:00:00'),
(309,	'Ut unde rerum fugit.',	'Bmrlk',	'1977-12-17 00:00:00'),
(310,	'Impedit consequatur optio.',	'Ofs',	'2001-09-28 00:00:00'),
(311,	'Delectus ut neque.',	'Bnqkd',	'2009-05-20 00:00:00'),
(312,	'Voluptas quia et.',	'Jbnb',	'2002-07-17 00:00:00'),
(313,	'Est consequuntur rerum.',	'Yhtl',	'2013-04-16 00:00:00'),
(314,	'Doloremque minus quos.',	'Ruda',	'2017-04-01 00:00:00'),
(315,	'Dignissimos id velit expedita.',	'Iyn',	'2009-08-08 00:00:00'),
(316,	'Exercitationem nulla sed ea.',	'Asp',	'2005-07-22 00:00:00'),
(317,	'Est tempora reprehenderit enim.',	'Jlje',	'2008-05-23 00:00:00'),
(318,	'Est enim.',	'Kgisb',	'1988-12-04 00:00:00'),
(319,	'Qui id modi perferendis.',	'Bich',	'1981-02-01 00:00:00'),
(320,	'Quidem eaque aliquid.',	'Ivez',	'2009-01-31 00:00:00'),
(321,	'Reprehenderit dolores non eaque.',	'Wcaq',	'1978-01-02 00:00:00'),
(322,	'Ipsa blanditiis iusto eaque.',	'Civac',	'1980-01-01 00:00:00'),
(323,	'Beatae impedit deleniti nobis.',	'Lhyj',	'1999-08-31 00:00:00'),
(324,	'Impedit soluta.',	'Fbjyi',	'1985-07-10 00:00:00'),
(325,	'Officiis id officiis enim.',	'Zcf',	'1979-08-23 00:00:00'),
(326,	'Ut iusto qui.',	'Eal',	'1988-02-17 00:00:00'),
(327,	'Suscipit exercitationem possimus odio.',	'Icn',	'2006-01-05 00:00:00'),
(328,	'Sit illum enim laudantium.',	'Vog',	'2016-02-08 00:00:00'),
(329,	'Ex est.',	'Okuuw',	'2010-04-08 00:00:00'),
(330,	'Cupiditate ut dolores.',	'Sgr',	'1976-03-17 00:00:00'),
(331,	'Accusantium error atque.',	'Kulmv',	'1983-11-22 00:00:00'),
(332,	'Fuga ut enim.',	'Yvbh',	'2013-01-03 00:00:00'),
(333,	'Et voluptates quod aut perferendis.',	'Gwt',	'1991-06-02 00:00:00'),
(334,	'Asperiores magnam a repellendus.',	'Eugm',	'1978-02-16 00:00:00'),
(335,	'Ut aut consectetur libero sed.',	'Kimz',	'2005-12-28 00:00:00'),
(336,	'Id saepe iste.',	'Ipv',	'1985-05-01 00:00:00'),
(337,	'Blanditiis nobis ut.',	'Ejzmt',	'2007-05-25 00:00:00'),
(338,	'Est a autem laborum.',	'Npnz',	'1981-12-28 00:00:00'),
(339,	'Repellat consectetur velit quo.',	'Nmho',	'1993-05-15 00:00:00'),
(340,	'Occaecati et sequi ut.',	'Kwk',	'2011-12-01 00:00:00'),
(341,	'Dolor provident architecto.',	'Fxslm',	'2007-07-04 00:00:00'),
(342,	'Et est labore.',	'Olda',	'1973-11-29 00:00:00'),
(343,	'Possimus quo laborum quia.',	'Apeof',	'1997-12-07 00:00:00'),
(344,	'Et facere quasi non.',	'Jggi',	'2008-09-06 00:00:00'),
(345,	'Velit numquam rem.',	'Pnucs',	'2009-11-09 00:00:00'),
(346,	'Autem nostrum maiores.',	'Szy',	'2006-02-17 00:00:00'),
(347,	'Delectus dignissimos animi.',	'Ytheh',	'1998-07-15 00:00:00'),
(348,	'Soluta vel omnis nemo.',	'Ylyzi',	'1994-03-08 00:00:00'),
(349,	'Impedit atque quaerat.',	'Jjk',	'1979-09-17 00:00:00'),
(350,	'Illo corporis dignissimos mollitia.',	'Dmxpt',	'2007-02-17 00:00:00'),
(351,	'Et velit quo.',	'Kcmxr',	'1977-08-19 00:00:00'),
(352,	'Eum id deleniti voluptatem illum.',	'Ykq',	'1997-07-23 00:00:00'),
(353,	'Animi praesentium nesciunt dolor.',	'Soqmt',	'1975-09-07 00:00:00'),
(354,	'Deleniti velit.',	'Pnsgr',	'1990-07-02 00:00:00'),
(355,	'Dignissimos maiores eum.',	'Zqvp',	'1981-09-02 00:00:00'),
(356,	'Nam rem voluptatibus sed.',	'Vnrj',	'2003-07-02 00:00:00'),
(357,	'Odio occaecati fugiat totam.',	'Ofdux',	'2008-04-17 00:00:00'),
(358,	'Totam sit aliquam eum.',	'Oula',	'1996-09-07 00:00:00'),
(359,	'Voluptatem qui eius.',	'Hxzfy',	'1979-02-04 00:00:00'),
(360,	'Rerum est illum.',	'Fkn',	'1993-03-25 00:00:00'),
(361,	'Et ea labore totam.',	'Bpt',	'1971-06-28 00:00:00'),
(362,	'Totam error alias.',	'Ghnt',	'1991-07-29 00:00:00'),
(363,	'Officiis sequi accusantium iusto numquam.',	'Kbyqb',	'2016-11-17 00:00:00'),
(364,	'Labore molestiae et.',	'Vznx',	'2012-06-24 00:00:00'),
(365,	'Cum est esse.',	'Lkbwe',	'1987-05-28 00:00:00'),
(366,	'Quibusdam nisi ipsa.',	'Yaws',	'2003-10-14 00:00:00'),
(367,	'Tenetur perspiciatis in enim.',	'Xezv',	'2005-10-18 00:00:00'),
(368,	'Eum a aut magni.',	'Bhb',	'1984-07-24 00:00:00'),
(369,	'Voluptatem maiores magni quis.',	'Dbx',	'1980-01-03 00:00:00'),
(370,	'Sunt veritatis rerum consequatur.',	'Lawd',	'1983-03-27 00:00:00'),
(371,	'Temporibus at tenetur accusamus.',	'Egu',	'1998-06-05 00:00:00'),
(372,	'Id quo.',	'Xozq',	'1982-07-20 00:00:00'),
(373,	'Quis et quia.',	'Hqjn',	'2012-05-17 00:00:00'),
(374,	'Omnis qui a officia.',	'Lyewe',	'2002-12-10 00:00:00'),
(375,	'Incidunt eum consequuntur.',	'Yorvp',	'2014-05-21 00:00:00'),
(376,	'Sed consequatur illum totam.',	'Lroa',	'1972-01-12 00:00:00'),
(377,	'Ducimus repudiandae dolor.',	'Eei',	'1991-06-06 00:00:00'),
(378,	'Eveniet neque maxime eveniet.',	'Qddrk',	'1972-05-08 00:00:00'),
(379,	'Quaerat et.',	'Jnk',	'1998-10-07 00:00:00'),
(380,	'Cupiditate praesentium consequuntur corporis.',	'Xoro',	'2013-06-19 00:00:00'),
(381,	'Qui illum.',	'Xkksc',	'1988-09-30 00:00:00'),
(382,	'Quisquam ut facere voluptatem.',	'Rpuw',	'2009-11-11 00:00:00'),
(383,	'Nobis velit ad.',	'Gst',	'1979-04-23 00:00:00'),
(384,	'Pariatur esse enim.',	'Rfzpt',	'1986-08-22 00:00:00'),
(385,	'Voluptas ullam et corporis.',	'Blrlh',	'1984-07-06 00:00:00'),
(386,	'Quibusdam ut blanditiis nobis.',	'Ffazf',	'2002-12-25 00:00:00'),
(387,	'Sit libero perspiciatis ut.',	'Zuoeu',	'1984-05-11 00:00:00'),
(388,	'Quod maxime molestiae nam expedita.',	'Cajcz',	'1986-10-03 00:00:00'),
(389,	'Animi deleniti voluptatibus voluptas.',	'Kjuq',	'1976-01-21 00:00:00'),
(390,	'Incidunt reprehenderit quis at.',	'Scz',	'1996-12-20 00:00:00'),
(391,	'Sit recusandae harum eos.',	'Maa',	'2016-02-28 00:00:00'),
(392,	'Repellendus saepe est.',	'Mxs',	'1979-07-30 00:00:00'),
(393,	'Porro harum.',	'Ycrg',	'2010-11-06 00:00:00'),
(394,	'Natus sint.',	'Xxdf',	'1997-08-22 00:00:00'),
(395,	'Quaerat et iste.',	'Gphux',	'1991-12-20 00:00:00'),
(396,	'Aut doloremque quia perferendis.',	'Rdy',	'1972-11-01 00:00:00'),
(397,	'Voluptatem et voluptate quis.',	'Sgor',	'2011-02-03 00:00:00'),
(398,	'Repellat cumque nam nihil unde.',	'Pdls',	'1972-11-08 00:00:00'),
(399,	'Aut saepe inventore animi.',	'Vqh',	'1999-05-23 00:00:00'),
(400,	'Repudiandae et deserunt.',	'Fezgd',	'2007-12-04 00:00:00'),
(401,	'Eum eum.',	'Gwk',	'2017-04-09 00:00:00'),
(402,	'Dolor numquam commodi doloremque.',	'Vktkk',	'2004-07-26 00:00:00'),
(403,	'Non facilis odit libero.',	'Ugs',	'1974-01-03 00:00:00'),
(404,	'Id dolore sunt.',	'Voova',	'2003-01-22 00:00:00'),
(405,	'Porro excepturi molestias distinctio.',	'Qdiz',	'1999-02-08 00:00:00'),
(406,	'Provident omnis in.',	'Rcrus',	'2013-03-28 00:00:00'),
(407,	'Veritatis omnis ea.',	'Kth',	'2000-03-23 00:00:00'),
(408,	'Dolor ipsam iure minima.',	'Sdndy',	'1972-12-15 00:00:00'),
(409,	'Optio et sequi et.',	'Xgate',	'2002-09-10 00:00:00'),
(410,	'Maiores autem atque.',	'Rft',	'2006-07-26 00:00:00'),
(411,	'Laborum quia molestias.',	'Tja',	'1975-06-01 00:00:00'),
(412,	'Ut non.',	'Brvv',	'1998-08-11 00:00:00'),
(413,	'Ipsam velit temporibus incidunt.',	'Fgig',	'1976-05-18 00:00:00'),
(414,	'Maxime aut quibusdam.',	'Icpm',	'2005-12-07 00:00:00'),
(415,	'Quos corrupti occaecati molestiae.',	'Jokc',	'2005-03-06 00:00:00'),
(416,	'Sit molestiae laborum nisi.',	'Dap',	'2014-12-16 00:00:00'),
(417,	'Deserunt enim laborum.',	'Sgywr',	'2007-12-05 00:00:00'),
(418,	'Blanditiis consequatur fugiat.',	'Kmmfp',	'1979-04-13 00:00:00'),
(419,	'Occaecati itaque voluptatem.',	'Gag',	'1978-05-24 00:00:00'),
(420,	'Qui dolorum voluptatibus.',	'Mtyhg',	'2008-09-18 00:00:00'),
(421,	'Non ratione quia.',	'Caxwd',	'1977-12-10 00:00:00'),
(422,	'Repellat sint velit non.',	'Hel',	'2011-09-23 00:00:00'),
(423,	'Veniam maxime nisi.',	'Paepl',	'2013-12-13 00:00:00'),
(424,	'Deleniti sequi voluptatem dolor.',	'Gyaj',	'1982-04-16 00:00:00'),
(425,	'Sunt autem excepturi.',	'Uyi',	'1973-05-16 00:00:00'),
(426,	'In dolorem nemo est.',	'Bkhm',	'1998-06-08 00:00:00'),
(427,	'Ullam quaerat inventore.',	'Pns',	'1994-12-17 00:00:00'),
(428,	'Dolorem officia.',	'Qdyj',	'1971-01-30 00:00:00'),
(429,	'Rerum reiciendis nihil consequatur.',	'Sizqi',	'2011-07-26 00:00:00'),
(430,	'Debitis aut est.',	'Ulpp',	'1989-05-01 00:00:00'),
(431,	'Incidunt nisi vero.',	'Szlqe',	'1988-05-30 00:00:00'),
(432,	'Unde esse quae nisi.',	'Ihojk',	'1971-10-22 00:00:00'),
(433,	'Quasi quibusdam sed vel ut.',	'Xzo',	'1995-01-27 00:00:00'),
(434,	'Nostrum delectus illum quaerat.',	'Xiy',	'1997-05-31 00:00:00'),
(435,	'Voluptatum quo fugiat id.',	'Wte',	'1977-02-21 00:00:00'),
(436,	'Eaque possimus quam pariatur aliquam.',	'Kwqtr',	'1970-12-11 00:00:00'),
(437,	'Voluptates est ipsa fugiat.',	'Eve',	'2008-11-09 00:00:00'),
(438,	'Et nihil placeat nihil.',	'Lkas',	'1996-09-23 00:00:00'),
(439,	'Non sint voluptatem est.',	'Mkpgp',	'1973-01-06 00:00:00'),
(440,	'Suscipit minus inventore veniam.',	'Jbqw',	'2006-02-28 00:00:00'),
(441,	'Odit nisi omnis molestiae.',	'Qwp',	'1990-09-11 00:00:00'),
(442,	'Et quasi excepturi.',	'Emtic',	'2000-04-16 00:00:00'),
(443,	'Tenetur ea quia quod.',	'Pqxsr',	'1984-08-29 00:00:00'),
(444,	'Aut sunt ut.',	'Onpvs',	'2017-07-21 00:00:00'),
(445,	'Voluptatem quam facilis et in.',	'Qfmri',	'2004-03-18 00:00:00'),
(446,	'Neque veniam rerum unde.',	'Stdf',	'1991-02-08 00:00:00'),
(447,	'Et similique et.',	'Eekcv',	'2013-02-27 00:00:00'),
(448,	'Totam in quod perspiciatis.',	'Lgelb',	'1996-12-26 00:00:00'),
(449,	'Harum ab consequatur.',	'Jqmmb',	'2003-03-25 00:00:00'),
(450,	'Dolor impedit et amet.',	'Oapp',	'2003-03-23 00:00:00'),
(451,	'Est voluptatem est.',	'Kiwl',	'1972-02-26 00:00:00'),
(452,	'Est dolorem unde.',	'Okw',	'1972-07-02 00:00:00'),
(453,	'Beatae non ut ea.',	'Rrl',	'2010-03-28 00:00:00'),
(454,	'Illum quia et consequatur.',	'Gsw',	'2008-10-04 00:00:00'),
(455,	'Amet autem et.',	'Arcm',	'2003-12-12 00:00:00'),
(456,	'Cumque ut excepturi odit et.',	'Ttkfi',	'2000-12-02 00:00:00'),
(457,	'Labore id ut id.',	'Xuk',	'1995-07-01 00:00:00'),
(458,	'Rerum commodi iste.',	'Zhsdl',	'2006-08-10 00:00:00'),
(459,	'Debitis nulla maiores.',	'Megt',	'2008-09-06 00:00:00'),
(460,	'Aliquam tempora voluptatum.',	'Potsc',	'2006-07-30 00:00:00'),
(461,	'In sed.',	'Rpwm',	'1973-03-30 00:00:00'),
(462,	'Mollitia aliquam officia eum.',	'Oys',	'1998-04-29 00:00:00'),
(463,	'Aut deleniti.',	'Hjkf',	'1970-08-19 00:00:00'),
(464,	'Ad enim et perferendis.',	'Tlsp',	'1998-10-07 00:00:00'),
(465,	'Dolorem modi.',	'Dbe',	'2001-02-11 00:00:00'),
(466,	'Delectus voluptas illo.',	'Bksr',	'1974-06-29 00:00:00'),
(467,	'Ipsum quis corrupti.',	'Qle',	'1991-03-21 00:00:00'),
(468,	'Consequatur sit architecto.',	'Pmbqs',	'2000-10-29 00:00:00'),
(469,	'Ad commodi.',	'Zwhzk',	'1999-09-14 00:00:00'),
(470,	'Est aut atque repudiandae.',	'Mrsb',	'1991-01-07 00:00:00'),
(471,	'Consequuntur rerum quia quae.',	'Pqb',	'2014-06-18 00:00:00'),
(472,	'Ut debitis consequatur aut.',	'Wgsz',	'2005-05-24 00:00:00'),
(473,	'Id esse sed dolore.',	'Xaug',	'1990-05-07 00:00:00'),
(474,	'Vero et id consequatur.',	'Ahn',	'1972-07-29 00:00:00'),
(475,	'Iusto voluptas ut.',	'Pilh',	'1982-02-28 00:00:00'),
(476,	'Neque amet dolores officia.',	'Vxor',	'2013-01-17 00:00:00'),
(477,	'Ea temporibus odio.',	'Mrn',	'2010-10-27 00:00:00'),
(478,	'Veritatis nam unde tenetur.',	'Tlzk',	'1983-11-06 00:00:00'),
(479,	'Similique consequuntur.',	'Arp',	'1994-02-03 00:00:00'),
(480,	'Eos ut libero.',	'Zwuhy',	'2010-08-18 00:00:00'),
(481,	'Nesciunt cupiditate et.',	'Witdm',	'1976-05-19 00:00:00'),
(482,	'Ut numquam dolores.',	'Brx',	'2003-11-09 00:00:00'),
(483,	'Sit provident vero.',	'Qfky',	'2017-06-27 00:00:00'),
(484,	'Non aut quo beatae.',	'Yhtj',	'2006-02-20 00:00:00'),
(485,	'Et sed doloribus.',	'Wxjrf',	'2001-12-01 00:00:00'),
(486,	'Quia qui et.',	'Oqd',	'1978-07-04 00:00:00'),
(487,	'Omnis iste.',	'Ahbtm',	'2002-07-24 00:00:00'),
(488,	'Quia voluptates natus perspiciatis.',	'Iykpz',	'2010-03-24 00:00:00'),
(489,	'Dolor maiores.',	'Tdzd',	'1998-07-24 00:00:00'),
(490,	'Sint rem voluptatem.',	'Ofif',	'1986-04-04 00:00:00'),
(491,	'Error iste consequatur.',	'Cztuc',	'2011-10-15 00:00:00'),
(492,	'Ut ullam assumenda et.',	'Rjay',	'1994-01-26 00:00:00'),
(493,	'Saepe quia voluptatem.',	'Gntvc',	'1983-01-02 00:00:00'),
(494,	'Explicabo eum.',	'Yvd',	'1974-08-06 00:00:00'),
(495,	'Ut et autem.',	'Yhr',	'1971-09-13 00:00:00'),
(496,	'Molestiae corporis doloremque.',	'Uad',	'1973-04-05 00:00:00'),
(497,	'Sit velit mollitia.',	'Wyn',	'1992-09-25 00:00:00'),
(498,	'Voluptates doloremque aperiam.',	'Jfy',	'1988-11-17 00:00:00'),
(499,	'Qui expedita accusamus.',	'Fzlv',	'2009-02-28 00:00:00'),
(500,	'Voluptatem dolores nulla.',	'Xry',	'1998-02-16 00:00:00'),
(501,	'Non quaerat et.',	'Pwni',	'1989-09-29 00:00:00'),
(502,	'Porro voluptas.',	'Tgntc',	'1970-02-12 00:00:00'),
(503,	'Labore magni et.',	'Wgmp',	'1983-12-07 00:00:00'),
(504,	'Mollitia error nihil voluptatem velit.',	'Rfj',	'1973-03-19 00:00:00'),
(505,	'Mollitia recusandae quae aut.',	'Bzsa',	'2003-09-21 00:00:00'),
(506,	'Ea eaque consectetur accusantium.',	'Ssgti',	'1996-02-23 00:00:00'),
(507,	'Est voluptatem delectus consequatur.',	'Fizx',	'2014-12-05 00:00:00'),
(508,	'Consequuntur id.',	'Idgjv',	'1991-04-07 00:00:00'),
(509,	'Error amet at quis.',	'Vgg',	'2009-01-12 00:00:00'),
(510,	'Autem sint et corporis.',	'Iwhvl',	'1981-11-21 00:00:00'),
(511,	'Veritatis commodi ut.',	'Ubrlg',	'1975-07-25 00:00:00'),
(512,	'Natus ullam labore aperiam.',	'Pdv',	'2008-06-17 00:00:00'),
(513,	'Recusandae autem voluptatem modi.',	'Tpw',	'2006-03-01 00:00:00'),
(514,	'Eveniet ea at hic.',	'Gyw',	'2006-02-06 00:00:00'),
(515,	'Eum ipsam suscipit commodi.',	'Xil',	'1977-06-29 00:00:00'),
(516,	'Debitis ab.',	'Rycd',	'1988-05-13 00:00:00'),
(517,	'Sed dolores dolore.',	'Jrgnt',	'2010-11-30 00:00:00'),
(518,	'Quas aperiam ducimus.',	'Rcsh',	'1987-10-18 00:00:00'),
(519,	'Ab rerum molestiae.',	'Gche',	'2009-08-04 00:00:00'),
(520,	'Praesentium earum dolorem.',	'Gjf',	'1989-01-29 00:00:00'),
(521,	'Incidunt sit omnis.',	'Woixx',	'1971-06-09 00:00:00'),
(522,	'Voluptatem in tempore corporis.',	'Txnnt',	'1983-03-11 00:00:00'),
(523,	'Assumenda et assumenda.',	'Iim',	'2009-01-13 00:00:00'),
(524,	'Harum rerum reprehenderit.',	'Uumyx',	'1996-12-23 00:00:00'),
(525,	'Sint voluptatem dolorem.',	'Cpg',	'1992-11-18 00:00:00'),
(526,	'Autem iusto aliquid eaque.',	'Jifg',	'2008-07-23 00:00:00'),
(527,	'Blanditiis dolores tenetur.',	'Mam',	'1982-08-02 00:00:00'),
(528,	'Ut illum voluptates dolorem.',	'Mzh',	'2016-01-01 00:00:00'),
(529,	'Non harum facilis.',	'Ipso',	'1998-07-02 00:00:00'),
(530,	'Inventore ex accusamus.',	'Esh',	'1976-04-26 00:00:00'),
(531,	'Id praesentium ab et.',	'Pldge',	'2012-11-02 00:00:00'),
(532,	'Et sed ea.',	'Unvy',	'1993-01-26 00:00:00'),
(533,	'Vel tempora aut.',	'Adl',	'1988-08-30 00:00:00'),
(534,	'Sit id sit rerum illo.',	'Ageo',	'2011-04-16 00:00:00'),
(535,	'Sit neque laborum dolores.',	'Ixjr',	'1998-07-03 00:00:00'),
(536,	'Incidunt praesentium corrupti ad.',	'Racd',	'1992-05-02 00:00:00'),
(537,	'Et deserunt voluptatem et.',	'Guu',	'1975-07-24 00:00:00'),
(538,	'Quibusdam non voluptatem.',	'Zixc',	'1997-02-05 00:00:00'),
(539,	'Necessitatibus quo quia quis.',	'Kmdr',	'2011-01-05 00:00:00'),
(540,	'Laudantium eos exercitationem.',	'Xxxyk',	'1986-03-28 00:00:00'),
(541,	'Sit velit accusantium et.',	'Bgoil',	'2017-06-25 00:00:00'),
(542,	'Dolorem et autem.',	'Qslbe',	'1986-04-17 00:00:00'),
(543,	'Architecto modi qui et.',	'Ved',	'2014-06-01 00:00:00'),
(544,	'Dolorum error consequatur sunt.',	'Vee',	'1971-01-14 00:00:00'),
(545,	'Rem cumque sint.',	'Nfx',	'1972-05-15 00:00:00'),
(546,	'Delectus fugit nobis earum.',	'Wqm',	'1971-05-05 00:00:00'),
(547,	'Nemo minus dolorem.',	'Qqf',	'1990-08-22 00:00:00'),
(548,	'Et quia nostrum.',	'Rue',	'1974-10-30 00:00:00'),
(549,	'Labore necessitatibus eos.',	'Mvhzu',	'1972-06-11 00:00:00'),
(550,	'Unde optio qui.',	'Aiq',	'2012-12-09 00:00:00'),
(551,	'Ut minima magni.',	'Nbu',	'1991-05-24 00:00:00'),
(552,	'Quia est repellat.',	'Kuhd',	'1998-11-19 00:00:00'),
(553,	'Hic ad enim facere.',	'Dqj',	'1991-10-13 00:00:00'),
(554,	'Ea voluptates sed blanditiis.',	'Eufe',	'1994-12-20 00:00:00'),
(555,	'Eius suscipit et pariatur.',	'Gsagv',	'1975-09-21 00:00:00'),
(556,	'Et error odit.',	'Thz',	'2012-07-22 00:00:00'),
(557,	'Ad quo voluptas.',	'Stvg',	'1974-09-10 00:00:00'),
(558,	'Quia rerum maxime.',	'Eyywn',	'1983-12-29 00:00:00'),
(559,	'Eum ea alias.',	'Fxkvp',	'2009-12-26 00:00:00'),
(560,	'Voluptatem est commodi.',	'Nkn',	'1994-04-22 00:00:00'),
(561,	'Laborum modi laborum.',	'Bsotn',	'2011-11-02 00:00:00'),
(562,	'Itaque aliquid ratione tempore.',	'Jfzn',	'2017-04-08 00:00:00'),
(563,	'Excepturi laboriosam inventore corrupti repellat.',	'Ekh',	'1984-09-16 00:00:00'),
(564,	'Dicta harum ipsa.',	'Mjaf',	'2015-12-12 00:00:00'),
(565,	'Error vel qui expedita sed.',	'Rqkux',	'1987-12-28 00:00:00'),
(566,	'Molestiae amet qui.',	'Pviu',	'1970-11-18 00:00:00'),
(567,	'Eaque velit est aut.',	'Nib',	'2013-05-01 00:00:00'),
(568,	'Dolor repellendus et explicabo ea.',	'Cqbi',	'1975-12-19 00:00:00'),
(569,	'Repellendus dolorem suscipit esse.',	'Biawj',	'1987-08-15 00:00:00'),
(570,	'Qui vel dolorem et.',	'Mrfze',	'1985-05-04 00:00:00'),
(571,	'Quos fuga sequi perspiciatis.',	'Acc',	'1975-12-28 00:00:00'),
(572,	'Et debitis voluptatem occaecati.',	'Xsr',	'1983-02-16 00:00:00'),
(573,	'Assumenda dolorem voluptatem et.',	'Cvtzm',	'2011-08-13 00:00:00'),
(574,	'Natus laborum laborum.',	'Atjnm',	'2014-03-16 00:00:00'),
(575,	'Optio natus architecto iste.',	'Cvx',	'2008-02-28 00:00:00'),
(576,	'Totam consectetur ut vel.',	'Lohty',	'1988-12-21 00:00:00'),
(577,	'Voluptatum accusamus unde.',	'Nqxg',	'2016-09-04 00:00:00'),
(578,	'Vel ipsam necessitatibus.',	'Ueg',	'1970-09-18 00:00:00'),
(579,	'Rerum suscipit iure.',	'Sqje',	'2012-09-23 00:00:00'),
(580,	'Officia reprehenderit quia aperiam.',	'Zjukg',	'2016-07-03 00:00:00'),
(581,	'Dolor ut fugit id.',	'Hggz',	'1983-04-06 00:00:00'),
(582,	'Officia asperiores consequatur sunt.',	'Ugnn',	'2017-06-12 00:00:00'),
(583,	'Perferendis perspiciatis voluptatem.',	'Bvvzo',	'1992-10-23 00:00:00'),
(584,	'Fugiat ut consequatur.',	'Qvro',	'2006-10-22 00:00:00'),
(585,	'Quis eius sapiente placeat.',	'Quzl',	'2007-02-01 00:00:00'),
(586,	'A sunt odit quia.',	'Wpg',	'1995-06-07 00:00:00'),
(587,	'Et assumenda sunt debitis.',	'Hmtc',	'1979-06-09 00:00:00'),
(588,	'Nesciunt est harum.',	'Ncf',	'1981-06-28 00:00:00'),
(589,	'Ea culpa soluta error.',	'Nns',	'2010-10-26 00:00:00'),
(590,	'Eum consequatur iusto reprehenderit.',	'Yjfo',	'1971-08-11 00:00:00'),
(591,	'Atque nihil et animi qui.',	'Ehc',	'2004-05-23 00:00:00'),
(592,	'Quo temporibus repellendus.',	'Umrus',	'1973-05-07 00:00:00'),
(593,	'Officiis accusamus ducimus tempore.',	'Efggl',	'1981-06-20 00:00:00'),
(594,	'Sapiente voluptas id.',	'Ortuu',	'1981-09-05 00:00:00'),
(595,	'Optio necessitatibus sapiente est.',	'Fzuiq',	'1975-03-10 00:00:00'),
(596,	'Repudiandae non quo numquam.',	'Hhys',	'2014-12-24 00:00:00'),
(597,	'Ipsam itaque.',	'Yyv',	'1975-05-05 00:00:00'),
(598,	'Rerum incidunt eveniet numquam.',	'Pgqvp',	'2013-01-07 00:00:00'),
(599,	'Temporibus eos minima eveniet.',	'Ewnd',	'2004-02-01 00:00:00'),
(600,	'Autem voluptatem nihil voluptas perferendis.',	'Tie',	'1984-12-11 00:00:00'),
(601,	'Vitae enim autem ut.',	'Gkqhh',	'2011-09-25 00:00:00'),
(602,	'Asperiores inventore exercitationem.',	'Wtm',	'1977-09-24 00:00:00'),
(603,	'Dignissimos quia accusantium hic.',	'Zmo',	'1995-02-23 00:00:00'),
(604,	'Quo voluptas non et.',	'Rtkg',	'2017-05-10 00:00:00'),
(605,	'Aut quis.',	'Tbjlx',	'1982-12-20 00:00:00'),
(606,	'Consequatur perspiciatis voluptatem.',	'Ueaz',	'2007-12-02 00:00:00'),
(607,	'Eligendi blanditiis fugiat.',	'Jzx',	'1992-05-17 00:00:00'),
(608,	'Et et quia hic.',	'Nbpp',	'1974-05-04 00:00:00'),
(609,	'Sed voluptas quasi ipsa.',	'Pglt',	'1990-07-08 00:00:00'),
(610,	'Perspiciatis velit similique.',	'Mfbd',	'1982-07-14 00:00:00'),
(611,	'Maxime nam culpa qui.',	'Fkkb',	'1982-06-11 00:00:00'),
(612,	'Sequi debitis dolor ipsa.',	'Blx',	'1983-10-04 00:00:00'),
(613,	'Qui nisi expedita.',	'Ugu',	'1981-06-25 00:00:00'),
(614,	'Illo aliquam eos.',	'Fcxfq',	'2004-12-28 00:00:00'),
(615,	'Ad velit quos.',	'Qnwyn',	'1982-05-29 00:00:00'),
(616,	'Incidunt tenetur quisquam.',	'Bofp',	'2017-11-13 00:00:00'),
(617,	'Consectetur nobis veniam.',	'Wem',	'1995-08-04 00:00:00'),
(618,	'Ut tempora soluta eveniet.',	'Koq',	'1991-02-21 00:00:00'),
(619,	'Praesentium dolorem voluptatibus et rerum.',	'Ppy',	'2005-07-20 00:00:00'),
(620,	'Id debitis excepturi.',	'Szbtb',	'2012-05-07 00:00:00'),
(621,	'Odit quia unde perferendis.',	'Umigz',	'1980-05-21 00:00:00'),
(622,	'Autem nemo eum.',	'Evera',	'1995-02-18 00:00:00'),
(623,	'Labore possimus quasi.',	'Yzyh',	'1994-01-06 00:00:00'),
(624,	'Eveniet natus reprehenderit.',	'Ced',	'1989-02-23 00:00:00'),
(625,	'Saepe vel reprehenderit et.',	'Uxv',	'1982-02-28 00:00:00'),
(626,	'Aut numquam laborum.',	'Cbb',	'1983-04-08 00:00:00'),
(627,	'Eum eum repudiandae similique.',	'Xkbf',	'1994-03-29 00:00:00'),
(628,	'Perferendis inventore soluta.',	'Ems',	'1987-05-12 00:00:00'),
(629,	'Voluptas reprehenderit repellat eveniet.',	'Hri',	'2013-11-20 00:00:00'),
(630,	'Minus quas numquam assumenda.',	'Irar',	'2007-11-15 00:00:00'),
(631,	'Accusantium culpa exercitationem.',	'Ynf',	'2004-08-17 00:00:00'),
(632,	'Eos qui architecto repellat.',	'Ghm',	'2017-07-09 00:00:00'),
(633,	'Minima dolor voluptas qui.',	'Ylm',	'1975-05-06 00:00:00'),
(634,	'Dolorum consequuntur ut ut.',	'Ahoz',	'1982-10-06 00:00:00'),
(635,	'Nihil quia natus.',	'Wxb',	'1994-03-04 00:00:00'),
(636,	'Odio laboriosam sit blanditiis.',	'Doj',	'1982-07-25 00:00:00'),
(637,	'Soluta officiis sed laborum.',	'Unrzo',	'1974-11-07 00:00:00'),
(638,	'Omnis minima.',	'Bcpt',	'2016-05-30 00:00:00'),
(639,	'Magnam aliquid nihil.',	'Hjjxo',	'2010-04-18 00:00:00'),
(640,	'Sit similique dolore quasi.',	'Yge',	'1978-02-02 00:00:00'),
(641,	'Deleniti ex harum non minus.',	'Jemhp',	'1995-09-16 00:00:00'),
(642,	'Iusto perspiciatis optio quae velit.',	'Uhcmd',	'2014-09-19 00:00:00'),
(643,	'Et voluptate architecto.',	'Cpn',	'1974-04-01 00:00:00'),
(644,	'Velit rem non.',	'Cih',	'1998-04-04 00:00:00'),
(645,	'Ipsa eum laboriosam similique in.',	'Ysl',	'2003-06-04 00:00:00'),
(646,	'Aut et ducimus.',	'Rnx',	'1994-07-30 00:00:00'),
(647,	'Nulla eius natus.',	'Oxbw',	'2005-05-02 00:00:00'),
(648,	'Est minus.',	'Ppxvy',	'1998-10-25 00:00:00'),
(649,	'Nobis quis.',	'Zrc',	'1984-06-26 00:00:00'),
(650,	'Veritatis officiis ducimus.',	'Edw',	'2008-04-13 00:00:00'),
(651,	'Quis harum nihil.',	'Sygp',	'1977-09-26 00:00:00'),
(652,	'Mollitia impedit et.',	'Ujoq',	'1975-05-29 00:00:00'),
(653,	'Mollitia incidunt asperiores.',	'Xhag',	'1992-04-13 00:00:00'),
(654,	'Unde ea similique sit.',	'Cdegb',	'2006-07-13 00:00:00'),
(655,	'Unde in nesciunt porro.',	'Ldun',	'2014-02-18 00:00:00'),
(656,	'Velit molestiae cum.',	'Sqwt',	'1985-12-01 00:00:00'),
(657,	'Vel aspernatur esse quisquam.',	'Mxkew',	'1972-10-11 00:00:00'),
(658,	'Voluptatem qui pariatur.',	'Qioqn',	'1987-11-17 00:00:00'),
(659,	'Animi quo incidunt.',	'Fcbaf',	'2006-10-12 00:00:00'),
(660,	'Architecto quis dolore sit.',	'Eyzi',	'1975-09-29 00:00:00'),
(661,	'Est architecto.',	'Kqo',	'1994-03-15 00:00:00'),
(662,	'Rerum deserunt qui.',	'Cwwa',	'2011-02-17 00:00:00'),
(663,	'Molestiae velit at.',	'Uil',	'2008-03-24 00:00:00'),
(664,	'Tempore eum aut quia sed.',	'Get',	'1983-03-14 00:00:00'),
(665,	'Consequatur ea sunt.',	'Sgs',	'1973-01-09 00:00:00'),
(666,	'Aliquid necessitatibus.',	'Hrlts',	'1999-05-06 00:00:00'),
(667,	'Inventore unde cumque.',	'Acckv',	'1978-01-29 00:00:00'),
(668,	'Occaecati aut beatae.',	'Rma',	'1985-12-04 00:00:00'),
(669,	'Quibusdam impedit quibusdam tempore.',	'Sqqf',	'1990-07-27 00:00:00'),
(670,	'Magnam accusamus earum.',	'Aojb',	'1978-02-17 00:00:00'),
(671,	'Inventore quod alias.',	'Glvqe',	'1978-03-30 00:00:00'),
(672,	'Maiores sed fuga.',	'Immy',	'2006-02-09 00:00:00'),
(673,	'Est saepe in.',	'Cemou',	'1990-11-27 00:00:00'),
(674,	'Excepturi nam aperiam.',	'Zkrw',	'1987-09-05 00:00:00'),
(675,	'Modi tempora dolor.',	'Psvj',	'2002-07-06 00:00:00'),
(676,	'Enim saepe et quo.',	'Lspo',	'1990-05-02 00:00:00'),
(677,	'Est repellat aut nulla.',	'Mshi',	'1972-10-30 00:00:00'),
(678,	'Reiciendis quo ut.',	'Tydpd',	'1975-03-29 00:00:00'),
(679,	'Placeat impedit voluptates.',	'Cogyn',	'2013-05-03 00:00:00'),
(680,	'Dolores inventore accusantium nesciunt.',	'Piq',	'2010-01-23 00:00:00'),
(681,	'Aut similique.',	'Cnig',	'1983-04-10 00:00:00'),
(682,	'Pariatur quo accusamus debitis labore.',	'Obbp',	'2009-08-17 00:00:00'),
(683,	'Magnam voluptas molestiae.',	'Vpt',	'2005-10-19 00:00:00'),
(684,	'Vero laborum unde id.',	'Dpdr',	'1981-04-17 00:00:00'),
(685,	'Temporibus enim sit.',	'Qxkfe',	'1982-12-06 00:00:00'),
(686,	'Sit praesentium iure quas.',	'Zdzjv',	'2015-11-01 00:00:00'),
(687,	'Saepe rerum soluta et.',	'Pqm',	'1971-07-06 00:00:00'),
(688,	'Explicabo consequatur cupiditate minus.',	'Oyc',	'1986-03-20 00:00:00'),
(689,	'Culpa est assumenda ut.',	'Xvmoy',	'1986-02-28 00:00:00'),
(690,	'Et eos dolor voluptatem.',	'Eyrj',	'1973-06-15 00:00:00'),
(691,	'Animi voluptas repudiandae ut.',	'Hsa',	'2013-10-30 00:00:00'),
(692,	'Veritatis eveniet facere laudantium.',	'Lvjs',	'1977-03-18 00:00:00'),
(693,	'Adipisci mollitia veniam.',	'Eec',	'1973-03-05 00:00:00'),
(694,	'Maxime molestiae ut.',	'Cncj',	'1993-12-23 00:00:00'),
(695,	'Quia corrupti tempore est.',	'Buxl',	'1995-12-29 00:00:00'),
(696,	'Quia repellat numquam nostrum.',	'Sefka',	'1971-07-15 00:00:00'),
(697,	'Laborum hic est cum corporis.',	'Flsq',	'2011-01-23 00:00:00'),
(698,	'Quaerat rerum reprehenderit non laborum.',	'Enast',	'2002-10-11 00:00:00'),
(699,	'Perspiciatis necessitatibus velit.',	'Fru',	'2009-04-21 00:00:00'),
(700,	'Et tempora.',	'Hvrsi',	'1996-01-15 00:00:00'),
(701,	'Praesentium repudiandae ab omnis.',	'Xbmg',	'1994-04-09 00:00:00'),
(702,	'Consectetur illum quos.',	'Bymgd',	'1980-01-18 00:00:00'),
(703,	'Porro molestias.',	'Gmhsx',	'2007-12-12 00:00:00'),
(704,	'Eveniet beatae doloribus.',	'Djlte',	'1987-07-28 00:00:00'),
(705,	'Odio quis.',	'Dxvw',	'1989-01-05 00:00:00'),
(706,	'Laboriosam sed non.',	'Zwevg',	'2011-03-16 00:00:00'),
(707,	'Possimus consequatur.',	'Bzp',	'1979-06-05 00:00:00'),
(708,	'Laudantium tenetur nisi.',	'Imi',	'1992-11-03 00:00:00'),
(709,	'Minima nam voluptatum aut.',	'Fupi',	'1973-05-20 00:00:00'),
(710,	'Incidunt est iure.',	'Csaam',	'1971-05-22 00:00:00'),
(711,	'Ut ratione fugit.',	'Iatof',	'1974-01-17 00:00:00'),
(712,	'Est ducimus facere voluptatibus.',	'Mqjw',	'2017-10-16 00:00:00'),
(713,	'Itaque molestias.',	'Byuu',	'1983-11-28 00:00:00'),
(714,	'Quae deserunt.',	'Zpn',	'2016-07-07 00:00:00'),
(715,	'Voluptas aut consequatur.',	'Ltbiv',	'1990-02-25 00:00:00'),
(716,	'Repellendus nam quasi ut.',	'Vpb',	'2009-04-08 00:00:00'),
(717,	'Quisquam rerum voluptatum et.',	'Wczo',	'1997-01-10 00:00:00'),
(718,	'Sed aut et sed.',	'Mjip',	'1984-06-20 00:00:00'),
(719,	'Velit non amet reprehenderit.',	'Nhzb',	'2009-01-05 00:00:00'),
(720,	'Fugit ullam laborum ipsa.',	'Gtbuk',	'2015-07-22 00:00:00'),
(721,	'A amet quia repellat.',	'Omgwr',	'2001-11-03 00:00:00'),
(722,	'Vero et nihil.',	'Xehyu',	'2012-09-07 00:00:00'),
(723,	'Totam maiores hic aliquid.',	'Gqh',	'1994-10-29 00:00:00'),
(724,	'Nisi enim.',	'Yiej',	'1985-09-29 00:00:00'),
(725,	'Maiores voluptatem sit impedit.',	'Smhi',	'1981-05-12 00:00:00'),
(726,	'Necessitatibus quasi qui.',	'Rxkci',	'2006-07-21 00:00:00'),
(727,	'Id voluptatum nihil odio modi.',	'Zvj',	'1992-06-27 00:00:00'),
(728,	'Pariatur alias pariatur.',	'Jjtmn',	'1982-11-28 00:00:00'),
(729,	'Sit commodi eaque.',	'Bjiop',	'2006-05-15 00:00:00'),
(730,	'Necessitatibus adipisci ea.',	'Uil',	'1988-02-11 00:00:00'),
(731,	'Eligendi accusantium suscipit velit.',	'Segu',	'1985-02-10 00:00:00'),
(732,	'Doloribus dolor consequatur harum laudantium.',	'Ymnp',	'2008-12-25 00:00:00'),
(733,	'Id aspernatur officiis.',	'Bpxp',	'1971-05-26 00:00:00'),
(734,	'Nihil est reiciendis libero.',	'Urpb',	'2004-06-24 00:00:00'),
(735,	'Autem id magnam.',	'Bum',	'1995-05-12 00:00:00'),
(736,	'Minus ut ut eum.',	'Eqj',	'1990-06-27 00:00:00'),
(737,	'Rerum impedit voluptas qui.',	'Iar',	'1972-10-19 00:00:00'),
(738,	'Optio voluptatem eum.',	'Hmksh',	'2016-02-27 00:00:00'),
(739,	'Quis reprehenderit est.',	'Dueiv',	'1975-08-20 00:00:00'),
(740,	'Sed neque vel.',	'Qalve',	'1975-04-18 00:00:00'),
(741,	'Nulla voluptatem laboriosam.',	'Jzz',	'2009-10-25 00:00:00'),
(742,	'Quis accusantium commodi praesentium.',	'Kttd',	'1988-08-22 00:00:00'),
(743,	'Dolorem quisquam.',	'Vam',	'2004-08-10 00:00:00'),
(744,	'Expedita possimus expedita.',	'Nlovq',	'2006-04-06 00:00:00'),
(745,	'Quasi dolor corporis inventore.',	'Hmak',	'2012-08-18 00:00:00'),
(746,	'Dolores ipsa nihil culpa.',	'Gyk',	'1978-10-04 00:00:00'),
(747,	'Qui a repellendus.',	'Nhf',	'1986-07-16 00:00:00'),
(748,	'Et ipsa quam.',	'Sbnhn',	'1970-12-04 00:00:00'),
(749,	'Nobis repellendus vel.',	'Yekzk',	'2009-08-28 00:00:00'),
(750,	'Expedita eum voluptas tempora.',	'Vqlxr',	'1987-08-18 00:00:00'),
(751,	'Rerum sint molestias.',	'Gpmfm',	'1982-01-19 00:00:00'),
(752,	'Perferendis maiores consequatur sunt.',	'Cuqy',	'2002-11-14 00:00:00'),
(753,	'Nisi ducimus et.',	'Tkl',	'1996-12-06 00:00:00'),
(754,	'Ea voluptas qui cum.',	'Tru',	'2000-02-11 00:00:00'),
(755,	'Alias dolor id et.',	'Axguq',	'1987-12-19 00:00:00'),
(756,	'Quasi consequuntur doloribus.',	'Frsr',	'2002-02-02 00:00:00'),
(757,	'Tenetur velit quia.',	'Sxbw',	'1973-10-24 00:00:00'),
(758,	'Omnis voluptate voluptas perferendis.',	'Fsvb',	'1973-07-19 00:00:00'),
(759,	'Minima optio a deleniti.',	'Hmpi',	'1980-09-14 00:00:00'),
(760,	'Qui quo qui beatae.',	'Zdyox',	'1984-10-05 00:00:00'),
(761,	'Voluptatibus voluptas.',	'Fqzcz',	'2009-04-12 00:00:00'),
(762,	'Sed ipsum nulla et.',	'Sey',	'2014-07-24 00:00:00'),
(763,	'Quod aliquam fugiat.',	'Ifi',	'1998-10-10 00:00:00'),
(764,	'Qui sit vel.',	'Vcm',	'1989-05-10 00:00:00'),
(765,	'Numquam adipisci non nobis.',	'Ixvjx',	'1976-02-07 00:00:00'),
(766,	'Corporis delectus a neque et.',	'Vap',	'2001-01-13 00:00:00'),
(767,	'Officiis ea magni quis.',	'Cect',	'1986-12-04 00:00:00'),
(768,	'Sit libero modi et.',	'Dda',	'1997-02-11 00:00:00'),
(769,	'Cupiditate dolores quis sint.',	'Adsqq',	'1992-12-27 00:00:00'),
(770,	'Enim voluptate neque molestiae.',	'Juuxe',	'1978-11-22 00:00:00'),
(771,	'Assumenda quasi aliquid quam.',	'Elyn',	'1990-03-23 00:00:00'),
(772,	'Quo necessitatibus qui et.',	'Exu',	'2016-06-01 00:00:00'),
(773,	'Rerum architecto veniam repellat.',	'Omfrv',	'1991-08-19 00:00:00'),
(774,	'Provident amet totam.',	'Lxs',	'1981-04-22 00:00:00'),
(775,	'Sint porro.',	'Lotp',	'1993-02-10 00:00:00'),
(776,	'Consequatur et adipisci.',	'Akvr',	'1987-06-06 00:00:00'),
(777,	'Aut dolorem.',	'Zxd',	'1994-02-03 00:00:00'),
(778,	'Accusantium hic laudantium.',	'Rutj',	'1998-04-09 00:00:00'),
(779,	'Ut praesentium maxime soluta.',	'Ffwd',	'2011-03-14 00:00:00'),
(780,	'Aperiam odit.',	'Vof',	'2007-04-04 00:00:00'),
(781,	'Dignissimos cum.',	'Gce',	'1992-02-08 00:00:00'),
(782,	'Labore commodi officiis.',	'Klwhh',	'1997-01-05 00:00:00'),
(783,	'Exercitationem ut tempora totam voluptas.',	'Xsjvr',	'1993-05-29 00:00:00'),
(784,	'Pariatur id rerum quia.',	'Xcphr',	'1988-06-24 00:00:00'),
(785,	'Cumque illum aut.',	'Ffcp',	'1997-10-19 00:00:00'),
(786,	'Consequuntur dolorum.',	'Aii',	'2000-04-20 00:00:00'),
(787,	'Et sint ea.',	'Zyk',	'2001-01-08 00:00:00'),
(788,	'Error sint odit et.',	'Uhy',	'1987-05-27 00:00:00'),
(789,	'Aut qui sit ipsam.',	'Mxfnq',	'1997-04-23 00:00:00'),
(790,	'Quos commodi laudantium.',	'Lisr',	'2008-06-29 00:00:00'),
(791,	'Quasi atque natus.',	'Oww',	'2011-05-24 00:00:00'),
(792,	'Explicabo suscipit consectetur molestiae.',	'Qnijy',	'2007-05-16 00:00:00'),
(793,	'Velit rem ut libero.',	'Kgyyq',	'1978-07-08 00:00:00'),
(794,	'Omnis nisi aut exercitationem dolores.',	'Yvemk',	'2011-11-22 00:00:00'),
(795,	'Commodi odio doloribus odit.',	'Vzccx',	'2013-08-14 00:00:00'),
(796,	'Suscipit unde.',	'Qjbj',	'2012-02-17 00:00:00'),
(797,	'Eligendi eligendi ipsam aspernatur.',	'Vuai',	'2010-11-22 00:00:00'),
(798,	'Odit eius reprehenderit quas aperiam.',	'Rzzm',	'1997-12-12 00:00:00'),
(799,	'Vero quos.',	'Arb',	'1997-01-04 00:00:00'),
(800,	'Vitae et.',	'Ruq',	'1971-08-12 00:00:00'),
(801,	'Veniam quasi ipsa veniam.',	'Iorif',	'1999-07-20 00:00:00'),
(802,	'Ea reiciendis incidunt.',	'Mfscz',	'1980-05-24 00:00:00'),
(803,	'Ex numquam atque sit.',	'Oioap',	'2010-05-13 00:00:00'),
(804,	'Molestiae perferendis id ratione.',	'Cpkzb',	'2013-06-12 00:00:00'),
(805,	'In aut nihil ex possimus.',	'Uak',	'1977-06-23 00:00:00'),
(806,	'Saepe sunt vero.',	'Jxvx',	'2010-04-30 00:00:00'),
(807,	'Non id itaque sit.',	'Lizug',	'2003-04-11 00:00:00'),
(808,	'Quod id quos.',	'Qlwh',	'1974-03-14 00:00:00'),
(809,	'Vel sint numquam adipisci.',	'Uji',	'2007-11-09 00:00:00'),
(810,	'Aperiam fugiat.',	'Kycw',	'2007-07-18 00:00:00'),
(811,	'Ducimus dolore.',	'Ivhx',	'2015-01-03 00:00:00'),
(812,	'Exercitationem eligendi quia magni itaque.',	'Yis',	'1997-06-28 00:00:00'),
(813,	'Eos accusantium commodi.',	'Vhbx',	'1980-12-03 00:00:00'),
(814,	'Ullam cum enim.',	'Sumhg',	'1973-12-03 00:00:00'),
(815,	'Incidunt et sit.',	'Ncc',	'1980-04-07 00:00:00'),
(816,	'Quo et nemo praesentium consequatur.',	'Zby',	'1983-05-23 00:00:00'),
(817,	'Earum quo non.',	'Xdvvq',	'2017-12-16 00:00:00'),
(818,	'Eligendi ut pariatur.',	'Nxrj',	'2000-07-01 00:00:00'),
(819,	'Molestias autem minima et.',	'Ryxwy',	'2000-10-17 00:00:00'),
(820,	'Sequi voluptas quia aperiam.',	'Morvy',	'2000-11-13 00:00:00'),
(821,	'Quia illo magnam.',	'Rjow',	'1982-03-08 00:00:00'),
(822,	'Est possimus qui harum.',	'Agg',	'1976-07-07 00:00:00'),
(823,	'Maxime reprehenderit possimus.',	'Qzafm',	'1981-06-05 00:00:00'),
(824,	'Sequi eaque animi maiores.',	'Hsxzw',	'2014-12-12 00:00:00'),
(825,	'Error atque alias excepturi.',	'Gobdk',	'1990-06-18 00:00:00'),
(826,	'Et sed sit dignissimos sed.',	'Xxn',	'1983-09-24 00:00:00'),
(827,	'Reiciendis iste dolor.',	'Hgjc',	'2008-12-02 00:00:00'),
(828,	'Velit hic aut.',	'Iyli',	'1971-03-08 00:00:00'),
(829,	'Ratione voluptas et.',	'Quiox',	'1980-02-14 00:00:00'),
(830,	'Iure facilis alias modi.',	'Vsdnj',	'1986-07-03 00:00:00'),
(831,	'Pariatur rerum laboriosam.',	'Dlcps',	'1985-07-20 00:00:00'),
(832,	'Et ab nesciunt atque.',	'Ibtz',	'1981-05-10 00:00:00'),
(833,	'Dolores ab omnis.',	'Rqh',	'1982-10-02 00:00:00'),
(834,	'Dolorem consequatur ea.',	'Trq',	'1973-02-12 00:00:00'),
(835,	'Minima inventore qui illum laborum.',	'Liz',	'1995-07-23 00:00:00'),
(836,	'Et enim non est.',	'Yzamj',	'1995-09-03 00:00:00'),
(837,	'Libero totam molestiae et.',	'Qefu',	'1997-09-21 00:00:00'),
(838,	'Dolorem quae sed rerum.',	'Grw',	'1998-05-15 00:00:00'),
(839,	'Suscipit nisi quia quod rerum.',	'Dxng',	'1996-07-06 00:00:00'),
(840,	'Maxime eaque odit et.',	'Kvf',	'1986-01-29 00:00:00'),
(841,	'Inventore ut impedit animi.',	'Rrxt',	'2011-04-08 00:00:00'),
(842,	'Id optio nihil.',	'Ogd',	'1991-09-15 00:00:00'),
(843,	'Similique iste non.',	'Szbs',	'2005-10-23 00:00:00'),
(844,	'Non porro quae.',	'Odu',	'1973-08-18 00:00:00'),
(845,	'Et deserunt a occaecati.',	'Cdf',	'2015-07-14 00:00:00'),
(846,	'Nulla exercitationem omnis.',	'Ghvd',	'1992-08-11 00:00:00'),
(847,	'Qui et reprehenderit consequatur.',	'Ruvlx',	'1988-12-14 00:00:00'),
(848,	'Cupiditate amet doloribus expedita.',	'Zkjch',	'1982-07-18 00:00:00'),
(849,	'Dicta rem doloremque quibusdam at.',	'Bywtr',	'2005-07-18 00:00:00'),
(850,	'Dolorem debitis perferendis omnis.',	'Ftw',	'1986-10-11 00:00:00'),
(851,	'Debitis veritatis impedit.',	'Paxhs',	'2006-03-08 00:00:00'),
(852,	'Tempore id ut aut.',	'Xdjc',	'1996-11-04 00:00:00'),
(853,	'Quo et.',	'Svd',	'2015-04-18 00:00:00'),
(854,	'Hic consequatur quos.',	'Ovae',	'1999-09-22 00:00:00'),
(855,	'Rem optio delectus aut.',	'Dnmsj',	'1998-11-17 00:00:00'),
(856,	'Ea ducimus sit.',	'Jzvqu',	'2001-02-08 00:00:00'),
(857,	'Laboriosam ipsum tempore.',	'Qynho',	'2006-01-11 00:00:00'),
(858,	'Est itaque enim quibusdam dolores.',	'Xyqb',	'2014-12-03 00:00:00'),
(859,	'Tempora commodi ut dolores.',	'Qajuc',	'2001-11-21 00:00:00'),
(860,	'Nostrum voluptas facere.',	'Wcihz',	'1990-07-20 00:00:00'),
(861,	'Voluptates sit ea assumenda.',	'Rdnga',	'1972-06-16 00:00:00'),
(862,	'Aut voluptatem qui.',	'Snxny',	'2009-06-21 00:00:00'),
(863,	'Modi quas mollitia et.',	'Ketbk',	'1984-02-09 00:00:00'),
(864,	'Tempora molestias ut.',	'Indrp',	'1993-12-19 00:00:00'),
(865,	'Doloremque et amet.',	'Buhod',	'1989-12-17 00:00:00'),
(866,	'Velit est qui aperiam.',	'Hbp',	'1980-05-06 00:00:00'),
(867,	'Consequatur error consectetur in.',	'Kfhlz',	'1994-04-22 00:00:00'),
(868,	'Ullam sunt velit voluptatem non.',	'Tydb',	'2000-12-10 00:00:00'),
(869,	'Autem ut est id recusandae.',	'Gyawd',	'1987-04-27 00:00:00'),
(870,	'Illum et accusamus.',	'Zmwt',	'1990-06-19 00:00:00'),
(871,	'Reiciendis sapiente consectetur saepe.',	'Xpxmh',	'2009-02-21 00:00:00'),
(872,	'Hic sunt incidunt.',	'Yajs',	'1996-11-12 00:00:00'),
(873,	'Quia eos ducimus consequatur.',	'Mriy',	'2006-05-14 00:00:00'),
(874,	'Ut ea rerum laboriosam.',	'Wlrv',	'2018-01-02 00:00:00'),
(875,	'Expedita velit et.',	'Pwyo',	'1990-07-04 00:00:00'),
(876,	'Repellendus blanditiis unde voluptates.',	'Ben',	'2012-05-24 00:00:00'),
(877,	'Labore ullam recusandae consequatur.',	'Ios',	'1980-02-25 00:00:00'),
(878,	'Omnis perferendis dolore sint.',	'Abek',	'2000-07-16 00:00:00'),
(879,	'Non quaerat accusantium.',	'Gytk',	'1995-03-26 00:00:00'),
(880,	'Iste qui facilis laboriosam.',	'Eufz',	'1993-12-18 00:00:00'),
(881,	'Labore et a.',	'Ldc',	'1983-12-09 00:00:00'),
(882,	'Voluptatem adipisci modi.',	'Xtza',	'1992-07-08 00:00:00'),
(883,	'Amet eaque commodi.',	'Gzcz',	'1979-10-27 00:00:00'),
(884,	'Animi vitae hic.',	'Hzv',	'1991-01-24 00:00:00'),
(885,	'Assumenda quia impedit.',	'Ddyhh',	'2016-07-25 00:00:00'),
(886,	'Eaque et quidem ex illum.',	'Xwquc',	'1973-06-06 00:00:00'),
(887,	'Repellat aspernatur quis laboriosam.',	'Tps',	'2016-01-23 00:00:00'),
(888,	'Qui placeat aspernatur.',	'Mgklj',	'2001-10-28 00:00:00'),
(889,	'Natus et necessitatibus.',	'Msd',	'2005-09-25 00:00:00'),
(890,	'Dolores ut et.',	'Dclq',	'1993-02-14 00:00:00'),
(891,	'Voluptatem exercitationem quis.',	'Vladz',	'1972-02-21 00:00:00'),
(892,	'Est voluptatem enim.',	'Svw',	'1982-12-27 00:00:00'),
(893,	'Est ipsa nesciunt.',	'Obai',	'1974-12-03 00:00:00'),
(894,	'Quis quo nostrum.',	'Idhdj',	'1988-10-29 00:00:00'),
(895,	'Ipsam nobis quia.',	'Gfsc',	'1986-09-26 00:00:00'),
(896,	'Non eaque odio iusto.',	'Njtzt',	'2008-04-09 00:00:00'),
(897,	'Minus perspiciatis totam temporibus.',	'Jamj',	'1999-10-04 00:00:00'),
(898,	'Cumque quia quo non atque.',	'Ilx',	'1988-04-15 00:00:00'),
(899,	'Provident distinctio facere non.',	'Dlvph',	'2008-09-28 00:00:00'),
(900,	'Consectetur eligendi ut quidem deserunt.',	'Onv',	'2015-11-16 00:00:00'),
(901,	'Aut tenetur et.',	'Wvz',	'1983-11-11 00:00:00'),
(902,	'Porro expedita.',	'Cwxfz',	'2001-02-09 00:00:00'),
(903,	'Numquam porro voluptatum culpa.',	'Sbjsg',	'2008-05-14 00:00:00'),
(904,	'Earum repellat voluptas.',	'Yxl',	'1998-03-13 00:00:00'),
(905,	'Reiciendis necessitatibus.',	'Yur',	'1988-12-23 00:00:00'),
(906,	'Modi beatae atque.',	'Xfsop',	'1972-09-07 00:00:00'),
(907,	'Dolorem est in.',	'Uivju',	'2010-12-13 00:00:00'),
(908,	'Sed sunt occaecati nobis.',	'Ijm',	'1988-02-19 00:00:00'),
(909,	'Et quam quos.',	'Mgt',	'1974-06-03 00:00:00'),
(910,	'At quibusdam quos.',	'Soc',	'1980-11-11 00:00:00'),
(911,	'Et illum beatae quae.',	'Ivox',	'2010-12-11 00:00:00'),
(912,	'Dolor dignissimos odio dolorem quia.',	'Ixske',	'1991-09-10 00:00:00'),
(913,	'Suscipit et dolorem nihil.',	'Dyqer',	'1991-12-15 00:00:00'),
(914,	'Inventore odio dolore.',	'Fhdx',	'1970-07-20 00:00:00'),
(915,	'Hic aut.',	'Qxwra',	'1998-01-05 00:00:00'),
(916,	'Accusantium debitis soluta.',	'Oin',	'2008-07-12 00:00:00'),
(917,	'Tenetur aut rerum veniam quaerat.',	'Ukvjd',	'1979-07-08 00:00:00'),
(918,	'Sed voluptates ullam.',	'Cjpuu',	'1990-12-28 00:00:00'),
(919,	'Et quis totam autem.',	'Fgs',	'1993-11-03 00:00:00'),
(920,	'Error voluptatem rem quia.',	'Hwkte',	'1975-06-19 00:00:00'),
(921,	'Et ab distinctio.',	'Wbc',	'1992-07-19 00:00:00'),
(922,	'Laboriosam et consequatur.',	'Xkoyv',	'1975-11-05 00:00:00'),
(923,	'Qui dolorum reiciendis.',	'Hgebf',	'1970-05-26 00:00:00'),
(924,	'Alias sunt quo vel.',	'Rzav',	'2007-09-04 00:00:00'),
(925,	'Dicta aut quam ut.',	'Ppm',	'2003-12-15 00:00:00'),
(926,	'Id odit odio nulla.',	'Lkfc',	'2017-09-05 00:00:00'),
(927,	'Quia rerum ducimus.',	'Moacm',	'2016-06-28 00:00:00'),
(928,	'Earum est ratione dolores.',	'Mca',	'1984-09-09 00:00:00'),
(929,	'Laborum veniam quod animi.',	'Vihgi',	'1970-05-13 00:00:00'),
(930,	'Dolores voluptate repudiandae.',	'Pmsq',	'1977-01-29 00:00:00'),
(931,	'Nisi pariatur accusantium.',	'Yunei',	'2011-11-23 00:00:00'),
(932,	'Rem qui iste corporis.',	'Pfobv',	'2003-05-31 00:00:00'),
(933,	'Consequatur qui beatae ipsum.',	'Xqs',	'2008-01-27 00:00:00'),
(934,	'Hic aperiam id aut.',	'Xfc',	'2015-02-11 00:00:00'),
(935,	'Facere qui nam ea.',	'Svhx',	'2013-11-01 00:00:00'),
(936,	'Itaque consequatur et ut.',	'Ocyfn',	'1979-05-21 00:00:00'),
(937,	'Qui dolor nihil corrupti.',	'Huag',	'2002-10-12 00:00:00'),
(938,	'Enim porro enim.',	'Iagw',	'2004-10-12 00:00:00'),
(939,	'Quo et qui.',	'Lht',	'1999-09-19 00:00:00'),
(940,	'Praesentium tempora magni.',	'Mztui',	'1976-09-01 00:00:00'),
(941,	'Et vitae aut.',	'Mhazn',	'1987-05-05 00:00:00'),
(942,	'Quasi voluptatem non sunt.',	'Eez',	'1979-11-01 00:00:00'),
(943,	'Vero aspernatur et.',	'Gjf',	'1970-02-04 00:00:00'),
(944,	'Repudiandae tempora.',	'Ttz',	'1995-09-13 00:00:00'),
(945,	'Voluptas quas molestiae.',	'Zzrv',	'1977-02-22 00:00:00'),
(946,	'Distinctio quae non omnis.',	'Wkfrl',	'1976-08-07 00:00:00'),
(947,	'Rerum quod nihil quaerat itaque.',	'Htbu',	'1972-09-10 00:00:00'),
(948,	'Aperiam ut aliquam et.',	'Piehl',	'2011-03-22 00:00:00'),
(949,	'Vitae sint id vel.',	'Svraq',	'1976-05-24 00:00:00'),
(950,	'Vitae minima tenetur doloribus.',	'Dheet',	'2007-07-18 00:00:00'),
(951,	'Necessitatibus sunt dolor.',	'Qvuls',	'1985-01-26 00:00:00'),
(952,	'Voluptas nam consequuntur.',	'Fatoy',	'2017-06-25 00:00:00'),
(953,	'Quaerat et quia voluptatibus.',	'Unbf',	'1999-11-28 00:00:00'),
(954,	'Ex id aut numquam.',	'Lfi',	'1995-08-13 00:00:00'),
(955,	'Est aliquid voluptas eligendi.',	'Hmy',	'1993-09-26 00:00:00'),
(956,	'Voluptatem et excepturi reiciendis.',	'Efzls',	'1991-01-05 00:00:00'),
(957,	'Doloremque quia consequatur.',	'Fvbgf',	'1982-05-18 00:00:00'),
(958,	'Quasi quia sunt animi eum.',	'Img',	'2001-01-19 00:00:00'),
(959,	'Cumque odit fuga.',	'Xtaxt',	'2000-03-10 00:00:00'),
(960,	'Non distinctio natus.',	'Gjx',	'2009-02-02 00:00:00'),
(961,	'Nam sunt commodi ad.',	'Dkc',	'1992-07-15 00:00:00'),
(962,	'Nisi dolor blanditiis.',	'Cqtio',	'1993-04-19 00:00:00'),
(963,	'Et minima porro eos.',	'Mlwk',	'1972-03-01 00:00:00'),
(964,	'Sapiente qui voluptas.',	'Tptai',	'2017-03-02 00:00:00'),
(965,	'Et totam culpa.',	'Byn',	'1977-06-10 00:00:00'),
(966,	'Molestiae qui vitae.',	'Rni',	'2009-08-04 00:00:00'),
(967,	'Eveniet et sunt dolores.',	'Lbwt',	'2017-10-15 00:00:00'),
(968,	'Sit expedita inventore.',	'Dqjk',	'1984-06-24 00:00:00'),
(969,	'Consequatur est quod autem.',	'Pexir',	'1990-10-13 00:00:00'),
(970,	'Delectus fugit numquam.',	'Poy',	'1973-06-20 00:00:00'),
(971,	'Mollitia perferendis ipsam quis.',	'Osto',	'1999-08-09 00:00:00'),
(972,	'Qui quia alias.',	'Ypbi',	'1975-01-20 00:00:00'),
(973,	'Rerum rerum.',	'Bdzr',	'2009-07-30 00:00:00'),
(974,	'Distinctio fugit vel.',	'Qih',	'2011-06-14 00:00:00'),
(975,	'In molestiae et sit rem.',	'Jkutl',	'1995-06-21 00:00:00'),
(976,	'Minus esse tenetur.',	'Ntwm',	'1998-04-07 00:00:00'),
(977,	'Magnam nobis vero unde.',	'Rzu',	'1987-03-23 00:00:00'),
(978,	'Est rem voluptatem eveniet.',	'Rmhui',	'1988-08-02 00:00:00'),
(979,	'Numquam voluptas harum enim.',	'Vtkm',	'2011-03-24 00:00:00'),
(980,	'Consequuntur dolor est voluptatum ut.',	'Qcv',	'1971-10-03 00:00:00'),
(981,	'Doloribus corporis et possimus.',	'Yhc',	'1988-09-17 00:00:00'),
(982,	'Possimus facere est vitae sunt.',	'Nvnvr',	'1989-03-10 00:00:00'),
(983,	'Iste quia aut voluptatem.',	'Qmd',	'1993-01-28 00:00:00'),
(984,	'Veniam quibusdam sint.',	'Mjx',	'2004-06-09 00:00:00'),
(985,	'Incidunt est alias.',	'Qmju',	'2006-09-14 00:00:00'),
(986,	'Et in quas distinctio.',	'Mikk',	'2015-02-10 00:00:00'),
(987,	'Dolores maiores magni quo.',	'Vur',	'1988-07-01 00:00:00'),
(988,	'Qui optio provident.',	'Tvkbl',	'1974-01-17 00:00:00'),
(989,	'Est qui quod.',	'Aigp',	'2007-06-22 00:00:00'),
(990,	'Enim minima voluptatem.',	'Tglwq',	'1999-11-16 00:00:00'),
(991,	'Rerum eaque fuga.',	'Nlldq',	'2016-02-04 00:00:00'),
(992,	'Non enim quis.',	'Gddhc',	'1976-03-04 00:00:00'),
(993,	'Ut adipisci accusamus.',	'Tlgze',	'2000-12-24 00:00:00'),
(994,	'Quia nesciunt in.',	'Nhej',	'1999-02-25 00:00:00'),
(995,	'Fugit quo aut est.',	'Srcxs',	'1994-02-13 00:00:00'),
(996,	'Odio quis non.',	'Lexzz',	'2008-11-30 00:00:00'),
(997,	'Voluptatem vel tenetur.',	'Izgac',	'1976-01-13 00:00:00'),
(998,	'Omnis dolorum saepe et.',	'Olbyl',	'2007-06-29 00:00:00'),
(999,	'Ipsum modi est.',	'Mnicp',	'1977-04-11 00:00:00'),
(1000,	'Omnis quae facere.',	'Iokn',	'1971-11-13 00:00:00');

-- 2018-01-15 15:40:22
