CREATE TABLE `clientes` (
  `id` int(11) NOT NULL AUTO_INCREMENT,
  `nome` varchar(50) COLLATE utf8mb4_unicode_ci NOT NULL,
  `email` varchar(50) COLLATE utf8mb4_unicode_ci DEFAULT NULL,
  `cpf` varchar(11) COLLATE utf8mb4_unicode_ci DEFAULT NULL,
  PRIMARY KEY (`id`)
) ENGINE=InnoDB DEFAULT CHARSET=utf8mb4 COLLATE=utf8mb4_unicode_ci;

INSERT INTO `clientes` (`id`, `nome`, `email`, `cpf`) VALUES
(1,	'Valéria Cervantes Vila Filho',	'teles.christian@hotmail.com',	'21485709271'),
(2,	'Pablo Ferreira Molina Filho',	'roque.mateus@yahoo.com',	'30213668632'),
(3,	'Fabiana Bittencourt',	'ocruz@verdara.com.br',	'94959304596'),
(4,	'Sabrina Sepúlveda Jr.',	'abril.galhardo@caldeira.net.br',	'86946739603'),
(5,	'Martinho Rodrigo Fonseca Neto',	'solano.regina@uol.com.br',	'37166374234'),
(6,	'Demian Roque Jr.',	'noel22@torres.org',	'35612428977'),
(7,	'Sr. Matias Jerônimo Matos',	'fbonilha@romero.net',	'84021104006'),
(8,	'Emília Luciana Perez Filho',	'carrara.ariadna@caldeira.br',	'76092468920'),
(9,	'Mariana Ferraz',	'sergio85@godoi.org',	'66981288412'),
(10,	'Sr. Sérgio Carrara Neto',	'marin.teobaldo@esteves.net.br',	'64339022533'),
(11,	'Micaela Zamana Verdugo Jr.',	'nicole.avila@r7.com',	'33620063892'),
(12,	'Sr. Sérgio Matias Grego Sobrinho',	'medina.catarina@hotmail.com',	'52296246357'),
(13,	'Noel Estêvão Bonilha',	'jcarrara@delgado.com.br',	'74405495672'),
(14,	'Srta. Ariana Pedrosa Campos',	'tbarreto@serrano.net.br',	'80439289990'),
(15,	'Dr. Rebeca Bianca Aragão',	'emilio.lira@salazar.com.br',	'19655979295'),
(16,	'Bianca Vieira Jr.',	'christian.gomes@uol.com.br',	'80161048559'),
(17,	'Sra. Luzia Pedrosa',	'fbrito@molina.com.br',	'89321926592'),
(18,	'Dr. Gian Mendes',	'maximiano.toledo@barros.br',	'74079583796'),
(19,	'Sr. Agostinho Ian Cortês',	'emanuel.lovato@sales.com.br',	'33619603029'),
(20,	'Dr. Helena Quintana Feliciano Jr.',	'xmendes@r7.com',	'25676445471'),
(21,	'Pedro Bonilha',	'jeronimo19@hotmail.com',	'92147392309'),
(22,	'Emanuel Bittencourt Colaço Sobrinho',	'inacio.batista@vila.org',	'69549426345'),
(23,	'Sra. Mel Paz Sobrinho',	'tdacruz@velasques.br',	'82101667153'),
(24,	'Catarina Godói Sobrinho',	'iaguiar@gmail.com',	'10621693093'),
(25,	'Dr. Francisco Isaac Montenegro Sobrinho',	'bruno77@vasques.net.br',	'81505152383'),
(26,	'Christian das Dores',	'tabata77@hotmail.com',	'71187670358'),
(27,	'Guilherme Medina Jr.',	'padrao.thiago@madeira.com.br',	'85691426924'),
(28,	'Violeta Abreu Lovato',	'jbittencourt@terra.com.br',	'41624777508'),
(29,	'Dr. Emílio Gabriel Guerra',	'torres.melissa@yahoo.com',	'39509877803'),
(30,	'Sr. Vicente Sepúlveda',	'hugo12@yahoo.com',	'41812914627'),
(31,	'Pablo Cruz',	'fontes.sara@gmail.com',	'14859103347'),
(32,	'Dr. Renata Ortiz Filho',	'vega.sofia@correia.com.br',	'27308934168'),
(33,	'Dr. Alexa Renata Pacheco Jr.',	'davila.natal@gmail.com',	'44686553414'),
(34,	'Thiago Pablo Colaço',	'msanches@hotmail.com',	'17680205654'),
(35,	'Rodrigo Andres Carrara',	'ebonilha@gmail.com',	'31734907563'),
(36,	'Helena D\'ávila',	'srico@galindo.net',	'20840577116'),
(37,	'Sr. Isaac Samuel de Aguiar',	'matos.elizabeth@r7.com',	'87876550858'),
(38,	'Joaquin Correia',	'pamela24@gomes.net',	'28359329977'),
(39,	'Evandro Azevedo Neto',	'dsalas@paz.com',	'14828362899'),
(40,	'Dr. Santiago Guerra Fidalgo Neto',	'verdara.jose@ramos.org',	'13401789169'),
(41,	'Sra. Juliana Rocha Filho',	'manuel.garcia@cortes.com.br',	'80574145826'),
(42,	'Ana Galindo',	'mariana80@gmail.com',	'12089349312'),
(43,	'Dr. Sara Clara Sepúlveda',	'natalia08@ig.com.br',	'69635953385'),
(44,	'Thales Samuel Branco',	'aoliveira@maldonado.org',	'74115415628'),
(45,	'Irene Azevedo Jr.',	'estrada.melissa@yahoo.com',	'91968063713'),
(46,	'Srta. Clara Sanches Filho',	'maximo.urias@rezende.br',	'22330599350'),
(47,	'Carla Assunção Neto',	'julieta.molina@hotmail.com',	'35186429187'),
(48,	'Salomé de Oliveira',	'fernandes.ian@dasdores.br',	'98564821839'),
(49,	'Srta. Ketlin Vasques Padrão',	'carolina05@r7.com',	'46654288983'),
(50,	'Srta. Pâmela Ariadna Carrara Filho',	'plovato@hotmail.com',	'85103542838'),
(51,	'Rafaela Sofia Soares',	'hferreira@gmail.com',	'29152340257'),
(52,	'Estêvão de Souza Mendonça Sobrinho',	'samuel.oliveira@gmail.com',	'94857633446'),
(53,	'Mia Michele Quintana Jr.',	'zpaes@uol.com.br',	'28730852412'),
(54,	'Beatriz Romero Neves Sobrinho',	'alan05@yahoo.com',	'62198487079'),
(55,	'Sra. Vitória Joana Camacho',	'mel79@r7.com',	'28196104939'),
(56,	'Dr. Paulina Balestero Solano Filho',	'zaragoca.paula@uol.com.br',	'26425793759'),
(57,	'Thiago Rafael Fontes',	'jeronimo.perez@batista.com.br',	'46561698259'),
(58,	'Sr. Dante Guerra Neto',	'ian71@r7.com',	'39395881542'),
(59,	'Sra. Gabriela Marques Vale',	'norma79@gmail.com',	'41415195515'),
(60,	'Dr. Vicente Everton Ferraz',	'giovana.rico@ig.com.br',	'48539740450'),
(61,	'Dr. João de Souza',	'noel.gomes@r7.com',	'52158477188'),
(62,	'Dr. Agustina Santiago Filho',	'everton58@rosa.net',	'80559272222'),
(63,	'Fernando Rodrigues Filho',	'qgoncalves@santiago.com',	'42759349112'),
(64,	'Micaela Amanda Delatorre',	'xleal@hotmail.com',	'31616648629'),
(65,	'Dr. Franco Fonseca Estrada',	'isaac31@rocha.com.br',	'27885087658'),
(66,	'Dr. Fátima Rangel Caldeira Jr.',	'wpereira@abreu.br',	'50529338010'),
(67,	'Luciano Domingues Queirós Neto',	'diego.pacheco@hotmail.com',	'49194706923'),
(68,	'Felipe Valentin Chaves Filho',	'corona.natalia@marin.com.br',	'98186281776'),
(69,	'Constância Rezende Sobrinho',	'julia34@rocha.com.br',	'79350298258'),
(70,	'Srta. Abgail Noelí Flores',	'nrocha@cordeiro.br',	'18355782711'),
(71,	'Sra. Luana Pena Filho',	'luna.santiago@ortiz.br',	'47044398216'),
(72,	'Dr. Leonardo Rafael Vila',	'wpaes@ig.com.br',	'68387068299'),
(73,	'Sr. Anderson Camacho Saraiva Filho',	'qlira@marques.com',	'91978942073'),
(74,	'Vitória Marés Rodrigues Neto',	'fonseca.valeria@escobar.com',	'55812742770'),
(75,	'Ketlin Madeira de Souza Jr.',	'bvelasques@brito.org',	'67030668339'),
(76,	'Sra. Giovana Balestero Urias',	'qtoledo@soto.net',	'64733454066'),
(77,	'Isabel Malena da Rosa',	'julieta.saraiva@gmail.com',	'86222620635'),
(78,	'Sra. Camila de Oliveira Neto',	'giovana.zamana@rico.org',	'91794177509'),
(79,	'Dr. Camila Rangel',	'amelia.chaves@gmail.com',	'61295450201'),
(80,	'Dr. Noel Lucas Esteves Neto',	'christopher10@feliciano.net',	'67243315275'),
(81,	'Sr. Pablo Aranda Jr.',	'queiros.michele@terra.com.br',	'40123786596'),
(82,	'Rodrigo Kevin Maia Neto',	'cervantes.josefina@r7.com',	'87345356159'),
(83,	'Ian Mateus Padrão',	'ivan26@lira.com',	'90426023629'),
(84,	'Sra. Luciana Beatriz Salas',	'matias.dante@ferreira.net',	'59043136601'),
(85,	'Dr. Alma Rodrigues',	'inacio.bonilha@romero.net.br',	'78214299250'),
(86,	'Fátima Flores Filho',	'mazevedo@sepulveda.com.br',	'28336395425'),
(87,	'Dr. Norma Hortência Sanches Sobrinho',	'pedrosa.santiago@ferreira.com.br',	'62550034568'),
(88,	'Emílio Pablo Vale',	'valentin.delvalle@soares.com',	'14879390127'),
(89,	'Teobaldo Burgos Sobrinho',	'bonilha.jacomo@hotmail.com',	'42868116347'),
(90,	'Camila Maitê Carmona Jr.',	'vsalas@terra.com.br',	'95405685346'),
(91,	'Luzia Molina Faro',	'adriana.padrao@perez.com.br',	'62865659178'),
(92,	'Srta. Elizabeth Micaela Cruz',	'adriano.padrao@uol.com.br',	'71825773511'),
(93,	'Sra. Ivana de Oliveira Sobrinho',	'micaela30@colaco.net',	'37158822331'),
(94,	'Srta. Samanta Ivana Aranda Neto',	'mascarenhas.benjamin@ig.com.br',	'10054882138'),
(95,	'Srta. Ornela Galhardo',	'allison.matias@lutero.net.br',	'38989840495'),
(96,	'Sr. Samuel Balestero',	'sophie62@gmail.com',	'72024646503'),
(97,	'Dr. Santiago Barreto Sobrinho',	'marinho.irene@verdugo.net',	'14501861486'),
(98,	'Dr. Adriano Giovane Delatorre Neto',	'gabriela.matos@terra.com.br',	'95499705237'),
(99,	'Sara Andrea Chaves',	'mleal@ig.com.br',	'14071621664'),
(100,	'Ian Teles',	'xsalas@gomes.com.br',	'44108495365'),
(101,	'Alessandra Gil Roque Jr.',	'pvila@yahoo.com',	'68832250774'),
(102,	'Dr. Ashley Abreu Campos',	'yprado@quintana.com.br',	'40347450522'),
(103,	'Srta. Manuela Ketlin Galhardo Sobrinho',	'rebeca.valencia@franco.net.br',	'78380851416'),
(104,	'Srta. Nicole Santacruz',	'camilo.fonseca@fonseca.net.br',	'23300069902'),
(105,	'Emília Estrada',	'ccordeiro@hotmail.com',	'64974983679'),
(106,	'Sr. Francisco Fidalgo Serra Jr.',	'ddomingues@deoliveira.net.br',	'69497474288'),
(107,	'Christopher Leandro de Souza Sobrinho',	'carlos54@mendonca.com',	'51209546483'),
(108,	'Noel Godói Sanches',	'teobaldo.esteves@estrada.com.br',	'48570728303'),
(109,	'Sr. Jorge Garcia Uchoa Neto',	'galindo.ian@ferreira.br',	'40721617690'),
(110,	'Vicente Mascarenhas Santacruz',	'iguerra@santacruz.net',	'68995820344'),
(111,	'Luciana Bezerra Escobar',	'miguel74@ig.com.br',	'67086356840'),
(112,	'Dr. Elias Cristóvão Salgado Neto',	'valeria60@yahoo.com',	'71625535493'),
(113,	'Sr. Thales Espinoza Ávila',	'gabriel50@ig.com.br',	'53490090830'),
(114,	'Sra. Constância Padilha',	'vila.violeta@gmail.com',	'94209036383'),
(115,	'Paulo Maximiano Perez Jr.',	'quchoa@marques.com',	'29907790380'),
(116,	'Sra. Sabrina Alexa Valdez Sobrinho',	'maximiano51@yahoo.com',	'84795701462'),
(117,	'Dr. Alexandre Paz',	'melissa.pacheco@terra.com.br',	'26443604665'),
(118,	'Dr. Amanda Galhardo Neto',	'lutero.fabiana@paes.com',	'80543927611'),
(119,	'Sra. Isabel Feliciano Lozano Jr.',	'bvila@gmail.com',	'10564218215'),
(120,	'Dr. Hugo da Cruz Paes',	'gustavo.soares@dominato.com',	'68964360035'),
(121,	'Ashley Lutero Vega',	'sesteves@esteves.com',	'68100567360'),
(122,	'Máximo Reis',	'luana75@uol.com.br',	'79787826211'),
(123,	'Dr. Fernando Molina Quintana Jr.',	'correia.hugo@dasneves.net.br',	'39828981798'),
(124,	'Sra. Thalissa Nicole Franco',	'isoares@gmail.com',	'16128685644'),
(125,	'Sra. Camila Oliveira Sobrinho',	'santacruz.laura@ig.com.br',	'90522871706'),
(126,	'Sra. Malena Rico Caldeira',	'vfaro@deoliveira.org',	'55178537410'),
(127,	'João Camilo Vale Neto',	'paula.gil@cortes.net.br',	'16826224264'),
(128,	'Dr. Luana Padrão Gusmão',	'avila.rodrigo@hotmail.com',	'37774491486'),
(129,	'Martinho Sandoval Sobrinho',	'jeronimo66@darosa.net',	'61906988826'),
(130,	'Srta. Sofia Ramos',	'ivan60@dias.net.br',	'11735584633'),
(131,	'Adriana Helena Santana Jr.',	'guerra.luciano@lozano.com',	'98683212876'),
(132,	'Horácio Corona Rico',	'goncalves.natalia@dacruz.net.br',	'94883040605'),
(133,	'Sr. Christian Torres Paz',	'luis43@yahoo.com',	'35556020717'),
(134,	'Sr. Francisco Bonilha Sobrinho',	'soto.carla@gmail.com',	'28533321939'),
(135,	'Dr. Juliana da Cruz Carrara',	'maximo.delgado@r7.com',	'83133283287'),
(136,	'Alexa Furtado Serna Neto',	'teobaldo17@hotmail.com',	'48298442982'),
(137,	'Paulo Matias Batista Neto',	'estevao.pacheco@valdez.com.br',	'25768283866'),
(138,	'Mário Maia Santacruz Filho',	'gian.delatorre@yahoo.com',	'42811478967'),
(139,	'Dr. Thiago Serrano Roque Neto',	'urias.ricardo@bezerra.com',	'14663098064'),
(140,	'Sr. Isaac Estrada',	'gian04@soto.org',	'48401526507'),
(141,	'Sr. Andres de Aguiar Filho',	'teobaldo.zaragoca@madeira.com',	'26960015293'),
(142,	'Sr. David José Perez Sobrinho',	'sgalvao@leon.com',	'30970899469'),
(143,	'Sr. Tomás Paz',	'garcia.rebeca@delgado.com',	'90243395245'),
(144,	'Dr. Thalissa Clara Toledo',	'noel.mares@yahoo.com',	'13240400308'),
(145,	'Micaela Manuela de Souza',	'emilia.santiago@rico.com',	'88535391034'),
(146,	'Lucas Antônio Romero',	'ldeaguiar@gmail.com',	'62287437174'),
(147,	'Benjamin Felipe Zaragoça Filho',	'kgil@ig.com.br',	'56988385140'),
(148,	'Sra. Regina Ferminiano',	'luana.galindo@ig.com.br',	'98223309472'),
(149,	'Dr. Andres Thiago Padilha Jr.',	'brito.ariana@campos.com',	'54447456994'),
(150,	'Dr. Micaela Lira Sobrinho',	'paulo15@prado.com',	'65822708991'),
(151,	'Sr. Miguel das Neves',	'esalgado@yahoo.com',	'89035189064'),
(152,	'Anderson Torres de Oliveira',	'garcia.joaquin@maia.org',	'75140661613'),
(153,	'Dr. Kevin Zamana',	'micaela24@uol.com.br',	'37862470272'),
(154,	'Kevin Zamana de Souza Filho',	'rcolaco@uol.com.br',	'93622982101'),
(155,	'Srta. Rafaela Soto Fidalgo',	'nfranco@hotmail.com',	'76570067755'),
(156,	'Luciano Kevin Marés Sobrinho',	'helena.casanova@carmona.com',	'84703709301'),
(157,	'Srta. Luzia de Oliveira Vieira Sobrinho',	'medina.catarina@terra.com.br',	'32083438777'),
(158,	'Anderson Rico Esteves Neto',	'amelia.batista@ortega.net',	'35752762554'),
(159,	'Sr. Thales Rangel Paes Neto',	'miranda45@paes.br',	'76062884134'),
(160,	'Julieta Ferreira Lira Filho',	'benites.hortencia@leon.com.br',	'76974684784'),
(161,	'Dr. Tessália Ana Sales Sobrinho',	'fernandes.samanta@uol.com.br',	'47039691698'),
(162,	'Srta. Daniela D\'ávila Madeira Sobrinho',	'sandoval.thiago@sanches.com.br',	'70814666379'),
(163,	'Srta. Manuela Vega Dias Sobrinho',	'luis01@uol.com.br',	'61060396757'),
(164,	'Micaela Sepúlveda Rodrigues Filho',	'vpontes@santiago.com.br',	'55354429592'),
(165,	'Sra. Tessália Zambrano Dias Neto',	'camacho.isabella@tamoio.com.br',	'50587858122'),
(166,	'Jasmin Ferraz Fontes Neto',	'pcorona@sales.com',	'78298227227'),
(167,	'Dr. Gabriel Rocha Sobrinho',	'ornela.fonseca@fontes.com',	'93355095172'),
(168,	'Dr. Melissa Norma Galhardo',	'jasmin.ramires@terra.com.br',	'35631935319'),
(169,	'Elizabeth Pereira Ortiz',	'deaguiar.micaela@rezende.com',	'71137373389'),
(170,	'Natal Mendes Franco Neto',	'alessandra57@velasques.br',	'39362629859'),
(171,	'Emília Godói Jr.',	'mateus.godoi@marinho.com',	'46078452258'),
(172,	'Sr. Manuel Daniel Ferminiano',	'jrezende@madeira.br',	'73864564460'),
(173,	'Ian Joaquin Gonçalves',	'norma.queiros@gmail.com',	'76322744831'),
(174,	'Adriana Pâmela Pedrosa Sobrinho',	'thiago.cortes@fonseca.net.br',	'39855161483'),
(175,	'Srta. Mariana Aguiar Guerra',	'valeria.pereira@r7.com',	'99707289619'),
(176,	'Dr. Francisco Cristóvão Madeira Sobrinho',	'pamela34@rico.com.br',	'15366147213'),
(177,	'Sr. Alonso Fonseca',	'isadora95@prado.com',	'67574906926'),
(178,	'Franco Delvalle Barros',	'christopher.galindo@uol.com.br',	'74375256293'),
(179,	'Hortência Dominato Filho',	'pdeaguiar@batista.org',	'23958823645'),
(180,	'Regina Nicole Martines',	'omedina@perez.com',	'72134980543'),
(181,	'Dr. Emiliano Jorge Zamana Filho',	'tomas.correia@terra.com.br',	'38113781987'),
(182,	'Dr. Agostinho Balestero Santiago',	'clara12@gmail.com',	'80565396531'),
(183,	'Dr. Mário das Dores Sobrinho',	'xrivera@ig.com.br',	'21386374777'),
(184,	'Allison Corona Escobar Neto',	'christian39@yahoo.com',	'85254106569'),
(185,	'Dante Sanches Faria Jr.',	'samanta.burgos@uol.com.br',	'24115249638'),
(186,	'Sra. Irene Elizabeth Abreu Neto',	'salazar.sofia@gmail.com',	'17669867503'),
(187,	'Sra. Júlia Lira Leal Neto',	'carmona.leandro@balestero.net',	'46016200230'),
(188,	'Horácio Serna Filho',	'ydasdores@gmail.com',	'74774749927'),
(189,	'Sr. Maximiano Paz Jr.',	'bsantana@ig.com.br',	'27139962034'),
(190,	'Silvana Chaves',	'olivia.duarte@gmail.com',	'20404657633'),
(191,	'Dr. Thalissa Roque Batista',	'ibenites@hotmail.com',	'99873891899'),
(192,	'Sra. Clara Vieira Lutero',	'adomingues@ig.com.br',	'80702858627'),
(193,	'Dr. Inácio Pereira Santana Filho',	'abreu.abgail@serrano.com.br',	'40393297527'),
(194,	'Dr. Fabiana Sofia Ferreira',	'fprado@rocha.com.br',	'58411200237'),
(195,	'Leandro Teles Vega Jr.',	'gmaia@r7.com',	'18681784019'),
(196,	'Sr. Vicente Franco Barros',	'david.leal@hotmail.com',	'93322767367'),
(197,	'Melissa Pacheco Pedrosa',	'paulina02@barreto.br',	'39792981871'),
(198,	'Julieta Gabriela Urias',	'pablo.vasques@hotmail.com',	'24276589537'),
(199,	'Sr. Noel Soto',	'efurtado@ig.com.br',	'55950902040'),
(200,	'Rebeca Gil Bittencourt',	'malena.desouza@zaragoca.com.br',	'78122941002'),
(201,	'Miguel Casanova',	'melissa37@marques.org',	'80965750479'),
(202,	'Laura Santacruz',	'evandro44@gmail.com',	'15861055963'),
(203,	'Vitória Ferreira Valdez Jr.',	'vila.adriano@ig.com.br',	'25485023813'),
(204,	'Elias Gustavo Sanches',	'carmona.olivia@lozano.com',	'61872590823'),
(205,	'Júlia Pedrosa',	'guchoa@uol.com.br',	'60806920662'),
(206,	'Evandro Rios Gusmão Neto',	'isabella.abreu@gmail.com',	'84120549340'),
(207,	'Giovane Aaron Mendonça',	'ymascarenhas@zaragoca.com',	'36721996049'),
(208,	'Dr. Valéria Soares Neto',	'qcarrara@rezende.com.br',	'39377780513'),
(209,	'Dr. Antonieta Mendonça Jr.',	'lfontes@yahoo.com',	'45930277148'),
(210,	'Fernando David Colaço Neto',	'ytamoio@hotmail.com',	'76759179325'),
(211,	'Sr. Alonso Azevedo Uchoa',	'mascarenhas.emilia@dasneves.org',	'85870962213'),
(212,	'Elias Vicente Soto',	'assuncao.adriano@r7.com',	'12615202287'),
(213,	'Manuel Marin Aguiar Sobrinho',	'vmascarenhas@deaguiar.net',	'91036964921'),
(214,	'Valentin Barros Campos',	'cristovao69@gmail.com',	'83864338505'),
(215,	'Sr. Demian Teles Filho',	'romero.rafael@sales.org',	'44724765615'),
(216,	'Santiago Bezerra',	'julieta36@serna.net',	'61191419656'),
(217,	'Dr. Mariana Amélia Matias',	'mariana.paes@garcia.com.br',	'79579258081'),
(218,	'Srta. Joana Emília Mendes',	'vega.henrique@hotmail.com',	'87147669938'),
(219,	'Emiliano Quintana Filho',	'julia.torres@pacheco.com.br',	'82233459354'),
(220,	'Sr. Leandro Marinho Neto',	'emanuel.prado@velasques.com',	'56262151789'),
(221,	'Melissa Mendes',	'hferraz@gmail.com',	'23016304571'),
(222,	'Giovane Emílio Pacheco Neto',	'valencia.gabriel@r7.com',	'67571177899'),
(223,	'Dr. Elizabeth Barreto',	'dasneves.abril@quintana.com.br',	'37985473471'),
(224,	'Luara Domingues Filho',	'xuchoa@terra.com.br',	'40417873202'),
(225,	'Dr. Fábio Dominato Matos Jr.',	'fonseca.violeta@oliveira.net.br',	'34289089825'),
(226,	'Sr. Gian Vega',	'ana64@verdugo.com',	'38552152557'),
(227,	'Dr. Elias Lutero Saraiva',	'eleon@soares.org',	'73429980285'),
(228,	'Srta. Luna Rivera Sobrinho',	'zmatos@ig.com.br',	'87460890788'),
(229,	'Rebeca Michele Lozano',	'clara19@sanches.net',	'30460967472'),
(230,	'Sr. Vicente Josué da Silva',	'lsantiago@ig.com.br',	'43303288574'),
(231,	'Dr. Hugo Evandro Lutero Neto',	'ornela.serra@marques.com',	'35385628280'),
(232,	'Srta. Ariadna Casanova Filho',	'clara02@quintana.com.br',	'50590347150'),
(233,	'Sra. Madalena Alessandra das Dores Neto',	'amanda.roque@esteves.org',	'47100574915'),
(234,	'Helena Silvana Ferreira Jr.',	'perez.andres@davila.org',	'27131685303'),
(235,	'Carlos Pablo Serrano',	'murias@galhardo.com.br',	'90826022120'),
(236,	'Sra. Júlia Ferreira Filho',	'carolina.salas@fidalgo.net',	'27139006282'),
(237,	'Valentin Salgado',	'jasmin97@aragao.org',	'71044849532'),
(238,	'Lucas Quintana Neto',	'galhardo.sara@uol.com.br',	'71659591926'),
(239,	'Sr. Ziraldo Sandoval Garcia Sobrinho',	'zsandoval@mares.com.br',	'54138203598'),
(240,	'David Demian Lira',	'jcorreia@r7.com',	'25065142478'),
(241,	'Ana Miranda Paz Filho',	'cortes.pablo@corona.org',	'95460887439'),
(242,	'Sra. Pâmela Verdugo Salazar Jr.',	'bneves@yahoo.com',	'80407217141'),
(243,	'Ziraldo Ramos',	'marin.carla@hotmail.com',	'60837799356'),
(244,	'Sra. Mariana Pedrosa Filho',	'msalazar@fonseca.net.br',	'80523477751'),
(245,	'Sra. Luna Galindo',	'david.rios@brito.com.br',	'94311480548'),
(246,	'Dr. Isadora Roque',	'camilo.lovato@terra.com.br',	'20197389174'),
(247,	'Srta. Norma Ariana Pereira Filho',	'isabella59@ig.com.br',	'66418153910'),
(248,	'Dr. Christian Ramires Solano Neto',	'rafaela36@carmona.net',	'89174254391'),
(249,	'Dr. Helena Paz',	'esolano@yahoo.com',	'84016607434'),
(250,	'Srta. Pâmela Pâmela Gusmão',	'leandro.queiros@uol.com.br',	'88702526798'),
(251,	'Sr. Elias Noel Medina Neto',	'norma.cervantes@yahoo.com',	'71805585605'),
(252,	'Sra. Mariana das Neves',	'toledo.thiago@r7.com',	'95179871231'),
(253,	'Dr. José Brito Assunção',	'jasmin.correia@maldonado.com',	'29510429107'),
(254,	'Srta. Agustina Suzana Escobar Sobrinho',	'jacomo.escobar@uol.com.br',	'81282638771'),
(255,	'Emanuel Estêvão Branco Filho',	'ramos.josue@yahoo.com',	'42081629088'),
(256,	'Sr. Lucas Thales Pena',	'mascarenhas.ivana@estrada.com.br',	'29905654075'),
(257,	'Felipe Pacheco Burgos',	'sebastiao.dasneves@martines.org',	'31791020457'),
(258,	'Sra. Valéria Soto',	'sophie.campos@uol.com.br',	'19011634298'),
(259,	'Agustina Pereira Neto',	'malena.ferreira@mares.org',	'90722783971'),
(260,	'Agustina Amanda Vasques Neto',	'kzaragoca@terra.com.br',	'70147356402'),
(261,	'Sra. Paulina Leal',	'joao89@verdara.br',	'24746921263'),
(262,	'Alexa Correia Mendonça Filho',	'antonio.cortes@gmail.com',	'79096075007'),
(263,	'Sr. Everton Miguel Marinho',	'ariadna81@matos.com',	'45438775864'),
(264,	'Pâmela Allison Vega Sobrinho',	'abril17@ig.com.br',	'78032262336'),
(265,	'Gian Sales Sobrinho',	'hernani91@gmail.com',	'85844464016'),
(266,	'Sr. Diego Rios da Rosa Jr.',	'mia.flores@r7.com',	'77835769263'),
(267,	'Dr. Catarina Escobar',	'ecarrara@terra.com.br',	'60059411598'),
(268,	'Laura Chaves Escobar Filho',	'sebastiao65@pereira.br',	'77460857853'),
(269,	'Natal Toledo Soto Sobrinho',	'maximo83@prado.net.br',	'91591946722'),
(270,	'Srta. Amélia Gil Sobrinho',	'guerra.alonso@gmail.com',	'38601839303'),
(271,	'Jorge Torres',	'micaela29@davila.org',	'42786731178'),
(272,	'Dr. Joaquin Teles Gomes Sobrinho',	'vila.silvana@yahoo.com',	'95519804848'),
(273,	'Srta. Sophie Salgado Zambrano',	'vlovato@carmona.net.br',	'10537333671'),
(274,	'Sr. Jácomo Azevedo',	'sales.anderson@terra.com.br',	'57224319729'),
(275,	'Dr. Simon Abreu',	'isabel.matias@furtado.org',	'31297307342'),
(276,	'Luna Azevedo Sobrinho',	'nzambrano@uol.com.br',	'36158461589'),
(277,	'Emílio Serna',	'micaela27@gmail.com',	'67987731814'),
(278,	'Ashley Ramires Colaço',	'valeria.guerra@r7.com',	'78954442174'),
(279,	'Sr. Gustavo Jácomo das Dores Neto',	'ymares@gmail.com',	'73196348911'),
(280,	'Mia Neves',	'qzaragoca@casanova.com.br',	'40227782043'),
(281,	'Dr. Gustavo Bruno Jimenes Jr.',	'hferreira@santacruz.com',	'54949886470'),
(282,	'Manuela Vega Beltrão Filho',	'dmarin@godoi.br',	'23809169289'),
(283,	'Dr. Adriano Rosa Neto',	'eduardo.vieira@yahoo.com',	'47617059287'),
(284,	'Sr. Carlos Ivan Sepúlveda',	'helena36@cortes.org',	'56297075349'),
(285,	'Nádia Leon',	'nbeltrao@escobar.com.br',	'46392469072'),
(286,	'Antonieta de Souza',	'alonso.vega@ig.com.br',	'76285638918'),
(287,	'Sr. Sebastião Dias Dias',	'bduarte@r7.com',	'39486096080'),
(288,	'Srta. Irene Dias',	'fpontes@soares.com',	'22834402073'),
(289,	'Srta. Ariadna Serra Jr.',	'valentin.verdugo@soto.com.br',	'31931318490'),
(290,	'Agostinho Thiago Rios Neto',	'maia.luciana@vila.com.br',	'74574860814'),
(291,	'Sra. Carolina Garcia',	'solano.carlos@gmail.com',	'43269372168'),
(292,	'Sr. Aaron Eduardo Molina',	'luciano10@r7.com',	'74163981821'),
(293,	'Dr. Daniela Adriana Colaço Sobrinho',	'madalena09@r7.com',	'83615936608'),
(294,	'Alexandre Manuel Esteves Filho',	'maximiano.urias@desouza.com.br',	'37361268996'),
(295,	'Evandro Maia Sandoval Neto',	'fernando.dominato@campos.br',	'95829321693'),
(296,	'Dr. Luciano Inácio Serrano',	'samanta54@prado.net.br',	'58346317950'),
(297,	'Dr. Leonardo Ian Gusmão Jr.',	'ofidalgo@dasdores.com',	'46617870144'),
(298,	'Ariana Helena Cortês Filho',	'carrara.thales@terra.com.br',	'49427163235'),
(299,	'Dr. Carlos Maldonado Assunção',	'ashley.dacruz@solano.com',	'81397433965'),
(300,	'Sra. Sofia Serna Filho',	'medina.luna@ig.com.br',	'53888165475'),
(301,	'Renata Jimenes da Rosa Jr.',	'valentin14@terra.com.br',	'82537442477'),
(302,	'Horácio Agostinho Domingues',	'vitoria74@medina.com',	'65382060829'),
(303,	'Dr. Giovane Isaac Ortiz Neto',	'martinho.avila@ig.com.br',	'71216984476'),
(304,	'Sr. Felipe Matias Teles Filho',	'leonardo31@uol.com.br',	'84132775913'),
(305,	'Sebastião Demian Rangel',	'ncolaco@gil.net.br',	'62733581922'),
(306,	'Srta. Luana Abril Correia Neto',	'bmatos@gmail.com',	'67820985419'),
(307,	'Sr. Thiago Faro Sobrinho',	'fvila@uol.com.br',	'81697289931'),
(308,	'Dr. Emílio Mateus Fidalgo',	'melissa34@r7.com',	'21827278000'),
(309,	'Maximiano Galvão Delgado Sobrinho',	'brito.bruno@hotmail.com',	'73747558431'),
(310,	'Bruno Jácomo Ramos Neto',	'ariana31@hotmail.com',	'55346498114'),
(311,	'Luara Rivera',	'thiago30@delatorre.com.br',	'67277583728'),
(312,	'Carolina Medina Caldeira Sobrinho',	'mario05@roque.com.br',	'40341981037'),
(313,	'Adriano Pontes',	'alonso88@terra.com.br',	'80992083664'),
(314,	'Daniela Teles Dominato',	'malena17@gmail.com',	'42208639412'),
(315,	'Dr. Maximiano Salgado',	'daniel.pedrosa@uol.com.br',	'14839608141'),
(316,	'Sra. Fabiana Faro Sobrinho',	'ariana.rosa@gmail.com',	'10084690859'),
(317,	'Helena Prado Sobrinho',	'vega.fernando@r7.com',	'93760436144'),
(318,	'Dr. Santiago Cristóvão Aranda',	'carlos68@ig.com.br',	'58285035466'),
(319,	'Dr. Vicente Benites Flores Filho',	'martinho48@ig.com.br',	'95682813334'),
(320,	'Daniela Quintana Queirós',	'fatima.gomes@terra.com.br',	'73266111939'),
(321,	'Dr. Sebastião Hugo Aranda Jr.',	'pablo.gusmao@gmail.com',	'38779623187'),
(322,	'Carlos das Neves',	'salazar.ziraldo@uol.com.br',	'92155972265'),
(323,	'Julieta Padilha Sobrinho',	'tuchoa@gmail.com',	'59199336592'),
(324,	'Fátima Ramos',	'cruz.jacomo@uol.com.br',	'84689058134'),
(325,	'Elias Guilherme Madeira Filho',	'faro.abgail@gmail.com',	'40677864663'),
(326,	'Sr. Everton Maia',	'oliveira.salome@matias.com',	'27585502898'),
(327,	'Sra. Constância Quintana Roque Sobrinho',	'xvieira@uol.com.br',	'45553041466'),
(328,	'Sra. Ariadna Beltrão D\'ávila Neto',	'constancia16@terra.com.br',	'21501039640'),
(329,	'Camilo Verdugo Vila Neto',	'rangel.rafaela@meireles.com.br',	'74032573267'),
(330,	'Manuela Benites Barreto',	'emiliano52@hotmail.com',	'21480358703'),
(331,	'Luciana Rios',	'henrique09@hotmail.com',	'93115072702'),
(332,	'Sr. Dante Rafael das Neves',	'demian34@hotmail.com',	'12022674290'),
(333,	'Allison Montenegro',	'czamana@gmail.com',	'50440675377'),
(334,	'Paulina Lozano Fonseca Filho',	'paulo.cruz@balestero.net.br',	'81358458975'),
(335,	'Dr. Sebastião Rodrigo Pontes',	'zmendes@espinoza.org',	'48857230587'),
(336,	'Sr. Diego Quintana',	'desouza.tessalia@aguiar.br',	'69436460968'),
(337,	'Dr. Sérgio Roque Neto',	'pedrosa.michele@ig.com.br',	'25154142780'),
(338,	'Rodrigo Quintana',	'madalena.sales@mendonca.com',	'99845509752'),
(339,	'Elizabeth Escobar Jr.',	'svasques@hotmail.com',	'15757273976'),
(340,	'Dr. Josefina Violeta Gil Sobrinho',	'sdomingues@corona.org',	'58739414893'),
(341,	'Srta. Luzia Santana Neto',	'julia.jimenes@gmail.com',	'22955741376'),
(342,	'Sra. Norma Nicole de Oliveira Jr.',	'jasmin.bezerra@uol.com.br',	'36251359064'),
(343,	'Srta. Jasmin Matos Corona Sobrinho',	'valentin.pablo@rocha.com',	'62182446535'),
(344,	'Sr. Camilo Pena Balestero',	'amelia23@ortega.com',	'37469644761'),
(345,	'Noel da Cruz Sobrinho',	'guilherme.vega@deaguiar.net.br',	'16638996216'),
(346,	'Manuela Leon Marés Neto',	'pamela77@furtado.br',	'32499857238'),
(347,	'Vitória Carla Serrano',	'elizabeth37@valdez.com.br',	'89013176331'),
(348,	'Sra. Amanda Ariana Roque',	'bruno.marin@ig.com.br',	'44725200193'),
(349,	'Maitê Corona D\'ávila',	'emilio.oliveira@ferraz.com',	'93773308990'),
(350,	'Suzana Lovato',	'isadora29@verdara.net',	'89710208556'),
(351,	'Josefina Urias Correia',	'samanta30@uol.com.br',	'46371383735'),
(352,	'Allison da Silva Filho',	'josue83@uol.com.br',	'11746647360'),
(353,	'Sérgio Matias Quintana Filho',	'emanuel02@hotmail.com',	'62967275514'),
(354,	'Dr. Salomé Samanta Esteves',	'mateus.grego@chaves.com',	'92836854809'),
(355,	'Dr. Leandro Gabriel Carmona Sobrinho',	'everton28@terra.com.br',	'53112599727'),
(356,	'Sra. Giovana Romero Jr.',	'sanches.violeta@hotmail.com',	'71516838459'),
(357,	'Dr. Carolina Saraiva Bittencourt',	'rafael80@batista.net',	'27229753064'),
(358,	'Srta. Paula Delgado Burgos',	'giovane.pedrosa@gmail.com',	'67482161673'),
(359,	'Dr. Josué Sanches Velasques Jr.',	'alma.romero@gmail.com',	'35047675626'),
(360,	'Felipe Velasques',	'valdez.renata@reis.com.br',	'34106054499'),
(361,	'Henrique de Souza Flores Neto',	'oferreira@yahoo.com',	'94826161056'),
(362,	'Dr. Ana Paulina Aguiar Filho',	'dvalentin@uol.com.br',	'56172164968'),
(363,	'Natal Rodrigo Matos Sobrinho',	'benjamin57@pereira.com.br',	'65254318793'),
(364,	'Isadora Abgail Galhardo',	'joana.goncalves@salazar.com',	'28443568083'),
(365,	'Srta. Ketlin Sabrina Fontes',	'inacio.rocha@oliveira.com',	'60651270061'),
(366,	'Samuel Branco',	'sgalvao@pacheco.com.br',	'91305255818'),
(367,	'Dr. Mário Cervantes Sobrinho',	'campos.ornela@yahoo.com',	'90229302732'),
(368,	'Olívia Santiago Neto',	'hteles@r7.com',	'19895899096'),
(369,	'Sra. Pâmela Carrara',	'flores.francisco@ortega.com',	'82998286690'),
(370,	'Sra. Manuela Brito Verdara',	'matias.flores@ig.com.br',	'79708128113'),
(371,	'Dr. Leonardo Barros Sobrinho',	'luna47@ortega.com.br',	'64460325032'),
(372,	'Juliana Ortiz Queirós Sobrinho',	'nflores@ig.com.br',	'36394678514'),
(373,	'Sabrina Samanta Torres',	'jorge.vieira@rocha.net.br',	'93878899372'),
(374,	'Dr. Francisco Gusmão Jr.',	'elizabeth.pena@mascarenhas.com',	'28347448402'),
(375,	'Srta. Samanta Sophie Camacho Neto',	'mel75@uchoa.net.br',	'31643427029'),
(376,	'Daniel Felipe Medina',	'fidalgo.tabata@desouza.com.br',	'31423774851'),
(377,	'Micaela Feliciano Neto',	'cruz.isadora@ig.com.br',	'45390798953'),
(378,	'Ariana Sofia Serna Sobrinho',	'thales.faro@gmail.com',	'73273471257'),
(379,	'Pablo Evandro Abreu',	'valentin.tamoio@gmail.com',	'37005104435'),
(380,	'Hortência Andrea Caldeira Jr.',	'valentina73@padilha.net',	'37811327907'),
(381,	'Sra. Violeta de Oliveira Bezerra Jr.',	'micaela.matos@faria.com',	'46595792000'),
(382,	'Luara Assunção Sobrinho',	'aaron.casanova@correia.com',	'11013200917'),
(383,	'Dr. Alonso Escobar Velasques',	'david34@ig.com.br',	'16074870815'),
(384,	'Sra. Ornela Abgail Madeira Sobrinho',	'tmendes@goncalves.com.br',	'42062171603'),
(385,	'Jerônimo Pablo Rangel Jr.',	'kdarosa@rico.com',	'40090269939'),
(386,	'Dr. Alan Cruz',	'galindo.luana@verdara.com',	'92149781816'),
(387,	'Lucas Serra Filho',	'luciano.valdez@hotmail.com',	'28199143696'),
(388,	'Srta. Vitória Fátima Ferreira',	'hernani44@molina.com',	'84373092488'),
(389,	'Luara Gomes Aguiar',	'furtado.paulo@terra.com.br',	'93214715370'),
(390,	'Jácomo D\'ávila Jr.',	'gian28@terra.com.br',	'88452925463'),
(391,	'Maximiano Pena Matias Filho',	'tais29@r7.com',	'69853721122'),
(392,	'Dr. Valentina Carla Torres Sobrinho',	'vbenites@lovato.net.br',	'52982328948'),
(393,	'Sr. Ricardo Manuel Lutero Sobrinho',	'luciano70@r7.com',	'27207406321'),
(394,	'Sr. Pablo Alan Zaragoça',	'cesteves@uol.com.br',	'54433330654'),
(395,	'Evandro Correia Sobrinho',	'paz.julia@r7.com',	'58149143069'),
(396,	'Sr. David Feliciano Filho',	'avega@terra.com.br',	'57570340522'),
(397,	'Gian Lovato Ferminiano',	'colaco.julia@uol.com.br',	'99804027018'),
(398,	'Mel Sofia Fonseca Sobrinho',	'ketlin73@romero.org',	'34780779215'),
(399,	'Luciano Ramires',	'henrique.delatorre@yahoo.com',	'53695148672'),
(400,	'Violeta Galindo',	'luara28@mendonca.com.br',	'29700241877'),
(401,	'Thalissa Pedrosa Neto',	'sara49@uol.com.br',	'68197391830'),
(402,	'Sra. Samanta Lozano Cruz',	'sophie.paz@rangel.br',	'48854123210'),
(403,	'Gabriel Santiago',	'sergio80@ig.com.br',	'45548892649'),
(404,	'Fernando Tamoio Jr.',	'fatima48@pontes.com',	'32795155996'),
(405,	'Dr. Simão Carrara',	'suzana.marin@yahoo.com',	'89577238365'),
(406,	'Madalena da Silva Jr.',	'xmendonca@pereira.com',	'27082770945'),
(407,	'Dr. Suzana Barros Dominato Sobrinho',	'ddasneves@hotmail.com',	'11471944739'),
(408,	'Sr. Natal Vieira Neto',	'faria.miranda@soares.com',	'25588255334'),
(409,	'Emiliano Rezende Aragão',	'fcordeiro@aguiar.br',	'86284083014'),
(410,	'Luciano Garcia Ramos Neto',	'cristovao.marinho@solano.net',	'74364376200'),
(411,	'Srta. Mel Cordeiro Montenegro',	'rebeca22@salgado.com.br',	'91378206660'),
(412,	'Srta. Silvana Solano',	'mfidalgo@uol.com.br',	'60939162931'),
(413,	'Anderson Vega',	'luis.dasilva@yahoo.com',	'33606945423'),
(414,	'Dr. Noel Vega',	'teobaldo98@gmail.com',	'89571824985'),
(415,	'Dante Gustavo Santana',	'assuncao.sophie@yahoo.com',	'52045892615'),
(416,	'Srta. Elizabeth Sophie Rios Jr.',	'xgil@terra.com.br',	'60713146736'),
(417,	'Michele Ferraz Salazar',	'sofia.cortes@uol.com.br',	'96553211808'),
(418,	'Emília Sofia Torres',	'vitoria.batista@ig.com.br',	'89655750015'),
(419,	'Estêvão Espinoza',	'zamana.carolina@yahoo.com',	'26450569290'),
(420,	'Sra. Carla Ferreira Sobrinho',	'urezende@lovato.com',	'56201577319'),
(421,	'Rafaela Sophie Quintana',	'leandro73@gusmao.net',	'36496648899'),
(422,	'Natal Jimenes das Dores Jr.',	'hassuncao@hotmail.com',	'77733262029'),
(423,	'Dr. Sofia Taís Neves Filho',	'fgoncalves@hotmail.com',	'92732043013'),
(424,	'David Matos Pedrosa',	'simao.benites@hotmail.com',	'32851056976'),
(425,	'Simão Bittencourt Cordeiro',	'sabrina91@hotmail.com',	'31902458583'),
(426,	'Sr. Jorge Quintana Verdugo',	'malena61@lovato.com',	'26974736128'),
(427,	'Christian Aranda Feliciano Sobrinho',	'rico.manuela@dacruz.com',	'13682810636'),
(428,	'Anderson Dias',	'perez.valeria@yahoo.com',	'40140531508'),
(429,	'Diego Medina Gonçalves',	'pamela39@ig.com.br',	'53740803528'),
(430,	'Sr. Fernando Saraiva',	'amelia28@terra.com.br',	'80907862744'),
(431,	'Martinho Matias Rezende Filho',	'giovana65@ig.com.br',	'42425853765'),
(432,	'Cristóvão Hugo Fonseca Jr.',	'dante78@goncalves.com',	'46775140419'),
(433,	'Fabiana Queirós',	'zmatos@queiros.br',	'50816964397'),
(434,	'Sr. Hernani Pedrosa Mascarenhas',	'nromero@rezende.br',	'92770709897'),
(435,	'Tessália Salomé D\'ávila',	'serra.ketlin@r7.com',	'71889593822'),
(436,	'Beatriz Marés Sobrinho',	'medina.manuel@ortega.br',	'51395333450'),
(437,	'Luciano Pablo Pontes Filho',	'julieta.rocha@fontes.com',	'72873157006'),
(438,	'Srta. Helena Tessália Vasques',	'furtado.aaron@hotmail.com',	'59291748724'),
(439,	'Suzana Alexa Correia Neto',	'tais.salazar@medina.com.br',	'64401573598'),
(440,	'Dr. Máximo Aaron Jimenes Jr.',	'frodrigues@ig.com.br',	'55611222131'),
(441,	'Sr. Kevin Sepúlveda Rosa',	'tamoio.simao@corona.net.br',	'24918420721'),
(442,	'Valentin Guilherme Serna Neto',	'ccruz@verdara.com',	'24375796542'),
(443,	'Srta. Antonieta Cordeiro',	'pacheco.luis@lutero.com',	'21931445723'),
(444,	'Máximo Faro Prado Filho',	'faria.elias@matias.com',	'26028413411'),
(445,	'Srta. Pâmela Luara Pedrosa Jr.',	'nbonilha@hotmail.com',	'98331682640'),
(446,	'Sra. Norma Andrea Burgos Jr.',	'rezende.ketlin@tamoio.net.br',	'11857996011'),
(447,	'Camilo Reis Neto',	'alma.neves@zamana.br',	'79619366636'),
(448,	'Vicente Ferraz',	'aranda.sofia@yahoo.com',	'47169820745'),
(449,	'Ariana Ferraz Feliciano',	'goncalves.mario@serrano.com',	'99627912626'),
(450,	'Agostinho Guerra',	'teles.guilherme@dasdores.com.br',	'35046073410'),
(451,	'Sr. Ivan Francisco Camacho Neto',	'lozano.silvana@hotmail.com',	'73418389214'),
(452,	'Sra. Isabel Ariadna Delatorre',	'allison.ramires@hotmail.com',	'71509441365'),
(453,	'Josefina Bittencourt Zaragoça Filho',	'vlovato@ig.com.br',	'69932316495'),
(454,	'Paula Gusmão Jr.',	'thiago.salas@prado.com',	'87050752063'),
(455,	'Evandro Roque',	'madalena85@domingues.com.br',	'87589280818'),
(456,	'Luara Marques Furtado',	'reis.violeta@barreto.br',	'77431757653'),
(457,	'Martinho Vega Santacruz Jr.',	'brito.ricardo@yahoo.com',	'30450125849'),
(458,	'Gabriel Ivan Ortega Filho',	'paula.vega@gmail.com',	'60851512989'),
(459,	'Teobaldo Dante Oliveira',	'maximiano.casanova@hotmail.com',	'11245457608'),
(460,	'Tomás Cruz Uchoa Filho',	'silvana96@ig.com.br',	'75746337765'),
(461,	'Antônio Vicente Barreto Neto',	'xsoares@fidalgo.net.br',	'98506741205'),
(462,	'Dr. Bruno Delatorre Ferreira',	'goncalves.horacio@r7.com',	'40884717817'),
(463,	'Dr. Ariana Salomé D\'ávila Sobrinho',	'vieira.renata@r7.com',	'45716183837'),
(464,	'Dr. Pâmela Uchoa',	'yfonseca@ramos.br',	'96420989380'),
(465,	'Alessandra Guerra Sobrinho',	'zlovato@yahoo.com',	'19224464297'),
(466,	'Bruno Benites Rios Sobrinho',	'gferminiano@hotmail.com',	'42532798244'),
(467,	'Sra. Carolina Carmona Filho',	'jbenites@garcia.com',	'67994115416'),
(468,	'Dr. Laura Barros Neto',	'norma.dasdores@gmail.com',	'58171539689'),
(469,	'Dr. Daniela Amanda Escobar',	'esoto@ig.com.br',	'65078514520'),
(470,	'Ketlin Caldeira Aranda',	'pena.fabio@terra.com.br',	'59924861147'),
(471,	'Gabriela Jimenes Neto',	'horacio46@gmail.com',	'33639495039'),
(472,	'Sra. Thalissa Malena Ferraz Sobrinho',	'gbezerra@ig.com.br',	'25048466729'),
(473,	'Miguel Oliveira Lovato',	'miranda12@matias.com',	'93539385736'),
(474,	'Sr. Benjamin Rodrigues Vale Sobrinho',	'maximiano60@queiros.org',	'58631865228'),
(475,	'Thiago Antônio da Silva',	'xvale@ig.com.br',	'29385594950'),
(476,	'Regina Salomé Santiago',	'uestrada@ig.com.br',	'38263275913'),
(477,	'Rodrigo Pacheco Sobrinho',	'delvalle.miranda@gmail.com',	'33424529599'),
(478,	'Gian Marés',	'soares.alexa@hotmail.com',	'12153753427'),
(479,	'Srta. Ashley Zaragoça Cruz',	'zambrano.bruno@batista.br',	'43229340240'),
(480,	'Srta. Bianca Emília Barros',	'thales57@corona.br',	'32832500012'),
(481,	'Henrique Felipe Ávila Jr.',	'faria.carlos@ig.com.br',	'90905623657'),
(482,	'Melissa Soto',	'pacheco.inacio@gmail.com',	'27279458413'),
(483,	'Srta. Carolina de Aguiar Neto',	'rodrigues.luzia@caldeira.com.br',	'38196209736'),
(484,	'Dr. Emílio D\'ávila Matos',	'jfonseca@martines.com.br',	'12050431195'),
(485,	'Sra. Camila Torres Pena',	'diego57@ig.com.br',	'13700356781'),
(486,	'Paula Medina Jr.',	'xtamoio@matias.com.br',	'35035598429'),
(487,	'Jácomo Fernandes Marin',	'qrios@yahoo.com',	'34125125280'),
(488,	'Sr. Emanuel Bruno Santacruz',	'maite98@garcia.br',	'44115898053'),
(489,	'Sr. Josué da Silva Jr.',	'teobaldo61@gmail.com',	'43586826663'),
(490,	'Horácio Cervantes Zambrano',	'violeta61@r7.com',	'27595869970'),
(491,	'Estêvão Leandro Prado',	'queiros.felipe@yahoo.com',	'67379079576'),
(492,	'Sra. Isabella Padilha Filho',	'salas.samuel@r7.com',	'74230658125'),
(493,	'José Bonilha Faria Neto',	'mcorona@hotmail.com',	'19632825678'),
(494,	'Sr. Pedro David Gonçalves',	'gustavo.aguiar@uol.com.br',	'51870628133'),
(495,	'Bianca Alma Ortiz Jr.',	'barros.noel@roque.com.br',	'68057446170'),
(496,	'Sra. Andrea Franco',	'christian35@verdugo.com.br',	'98437575200'),
(497,	'Vitória Juliana Matias Jr.',	'upacheco@terra.com.br',	'58407171688'),
(498,	'José Ziraldo Pontes',	'frios@gmail.com',	'61091982300'),
(499,	'Srta. Miranda Flores',	'madalena50@terra.com.br',	'49228448440'),
(500,	'Amanda Cervantes Marin Neto',	'pontes.silvana@cordeiro.org',	'97736095402'),
(501,	'Santiago Godói',	'wvila@guerra.net',	'87544039338'),
(502,	'Miguel Bonilha',	'gabriela21@hotmail.com',	'80205324364'),
(503,	'Srta. Josefina Sepúlveda Dias',	'zbeltrao@gmail.com',	'73221167620'),
(504,	'Srta. Beatriz Vega',	'trezende@uol.com.br',	'25975058122'),
(505,	'Dr. Tessália Perez Sobrinho',	'vcaldeira@yahoo.com',	'10282700521'),
(506,	'Noel Bezerra Ortega Sobrinho',	'furtado.amelia@urias.net.br',	'18207156796'),
(507,	'Regina Oliveira',	'qbarros@branco.com',	'77244823934'),
(508,	'Emília Ferreira Queirós Filho',	'fferraz@ferreira.com.br',	'38395060889'),
(509,	'Dr. Allison Camila Rezende Sobrinho',	'mneves@benites.org',	'99677553579'),
(510,	'Dr. Rodrigo Mateus Soares Filho',	'gian.bezerra@yahoo.com',	'90869481612'),
(511,	'Srta. Laura Salazar Sobrinho',	'diego05@colaco.br',	'67276420947'),
(512,	'Dr. Diego Vale',	'antonio05@hotmail.com',	'67480744318'),
(513,	'Nádia Domingues Sobrinho',	'camila.marinho@r7.com',	'86827042738'),
(514,	'Horácio Uchoa Ortiz Filho',	'giovana.duarte@terra.com.br',	'55856612498'),
(515,	'Pablo Ortiz Zaragoça Neto',	'ejimenes@madeira.net',	'81440459422'),
(516,	'Christian Gomes Dominato',	'mateus10@hotmail.com',	'96126953868'),
(517,	'Joaquin Emílio Valência Filho',	'rrangel@yahoo.com',	'22022085241'),
(518,	'Sra. Ketlin Salazar',	'regina.barros@hotmail.com',	'98122503073'),
(519,	'Dr. Sérgio Beltrão Balestero',	'idarosa@terra.com.br',	'37698445182'),
(520,	'Ricardo Carmona Jr.',	'urias.malena@ig.com.br',	'59092005258'),
(521,	'Sra. Melissa Paulina Vasques Filho',	'alutero@pontes.com',	'34934925639'),
(522,	'Sr. Emiliano Paulo Perez Filho',	'manuel.grego@ramires.com.br',	'19538876358'),
(523,	'Madalena Delgado Rocha',	'nadia39@uol.com.br',	'66827302145'),
(524,	'Sra. Ketlin das Neves de Oliveira Sobrinho',	'vieira.ivana@dacruz.org',	'83722180014'),
(525,	'Sra. Abgail Roque',	'pmeireles@terra.com.br',	'57718059914'),
(526,	'Salomé Marés Santiago Neto',	'fabiana72@vega.com.br',	'80287910018'),
(527,	'Vitória Toledo Neto',	'cdelvalle@rios.br',	'32756796494'),
(528,	'Matias Santiago das Neves',	'emilia.vieira@uol.com.br',	'35656099429'),
(529,	'Lucas Hugo Ferreira Sobrinho',	'salgado.helena@estrada.br',	'21040257093'),
(530,	'Sra. Carla Miranda Rosa Jr.',	'ssanches@verdugo.com.br',	'35568392092'),
(531,	'Dr. Manuela Fátima Maldonado',	'luzia.queiros@soares.net.br',	'58962866507'),
(532,	'Ivana Delatorre Ferreira',	'tabata.vega@yahoo.com',	'88015873326'),
(533,	'Natália Queirós Cortês',	'bcolaco@r7.com',	'40842709633'),
(534,	'Valentin Máximo Rangel Jr.',	'christian.correia@teles.com',	'10610875884'),
(535,	'Miranda Sofia Ferraz',	'tais55@gmail.com',	'53493989173'),
(536,	'Andrea Madeira',	'jsales@hotmail.com',	'56343073295'),
(537,	'Sra. Laura Molina',	'jeronimo.serna@uol.com.br',	'67160775120'),
(538,	'Isaac Cervantes Filho',	'luciano33@ig.com.br',	'65480463434'),
(539,	'Dr. Thalissa Pena Tamoio Filho',	'rafael.paz@terra.com.br',	'66989781283'),
(540,	'Luna Delatorre Burgos',	'ian10@r7.com',	'34045765118'),
(541,	'Ricardo Marques Neto',	'matias.dasilva@yahoo.com',	'95054944215'),
(542,	'Sr. Luis Josué Serna Jr.',	'xfaria@ig.com.br',	'38590889553'),
(543,	'Valéria Corona Bezerra',	'darosa.valentina@furtado.net.br',	'79046927234'),
(544,	'Fábio Estrada Serrano',	'assuncao.eduardo@mascarenhas.net.br',	'86843568588'),
(545,	'Dr. Joana Agustina Padrão',	'pontes.benjamin@terra.com.br',	'54761605292'),
(546,	'Sra. Joana Alessandra Ferminiano',	'rico.madalena@rangel.org',	'73037336667'),
(547,	'Srta. Salomé Madalena Velasques Neto',	'carlos23@gmail.com',	'88693330210'),
(548,	'Julieta Melissa Serrano',	'verdugo.malena@cruz.com.br',	'90458769458'),
(549,	'Franco Matias Soares',	'agostinho86@paz.com.br',	'62556550678'),
(550,	'Mia Godói',	'ilovato@romero.org',	'34437732188'),
(551,	'Tomás Gabriel Matias Sobrinho',	'maximiano.caldeira@ramires.com.br',	'52902392911'),
(552,	'Hernani Chaves Filho',	'alexa79@hotmail.com',	'87534905883'),
(553,	'Isaac das Dores Ortega Neto',	'sofia.esteves@serna.org',	'78549916388'),
(554,	'Dr. Gustavo Leandro Gonçalves Jr.',	'godoi.sabrina@ig.com.br',	'32937251924'),
(555,	'Bianca Matias Burgos Neto',	'christian.mendes@uol.com.br',	'97537693130'),
(556,	'Sra. Luara Neves Filho',	'vmeireles@uol.com.br',	'99430729074'),
(557,	'Dr. Benjamin Zaragoça Aguiar Filho',	'bonilha.melissa@gmail.com',	'31673291791'),
(558,	'Sr. Eduardo Azevedo Filho',	'jose05@rivera.br',	'70757055442'),
(559,	'Sophie Rafaela Valentin',	'sales.beatriz@yahoo.com',	'15073892855'),
(560,	'Sra. Luna Hortência Vila Neto',	'everton.rico@marinho.br',	'86892412377'),
(561,	'Dr. Isabella Helena Campos',	'rivera.isadora@valencia.com.br',	'55968750752'),
(562,	'Hugo Salgado',	'qbarreto@rodrigues.com.br',	'92224336788'),
(563,	'Adriano Roque Jr.',	'emilia.salgado@terra.com.br',	'87573932413'),
(564,	'Luara D\'ávila Roque Filho',	'rodrigo52@dacruz.br',	'88406898053'),
(565,	'Teobaldo Santacruz',	'ufaria@yahoo.com',	'98207077043'),
(566,	'Dr. Miranda Batista Pereira',	'ysantiago@casanova.com',	'62285759644'),
(567,	'Jasmin Luzia Carmona Jr.',	'alessandra70@terra.com.br',	'47077105960'),
(568,	'Allison Reis',	'camilo27@r7.com',	'45465853126'),
(569,	'Sr. Gian Samuel Abreu',	'qfranco@ig.com.br',	'25918807449'),
(570,	'Olívia Godói Teles',	'ucruz@barros.com',	'46729506565'),
(571,	'Natal Galvão Vega Sobrinho',	'paula68@uol.com.br',	'53230430889'),
(572,	'Sr. Estêvão Branco Valência Jr.',	'smendes@uol.com.br',	'62679508127'),
(573,	'Julieta Rios Sobrinho',	'ferreira.alma@yahoo.com',	'45224145671'),
(574,	'Sr. Ian de Souza Valência',	'balestero.samanta@terra.com.br',	'99911236461'),
(575,	'Henrique Kevin Zambrano Jr.',	'rafaela.batista@lira.org',	'72434612442'),
(576,	'Maitê Silvana Oliveira Sobrinho',	'brito.adriano@ortiz.org',	'87086353837'),
(577,	'Dr. Ian de Aguiar Verdugo',	'nsoares@furtado.net.br',	'93351395334'),
(578,	'Gabriela Amanda Solano',	'elizabeth75@padilha.org',	'29646759728'),
(579,	'Nicole Meireles Ferraz',	'wsalazar@delgado.org',	'40889798009'),
(580,	'Fábio Leon Ferminiano Sobrinho',	'luna.valentin@pacheco.com',	'82485094005'),
(581,	'Sra. Silvana Paes Matos Sobrinho',	'zmaldonado@carrara.br',	'88234931008'),
(582,	'Dr. Pablo Salas Matias',	'cordeiro.ziraldo@uol.com.br',	'74581388264'),
(583,	'Silvana Gusmão Neto',	'maximo33@desouza.com',	'42276257724'),
(584,	'Dr. Anderson Rezende',	'leandro.ramos@yahoo.com',	'91497063716'),
(585,	'Francisco Felipe das Dores',	'juliana.ferminiano@colaco.net',	'56984141664'),
(586,	'Regina Constância Gusmão Jr.',	'leonardo61@faria.com',	'88798818027'),
(587,	'Srta. Daniela Ornela Martines Neto',	'ndavila@ig.com.br',	'67352265201'),
(588,	'Dr. Camila Brito',	'luana.dacruz@uol.com.br',	'83545886914'),
(589,	'Gustavo Teobaldo Rezende',	'zdarosa@r7.com',	'32759873997'),
(590,	'Alexandre Jimenes Rezende Filho',	'uchoa.rebeca@sanches.com',	'90985894282'),
(591,	'Srta. Alma Salas Galhardo',	'dominato.valeria@sandoval.net.br',	'62592039168'),
(592,	'Natal Christopher Vale Filho',	'camilo25@terra.com.br',	'76221994466'),
(593,	'João Fidalgo Ferminiano',	'jeronimo.ramos@queiros.com.br',	'43509918086'),
(594,	'Sra. Bianca Gil Sobrinho',	'zchaves@faro.com.br',	'98991392339'),
(595,	'Sra. Miranda Paz Sobrinho',	'madeira.carolina@fonseca.net.br',	'92860073692'),
(596,	'Dr. Nicole Luara Corona',	'francisco.furtado@yahoo.com',	'60165244753'),
(597,	'Srta. Renata Zamana',	'jdacruz@gmail.com',	'91026278345'),
(598,	'Sra. Olívia Fátima Ortega Sobrinho',	'alexa60@gmail.com',	'27055318731'),
(599,	'Juliana Santiago Santiago Sobrinho',	'saraiva.gustavo@r7.com',	'54091654872'),
(600,	'Srta. Mel Escobar Filho',	'vega.hernani@yahoo.com',	'59497610987'),
(601,	'Kevin Martines Guerra',	'josue81@lutero.com.br',	'60262761647'),
(602,	'Sr. Thales Soto Sobrinho',	'qzambrano@hotmail.com',	'99444001925'),
(603,	'Dr. Inácio Valentin Domingues',	'maite.goncalves@dasilva.org',	'39353968478'),
(604,	'Sr. Ricardo Meireles Serna',	'antonio.dominato@terra.com.br',	'24028552155'),
(605,	'Valentin Correia Fernandes',	'josefina05@gmail.com',	'11801010023'),
(606,	'Paulo Felipe Verdugo Jr.',	'branco.amelia@deoliveira.net.br',	'48952003597'),
(607,	'Sra. Fabiana Salas Fonseca Jr.',	'pontes.jose@terra.com.br',	'90175822799'),
(608,	'Violeta Taís Pontes',	'zambrano.emilia@molina.br',	'43802375081'),
(609,	'Sophie Clara Mendonça Sobrinho',	'oliveira.luciano@hotmail.com',	'94023552009'),
(610,	'Sra. Luana Mendonça Romero Sobrinho',	'bezerra.malena@madeira.com',	'79629169219'),
(611,	'Máximo Aguiar Rodrigues Jr.',	'adriano96@uol.com.br',	'90107238858'),
(612,	'Pablo Bezerra Verdara Sobrinho',	'samuel95@uol.com.br',	'82309339363'),
(613,	'Dr. Melissa Espinoza Balestero Jr.',	'maldonado.hugo@delgado.org',	'40367223831'),
(614,	'Dr. Pâmela Alexa Faria',	'samuel.dasilva@vale.com.br',	'98724581037'),
(615,	'Dr. Miranda Marés Garcia',	'noel58@gusmao.org',	'11362312475'),
(616,	'Sr. Vicente Queirós Neto',	'beatriz98@rico.com.br',	'45458680494'),
(617,	'Sr. Ivan Adriano Aranda Filho',	'felipe09@r7.com',	'50127492954'),
(618,	'Dr. Juliana Quintana',	'maximo21@yahoo.com',	'86455207164'),
(619,	'Srta. Malena Queirós',	'tzaragoca@hotmail.com',	'64471457074'),
(620,	'Sra. Jasmin Ferraz Filho',	'ytamoio@aranda.net.br',	'96284602483'),
(621,	'Dr. Isabella Abril Marques',	'tbarreto@cordeiro.com.br',	'60669550485'),
(622,	'Alexandre Manuel Branco Jr.',	'zserra@gusmao.br',	'30111464706'),
(623,	'Jerônimo Thales Carrara Neto',	'dasneves.juliana@dias.com',	'29467102725'),
(624,	'Srta. Paula Abreu Vega Neto',	'thiago67@serra.br',	'54393418232'),
(625,	'Paulo Aguiar Ávila',	'dlira@fonseca.br',	'26377023669'),
(626,	'Sabrina Pereira Barros',	'violeta57@prado.org',	'12199310681'),
(627,	'Sra. Malena Feliciano Franco',	'hugo.torres@uol.com.br',	'95524334102'),
(628,	'Violeta Oliveira Vale',	'jorge.cordeiro@ig.com.br',	'40892280739'),
(629,	'Dr. Rafael Correia Sales Jr.',	'henrique08@medina.org',	'74255773594'),
(630,	'Dr. Benjamin Delgado Lira',	'sophie83@yahoo.com',	'66774453294'),
(631,	'Alan Pena Cortês Jr.',	'ffurtado@grego.com.br',	'46493067744'),
(632,	'Alma Barreto Campos Jr.',	'silvana.furtado@davila.com.br',	'19347073398'),
(633,	'Clara Gonçalves Burgos',	'tamoio.luana@ig.com.br',	'38947611267'),
(634,	'Srta. Paulina Mascarenhas Dias Filho',	'cvieira@serra.com',	'22340626537'),
(635,	'Amanda Luara Meireles',	'vvalencia@r7.com',	'59320634154'),
(636,	'Dante Guerra Sobrinho',	'assuncao.ivana@aguiar.com',	'31553736611'),
(637,	'Guilherme Santacruz Neto',	'valentin66@terra.com.br',	'38549462656'),
(638,	'Dr. Martinho Neves Jr.',	'imarin@gmail.com',	'62059139002'),
(639,	'Sr. Adriano Colaço',	'isabella.pena@rosa.br',	'32631529655'),
(640,	'Dr. Valéria de Aguiar',	'vitoria20@oliveira.br',	'17958606719'),
(641,	'Jerônimo Assunção Filho',	'batista.ariana@aragao.com',	'85717489269'),
(642,	'Srta. Júlia Prado Jr.',	'rivera.adriana@jimenes.net',	'40903854263'),
(643,	'Dr. Emílio Galindo Casanova',	'pdasneves@caldeira.org',	'85904975176'),
(644,	'Josué Assunção',	'julia87@santana.br',	'33058025283'),
(645,	'Sra. Taís Correia Sobrinho',	'rsalgado@santacruz.net',	'91081678223'),
(646,	'Sr. Demian Lozano Cruz',	'pedrosa.evandro@teles.br',	'94720944994'),
(647,	'Josué de Oliveira',	'dbranco@serra.com.br',	'42231666837'),
(648,	'Sr. Santiago Francisco Marques Sobrinho',	'guerra.rafael@mares.br',	'48105872625'),
(649,	'Sebastião Ivan Espinoza Jr.',	'isaac.prado@solano.net.br',	'59570413525'),
(650,	'Dr. Giovana Sepúlveda Delatorre Jr.',	'msanches@deoliveira.br',	'85330511783'),
(651,	'Camila Catarina Casanova Sobrinho',	'julia.mendonca@hotmail.com',	'48736732470'),
(652,	'Sra. Mia Toledo',	'camacho.henrique@r7.com',	'67994180451'),
(653,	'Dr. Luzia Esteves Aragão',	'abril.rezende@rocha.org',	'31539480421'),
(654,	'Hernani Fonseca Sobrinho',	'rodrigo25@ortega.com',	'42303898051'),
(655,	'Sra. Rebeca Salomé Abreu Neto',	'ebarreto@r7.com',	'91171733938'),
(656,	'Josefina Ortega Velasques',	'rios.inacio@ig.com.br',	'97770350431'),
(657,	'Sr. Leonardo Ramos Paz Sobrinho',	'sara91@gusmao.com.br',	'23601183756'),
(658,	'Sr. Gian Faro Montenegro',	'natalia.grego@deaguiar.com',	'63453377659'),
(659,	'Sr. Fernando Ivan Cervantes',	'micaela.branco@azevedo.com.br',	'10667776153'),
(660,	'Irene Clara Romero Sobrinho',	'ziraldo.rosa@santana.net.br',	'15142172006'),
(661,	'Dr. Daniel Balestero',	'gustavo.colaco@uchoa.net.br',	'89584325201'),
(662,	'Cristóvão Serrano Sobrinho',	'fernando.batista@terra.com.br',	'33718176199'),
(663,	'Catarina Barreto',	'jose.paes@terra.com.br',	'67408872832'),
(664,	'Fábio Valentin Fernandes Sobrinho',	'mendes.andrea@mascarenhas.org',	'92726277590'),
(665,	'Alan Gomes Galindo',	'cassuncao@matias.com',	'64449649828'),
(666,	'Emília Abgail Bittencourt',	'catarina60@uol.com.br',	'77060736510'),
(667,	'Emília Bezerra Jr.',	'tomas89@gmail.com',	'38128721579'),
(668,	'Sr. Luis Pontes Verdara Sobrinho',	'lgodoi@cordeiro.com',	'37199524926'),
(669,	'Sra. Julieta Caldeira',	'santiago.urias@uol.com.br',	'96961186216'),
(670,	'Sr. Kevin Vieira Uchoa',	'esepulveda@pedrosa.net',	'28966433491'),
(671,	'Sr. Franco Jimenes Martines',	'alan.mascarenhas@yahoo.com',	'97202939459'),
(672,	'Olívia Esteves Espinoza',	'uzamana@yahoo.com',	'96851446309'),
(673,	'Dr. Horácio Burgos',	'marques.thalissa@uol.com.br',	'68312355986'),
(674,	'Júlia Sara de Souza Neto',	'rafael13@gmail.com',	'79018538996'),
(675,	'Dr. Ivan Teobaldo Esteves Jr.',	'sepulveda.simon@dacruz.com',	'63305243464'),
(676,	'Vitória Sepúlveda Faro Neto',	'maximiano75@leal.com.br',	'83107179748'),
(677,	'Dr. Thiago Guerra Velasques',	'valentin.tais@dacruz.net',	'90780224499'),
(678,	'Dr. Guilherme Hugo Aguiar Filho',	'horacio80@faro.com',	'15894156842'),
(679,	'Felipe Madeira Filho',	'guilherme28@verdugo.org',	'26571697240'),
(680,	'Dr. Carolina Luara Valdez Jr.',	'saguiar@saraiva.com.br',	'49633606708'),
(681,	'Sr. Leandro Madeira',	'hugo30@torres.com.br',	'77438190539'),
(682,	'Sra. Rebeca Joana Lira Filho',	'bvale@r7.com',	'44775006873'),
(683,	'Sra. Amanda Emília Paz Sobrinho',	'esolano@gmail.com',	'20387710641'),
(684,	'Mel Elizabeth Duarte',	'maldonado.hortencia@mendes.org',	'10764174840'),
(685,	'Paula Fabiana Queirós',	'delatorre.pedro@ig.com.br',	'14595398186'),
(686,	'Christopher Ortiz Matias',	'salas.franco@feliciano.com',	'41704572211'),
(687,	'Dr. Rafael Camacho Ferreira',	'gustavo08@uol.com.br',	'81733216068'),
(688,	'Sra. Rebeca Madeira Gomes Neto',	'dmares@desouza.com.br',	'70700817638'),
(689,	'Paula Neves Espinoza Jr.',	'csaraiva@ig.com.br',	'87659742187'),
(690,	'Taís Casanova Ramos Jr.',	'pereira.giovana@terra.com.br',	'41309562907'),
(691,	'Emiliano Thiago Prado Neto',	'gabriela86@yahoo.com',	'66522454445'),
(692,	'Kevin Maia Sobrinho',	'isalgado@hotmail.com',	'36331106727'),
(693,	'Inácio Valentin Sobrinho',	'camila98@gmail.com',	'79487793912'),
(694,	'Carolina Beatriz Prado Filho',	'sdavila@hotmail.com',	'20053010670'),
(695,	'Hugo Quintana',	'creis@ig.com.br',	'20675669835'),
(696,	'Rafaela Hortência Molina',	'salgado.thalissa@medina.org',	'52226146344'),
(697,	'Sr. Alan Inácio Barreto Sobrinho',	'joaquin.saraiva@chaves.net',	'98045849838'),
(698,	'Sara Campos Sobrinho',	'francisco.paz@r7.com',	'75153159021'),
(699,	'Salomé Zambrano Neto',	'abgail.urias@terra.com.br',	'22158664183'),
(700,	'Antonieta Quintana',	'maximo56@chaves.br',	'81192632126'),
(701,	'Luzia Delatorre',	'catarina45@cordeiro.com',	'99816395365'),
(702,	'Eduardo Daniel Mendonça',	'ferreira.luciana@sandoval.com',	'24824047465'),
(703,	'Sra. Norma Brito Ferreira Jr.',	'regina.faro@burgos.net.br',	'94664079681'),
(704,	'Srta. Josefina Corona Sobrinho',	'azevedo.manuela@gmail.com',	'67924032989'),
(705,	'Camilo Zamana Zaragoça Sobrinho',	'giovana23@faria.br',	'82115974473'),
(706,	'Srta. Bianca Gil Soto Jr.',	'mariana.salazar@gmail.com',	'67787126746'),
(707,	'Dr. Paulina Meireles Jr.',	'anderson98@bittencourt.com',	'77897336038'),
(708,	'Thiago Lutero',	'pcruz@hotmail.com',	'68310695743'),
(709,	'Jerônimo Lovato Filho',	'martinho20@camacho.net',	'71729762488'),
(710,	'Ariana Paes',	'ezamana@r7.com',	'64118605818'),
(711,	'Sr. Pablo Rafael da Cruz Neto',	'uchoa.joaquin@chaves.br',	'64044982317'),
(712,	'Sra. Noelí Neves Camacho Neto',	'emanuel.sepulveda@paz.com.br',	'43368106430'),
(713,	'Dr. Joaquin Valência Jr.',	'kmarinho@yahoo.com',	'10371040761'),
(714,	'Andrea Domingues da Rosa',	'mgalvao@terra.com.br',	'46696057554'),
(715,	'Dr. Isabella Benites Pedrosa',	'lguerra@campos.com.br',	'22696488456'),
(716,	'Valentina Agustina Quintana',	'emilio.verdara@serna.com.br',	'51006118083'),
(717,	'Srta. Sofia de Oliveira Vale Filho',	'vguerra@goncalves.net.br',	'11955718314'),
(718,	'Manuel Oliveira Neto',	'roque.thales@valdez.org',	'92105778388'),
(719,	'Dr. Vicente Cordeiro Neto',	'zgalindo@yahoo.com',	'50448691726'),
(720,	'Emílio Fábio Brito Jr.',	'odavila@delatorre.net.br',	'12235982081'),
(721,	'Sra. Fabiana Chaves',	'abreu.giovane@terra.com.br',	'69673555816'),
(722,	'Sr. Josué Guerra Neto',	'eoliveira@r7.com',	'52677297010'),
(723,	'Sr. Simon Simão Grego',	'joao.burgos@hotmail.com',	'16453176603'),
(724,	'Sr. Camilo Gil',	'alexandre.leon@ig.com.br',	'62545702614'),
(725,	'Nicole Valentina Quintana',	'queiros.rafael@escobar.net.br',	'26767195824'),
(726,	'Sr. Josué Tomás Maldonado',	'aaron19@gmail.com',	'76467561318'),
(727,	'Dr. Daniela Miranda Queirós',	'ovieira@terra.com.br',	'61944187543'),
(728,	'Sr. Fernando Padilha Jr.',	'btoledo@terra.com.br',	'73329801452'),
(729,	'Ariadna Benites',	'dias.laura@torres.com.br',	'83270820124'),
(730,	'Adriano Ferraz',	'laura90@gmail.com',	'25595056052'),
(731,	'Diego Batista Salas Sobrinho',	'oqueiros@gmail.com',	'26573465631'),
(732,	'Vitória Ortiz Branco Sobrinho',	'hvega@terra.com.br',	'30206694475'),
(733,	'Srta. Ana Perez Vega Sobrinho',	'zvila@galindo.br',	'92495865114'),
(734,	'Isaac Corona',	'noeli.vale@gmail.com',	'96934932490'),
(735,	'Sr. Benjamin Fonseca Rico',	'perez.joana@dasneves.net',	'64677470567'),
(736,	'Sérgio Neves Filho',	'leal.eduardo@sandoval.com',	'57087609044'),
(737,	'Sr. Dante Santiago',	'christian65@vila.com',	'12873278386'),
(738,	'Simon Paes Salgado Neto',	'ozaragoca@hotmail.com',	'28620076936'),
(739,	'Fabiana Branco Quintana Neto',	'felipe22@campos.com',	'39819473522'),
(740,	'Dr. Noelí Abril da Cruz',	'bromero@yahoo.com',	'26732472398'),
(741,	'Sr. Ivan Simão Matos Sobrinho',	'afaro@terra.com.br',	'47264130178'),
(742,	'Daniel Bittencourt Tamoio Neto',	'ileal@gmail.com',	'12949268934'),
(743,	'Dr. Valéria Matos Paes',	'sara44@yahoo.com',	'30047214595'),
(744,	'Srta. Isabel Vega Neto',	'agustina89@rocha.com.br',	'67743891211'),
(745,	'Dr. Tábata Fabiana Neves',	'queiros.ivana@terra.com.br',	'57362501584'),
(746,	'Daniela Cortês Filho',	'bittencourt.manuela@saraiva.com',	'77036250565'),
(747,	'Ariadna Oliveira Neto',	'vicente00@dominato.net',	'47508962764'),
(748,	'Jácomo Ramos Rico Sobrinho',	'thalissa.queiros@uol.com.br',	'28576519410'),
(749,	'Maitê Camacho Neto',	'ylovato@yahoo.com',	'26751853291'),
(750,	'Sr. Simon Solano Dias Sobrinho',	'vasques.camila@carrara.br',	'10303666588'),
(751,	'Jerônimo Domingues',	'alexa23@hotmail.com',	'99765652726'),
(752,	'Dr. Constância Ornela Serra Jr.',	'joaquin.duarte@prado.com',	'37347815672'),
(753,	'Dr. Alonso Roque',	'simao49@r7.com',	'27899961709'),
(754,	'José Molina Ortega Neto',	'elias09@solano.com.br',	'65399254652'),
(755,	'Sr. Sérgio Mascarenhas',	'zaragoca.micaela@queiros.br',	'39587358719'),
(756,	'Sabrina Adriana Chaves Filho',	'rangel.ana@salas.com',	'67949990738'),
(757,	'Isadora Salomé Dominato Jr.',	'giovana.fernandes@perez.com',	'73739995693'),
(758,	'Luzia Queirós Neto',	'regina.colaco@ig.com.br',	'35223206442'),
(759,	'Mariana Tessália Estrada Sobrinho',	'alonso.bonilha@santiago.com',	'64971573169'),
(760,	'Teobaldo Alexandre Torres Neto',	'alexandre.mares@garcia.net',	'21726986975'),
(761,	'Violeta Laura Valência',	'christian14@desouza.com.br',	'43631112487'),
(762,	'Agustina Branco',	'galindo.paulo@pedrosa.org',	'66775320432'),
(763,	'Sr. Martinho Azevedo Filho',	'nicole.barros@yahoo.com',	'54172322718'),
(764,	'Francisco Padrão Filho',	'gpadrao@ig.com.br',	'62789140568'),
(765,	'Alma Norma de Oliveira',	'matos.emilio@r7.com',	'46889722482'),
(766,	'Dr. Catarina Pontes',	'galindo.fernando@rivera.com',	'45896534470'),
(767,	'Clara Gomes Pena',	'madalena.guerra@r7.com',	'57048435390'),
(768,	'Renata Delgado D\'ávila',	'zcasanova@serrano.net.br',	'98072203761'),
(769,	'Sra. Renata Torres Correia',	'ppena@barreto.com',	'48503525522'),
(770,	'Natália Uchoa Dominato Neto',	'emiliano.serna@r7.com',	'75885525348'),
(771,	'Martinho Galhardo Matos Jr.',	'thales55@furtado.com',	'60367652602'),
(772,	'Dr. Emiliano Aragão Aguiar',	'caldeira.julia@gmail.com',	'84286330655'),
(773,	'Giovane Roque Sobrinho',	'dasilva.luana@furtado.org',	'80514652938'),
(774,	'Dr. Kevin Velasques Tamoio Neto',	'valdez.amanda@yahoo.com',	'59874900409'),
(775,	'Juliana Rios Galindo',	'deoliveira.joao@ig.com.br',	'12990058170'),
(776,	'Hugo Sanches Toledo',	'dcaldeira@uol.com.br',	'47032499750'),
(777,	'Dr. Leonardo Gabriel Rosa',	'ipedrosa@gmail.com',	'65830543919'),
(778,	'Dr. Julieta Guerra Jr.',	'tamoio.manuela@terra.com.br',	'39247358832'),
(779,	'Laura Duarte Perez',	'garcia.luara@yahoo.com',	'93434020119'),
(780,	'Sr. Kevin Urias Casanova',	'carla92@hotmail.com',	'80519336116'),
(781,	'Sra. Regina Allison Serra',	'gabriel.correia@jimenes.br',	'57276591809'),
(782,	'Dr. Bruno Fernandes Neto',	'tabata71@molina.net',	'91834334834'),
(783,	'Agustina da Cruz Quintana',	'christopher29@espinoza.org',	'41668347423'),
(784,	'Srta. Joana Ashley Sanches Sobrinho',	'maximo.benites@cordeiro.org',	'24883134684'),
(785,	'Amanda Mia Beltrão',	'emanuel.rangel@salgado.com',	'74833863698'),
(786,	'Dr. Luana Assunção',	'kevin45@ferreira.com',	'42960945753'),
(787,	'Dr. Luara Montenegro Jr.',	'leon.demian@darosa.net.br',	'88780054678'),
(788,	'Sra. Isabel Natália Domingues Jr.',	'sabrina64@pereira.net',	'65830474162'),
(789,	'Sérgio Madeira',	'hernani.tamoio@gil.net.br',	'70301237500'),
(790,	'Srta. Salomé Mia Ortiz',	'gflores@hotmail.com',	'29107698094'),
(791,	'Mário Verdara Rico',	'jtorres@rangel.com.br',	'58591169771'),
(792,	'Dr. Guilherme Emiliano Pena Sobrinho',	'paz.cristovao@aranda.com.br',	'74748840652'),
(793,	'Dr. Micaela Paz',	'lovato.leandro@estrada.br',	'28707078379'),
(794,	'Sr. Miguel Ortiz Burgos Sobrinho',	'julieta47@ig.com.br',	'88106710570'),
(795,	'Sr. Manuel Tomás Ortiz',	'emiliano.sanches@jimenes.net.br',	'16487123097'),
(796,	'Luana Isadora Santacruz',	'preis@leon.com.br',	'69782581805'),
(797,	'Dr. Vicente Serra Fontes Sobrinho',	'daranda@ortiz.org',	'19374118735'),
(798,	'Dr. Thiago Uchoa',	'alma41@hotmail.com',	'26571702686'),
(799,	'Sra. Violeta Solano Jr.',	'plozano@garcia.org',	'92448222051'),
(800,	'Sra. Pâmela Mendes Vila',	'soto.nicole@matias.br',	'72079143238'),
(801,	'Srta. Ariadna Vega',	'furtado.gabriel@pontes.com.br',	'79652729595'),
(802,	'Rafaela Olívia Chaves Sobrinho',	'galindo.christopher@meireles.com',	'63591088832'),
(803,	'Dr. Eduardo Jimenes Marin',	'maximo.paz@yahoo.com',	'63193623925'),
(804,	'Dr. Malena Cordeiro',	'eortega@zambrano.com.br',	'26794968212'),
(805,	'Camilo Teles Sobrinho',	'nadia.reis@queiros.br',	'67683848228'),
(806,	'Sra. Nicole Amanda Leon Sobrinho',	'carlos.solano@gmail.com',	'74667713787'),
(807,	'Sra. Valéria Soares Ramos',	'hguerra@r7.com',	'23360608403'),
(808,	'Sr. Sebastião Kevin Mascarenhas Sobrinho',	'ofonseca@paz.org',	'32102410045'),
(809,	'Sr. Josué Natal Marques Filho',	'benites.ivan@padilha.com.br',	'10936327838'),
(810,	'Dr. Josué Emílio Camacho Jr.',	'dserrano@padrao.com',	'36566194411'),
(811,	'Sra. Rebeca Ávila Marés Sobrinho',	'ariana18@matias.net',	'28806288656'),
(812,	'Dr. David Isaac Gomes Sobrinho',	'mel45@aranda.com',	'98340111140'),
(813,	'Adriano Noel Rocha',	'xsolano@sandoval.com',	'63292651106'),
(814,	'Ariana Lira Gonçalves Jr.',	'mascarenhas.mario@r7.com',	'32608059699'),
(815,	'Dr. Kevin Emiliano Padilha',	'zpaz@ig.com.br',	'24575850270'),
(816,	'Dr. Simon Salas Ferreira',	'rico.joana@gmail.com',	'82837499345'),
(817,	'Ivana Martines',	'valentin.isabella@terra.com.br',	'90839987148'),
(818,	'Dr. Sophie Zaragoça Paz',	'emilia38@terra.com.br',	'41746257570'),
(819,	'Matias Lovato',	'david.verdugo@vila.net',	'58964582187'),
(820,	'Rafaela Romero Filho',	'maite45@hotmail.com',	'36445400750'),
(821,	'Sra. Noelí Rafaela Valdez Filho',	'silvana23@assuncao.com.br',	'89383682975'),
(822,	'Luzia Samanta Oliveira Sobrinho',	'idasilva@solano.com.br',	'50007429208'),
(823,	'Dr. Elias Oliveira Marés',	'vicente.santacruz@delvalle.com',	'79516614655'),
(824,	'Sra. Luna Quintana Solano Sobrinho',	'torres.andrea@vieira.org',	'91036172418'),
(825,	'Dr. Lucas Mendonça Aguiar Neto',	'jose32@gmail.com',	'14067109653'),
(826,	'Ivana Barreto',	'luciana.estrada@uol.com.br',	'91758534673'),
(827,	'Sr. Francisco Carrara Prado Filho',	'wmarques@delvalle.com.br',	'60330944405'),
(828,	'Salomé Emília Fonseca Neto',	'estevao.aranda@uol.com.br',	'57040752065'),
(829,	'Manuel Gusmão Neto',	'carla28@ramires.org',	'32130081619'),
(830,	'Pâmela Branco Ferminiano',	'paula10@hotmail.com',	'28571052382'),
(831,	'Antônio Gusmão Campos',	'clara.serna@terra.com.br',	'71025856370'),
(832,	'Sr. Valentin Isaac Marin Filho',	'jsanches@reis.org',	'66427137628'),
(833,	'Natal Rico Velasques Neto',	'mmolina@domingues.net.br',	'37174061863'),
(834,	'Vitória Sales Sobrinho',	'bianca26@terra.com.br',	'22607385967'),
(835,	'Dr. Renata Ariana Reis',	'silvana80@verdugo.org',	'87941756444'),
(836,	'Dr. Anderson Lucas Pontes',	'jacomo.ferminiano@uol.com.br',	'69958324632'),
(837,	'Natália Santacruz',	'emanuel46@barros.br',	'56133515610'),
(838,	'Dr. Gustavo Pereira Rocha Jr.',	'salgado.paula@sepulveda.net',	'63557762927'),
(839,	'Daniela Nádia Vieira Neto',	'daniela24@flores.net',	'62796653468'),
(840,	'Giovane Aaron Cortês',	'beltrao.renata@gmail.com',	'77363700404'),
(841,	'Agustina Sepúlveda Rezende',	'gfurtado@vieira.net',	'81928444996'),
(842,	'Dr. Fernando Garcia da Rosa',	'kevin.vieira@hotmail.com',	'83976460971'),
(843,	'Dr. Evandro Ortega Neto',	'tamoio.beatriz@yahoo.com',	'87441142538'),
(844,	'Sr. João Escobar Jr.',	'daniel07@vale.org',	'85661671998'),
(845,	'Tessália Salas',	'sophie.pacheco@lozano.com.br',	'41787599917'),
(846,	'Dr. Pâmela das Neves Padrão Neto',	'catarina24@perez.br',	'88159500080'),
(847,	'Natal Rios Vieira',	'babreu@gmail.com',	'10395405662'),
(848,	'Jasmin Luciana Pedrosa Sobrinho',	'toledo.bruno@hotmail.com',	'33422620037'),
(849,	'Valentin das Neves Filho',	'rafael16@ig.com.br',	'44499448269'),
(850,	'Srta. Violeta Faria',	'sergio.gusmao@estrada.com',	'12950398570'),
(851,	'Dr. Salomé Soto Padilha',	'fpaz@yahoo.com',	'52223565289'),
(852,	'Jácomo Mascarenhas',	'helena.franco@terra.com.br',	'88781137758'),
(853,	'Benjamin Abreu',	'ncolaco@fontes.com.br',	'94643114883'),
(854,	'Ricardo Simon Lutero Sobrinho',	'sebastiao.sepulveda@uol.com.br',	'82987839314'),
(855,	'Dr. Jorge Balestero Sobrinho',	'giovana93@hotmail.com',	'66409539628'),
(856,	'Sr. Horácio Reis Neves',	'fatima33@padilha.com',	'63387637784'),
(857,	'Dr. Francisco Grego Ortega',	'valencia.luara@uol.com.br',	'26837698610'),
(858,	'Fátima Matos Filho',	'benjamin.rivera@terra.com.br',	'28756613833'),
(859,	'Noel Simon Pena Jr.',	'violeta38@zambrano.net.br',	'75457569503'),
(860,	'Srta. Sara Gusmão Bittencourt',	'luna.darosa@gmail.com',	'46178790475'),
(861,	'Dr. Abgail Ramires Fidalgo',	'hdavila@bittencourt.com.br',	'26712977059'),
(862,	'Sr. Ian Cervantes Maia',	'ileon@yahoo.com',	'95001852849'),
(863,	'Silvana Aguiar Reis',	'dasilva.juliana@r7.com',	'12530000801'),
(864,	'Dr. Ashley Furtado Assunção Filho',	'fernando.pacheco@perez.com',	'32195085561'),
(865,	'Srta. Antonieta Josefina Pedrosa Filho',	'rebeca59@gmail.com',	'73021110958'),
(866,	'Srta. Sophie Sabrina Lutero',	'galindo.alexa@salgado.com.br',	'56935406163'),
(867,	'Dr. Renata Neves',	'maximo87@hotmail.com',	'55000550395'),
(868,	'Dr. Jácomo Emiliano Bittencourt Neto',	'klira@marinho.com',	'35493587002'),
(869,	'Sr. Martinho Bonilha',	'velasques.maximiano@queiros.net.br',	'78478499658'),
(870,	'Abgail Sepúlveda',	'mascarenhas.julieta@hotmail.com',	'25989138630'),
(871,	'Dr. Suzana Abgail Gil Sobrinho',	'qurias@yahoo.com',	'31441541408'),
(872,	'Felipe da Rosa Jr.',	'alan85@ig.com.br',	'59094500602'),
(873,	'Ornela Medina Reis',	'romero.abril@uol.com.br',	'44747337235'),
(874,	'Srta. Alma Serrano',	'rafael.branco@marinho.br',	'76724981855'),
(875,	'Aaron Fernandes Santiago',	'zaragoca.gabriel@ig.com.br',	'62747905089'),
(876,	'Regina Aranda Jr.',	'saraiva.leandro@duarte.net.br',	'72679199003'),
(877,	'Srta. Irene Ana Colaço',	'madalena.fernandes@zaragoca.com.br',	'54660703004'),
(878,	'Everton Torres',	'ychaves@franco.org',	'90037694121'),
(879,	'Elias Sebastião Guerra Neto',	'horacio.marinho@dasilva.com.br',	'84252690545'),
(880,	'Ariana Cordeiro Galvão',	'joaquin.verdugo@gusmao.br',	'66519393024'),
(881,	'Natal Martines',	'lucas.carmona@hotmail.com',	'83514068387'),
(882,	'Francisco Delgado Sobrinho',	'fernando.barreto@saraiva.org',	'25317709629'),
(883,	'Srta. Amélia Camila Gonçalves Filho',	'inacio15@pedrosa.com',	'82896699995'),
(884,	'Estêvão Miguel Campos Neto',	'sanches.hernani@ig.com.br',	'35191788198'),
(885,	'Mateus Pereira Madeira Sobrinho',	'wdacruz@espinoza.com',	'42197231511'),
(886,	'Hernani Chaves Santana Filho',	'ferreira.camilo@quintana.com',	'36184258790'),
(887,	'Leonardo Jimenes Filho',	'escobar.samuel@davila.net.br',	'67511151284'),
(888,	'Alessandra Delatorre Sobrinho',	'bruno20@pedrosa.com.br',	'55711945592'),
(889,	'Carolina Abril Maia',	'isadora54@cordeiro.com',	'23698693279'),
(890,	'Cristóvão Pablo Barros Sobrinho',	'varagao@ig.com.br',	'38429554676'),
(891,	'Sra. Mariana Bezerra Neto',	'colaco.sebastiao@dasdores.net',	'93434283141'),
(892,	'Srta. Alessandra Agustina Leon Neto',	'giovana.salazar@terra.com.br',	'82568189600'),
(893,	'Emília Flores',	'thales21@burgos.com.br',	'64868940034'),
(894,	'Helena Alma Saraiva',	'slutero@goncalves.net.br',	'26649315684'),
(895,	'Sra. Tábata Leal Neto',	'demian23@guerra.net.br',	'47713722764'),
(896,	'Jasmin Branco Rezende',	'demian02@galvao.com',	'32196277358'),
(897,	'Agustina Vasques Vega',	'medina.tabata@hotmail.com',	'81163912810'),
(898,	'Isadora Jimenes Filho',	'clara.santacruz@terra.com.br',	'36942455209'),
(899,	'Benjamin Pacheco Neto',	'sfernandes@galhardo.com',	'26467447102'),
(900,	'Dr. Dante Joaquin Duarte Filho',	'francisco.casanova@uol.com.br',	'71029375641'),
(901,	'Olívia Oliveira Neto',	'abreu.hugo@gomes.net.br',	'56227793244'),
(902,	'Olívia Carrara D\'ávila Sobrinho',	'wfaria@ferreira.com',	'60393185920'),
(903,	'Sr. Natal Furtado Neto',	'xrodrigues@branco.org',	'63323104742'),
(904,	'Dr. Isabel Lutero Batista',	'pablo.pedrosa@lira.com',	'80581139879'),
(905,	'Dr. Lucas Everton Serrano',	'kcorona@hotmail.com',	'85987988677'),
(906,	'Sr. Noel Molina',	'godoi.gustavo@gmail.com',	'61298480575'),
(907,	'Srta. Carolina Pâmela Rios',	'mares.olivia@lira.com',	'43494596202'),
(908,	'Sra. Luna Marés Marques',	'valeria.pena@ortega.org',	'58290665554'),
(909,	'Sra. Regina Barros Zambrano Neto',	'luciana.garcia@terra.com.br',	'65803717736'),
(910,	'Srta. Madalena Sofia Burgos',	'zsantana@reis.com.br',	'13881225920'),
(911,	'Srta. Juliana Mendes Filho',	'valentina00@ig.com.br',	'33210783046'),
(912,	'Michele Soto',	'jose82@cervantes.com',	'25202799723'),
(913,	'Sr. Alonso Leal Soares',	'cserrano@molina.com.br',	'93032024641'),
(914,	'Sebastião Ramos Tamoio Neto',	'abril.valencia@terra.com.br',	'83625879002'),
(915,	'Sr. Luciano Delatorre',	'martinho23@uol.com.br',	'96923801574'),
(916,	'Emanuel Lucas Fonseca',	'matias.david@galindo.com.br',	'49636728479'),
(917,	'Thales Alexandre Flores',	'prado.mariana@gmail.com',	'29427140584'),
(918,	'Sr. Jerônimo Ortega Sobrinho',	'gian81@balestero.com.br',	'48090291692'),
(919,	'Sr. Kevin Ferminiano',	'branco.giovane@uol.com.br',	'70335073878'),
(920,	'Dr. Martinho Vale Ferreira',	'zaragoca.inacio@burgos.net.br',	'17404561758'),
(921,	'Ivana das Dores Sanches Jr.',	'emanuel.ferminiano@r7.com',	'15550776640'),
(922,	'Srta. Luna Carla Pena',	'thalissa.campos@terra.com.br',	'12778571078'),
(923,	'Sra. Abgail Ketlin Aragão',	'josefina.campos@hotmail.com',	'82171250769'),
(924,	'Dr. Giovane Andres Aragão',	'valencia.aaron@leal.net.br',	'92458536936'),
(925,	'Constância Benites Sobrinho',	'matias.rangel@yahoo.com',	'68357825206'),
(926,	'Jorge Agostinho Pena',	'demian28@uol.com.br',	'21821635691'),
(927,	'Srta. Juliana das Neves Lozano Filho',	'camilo.valencia@corona.com.br',	'16369902072'),
(928,	'Paulo Natal Aranda',	'faria.valentina@terra.com.br',	'32334507234'),
(929,	'Srta. Noelí Teles Sobrinho',	'jacomo.serra@ig.com.br',	'90557585986'),
(930,	'Dante Bezerra Neto',	'franco.rodrigues@hotmail.com',	'21932243023'),
(931,	'Srta. Tábata Batista Jr.',	'serra.ketlin@jimenes.com.br',	'45069746416'),
(932,	'Dr. Isaac Maia de Aguiar',	'isabel80@ig.com.br',	'37764921863'),
(933,	'Srta. Abril Serra',	'everdugo@serrano.br',	'20881497869'),
(934,	'Abril Gusmão',	'grios@pontes.br',	'81931918942'),
(935,	'Melissa Isadora Fidalgo Neto',	'felipe.azevedo@terra.com.br',	'22384702833'),
(936,	'Nicole Roque Madeira Jr.',	'fernandes.paulina@flores.net.br',	'57679101782'),
(937,	'Ornela Flores Filho',	'melissa76@torres.br',	'71945711928'),
(938,	'Dante Alan Lozano',	'adriana79@r7.com',	'59604915892'),
(939,	'Sr. Leonardo Diego Corona',	'nfidalgo@yahoo.com',	'56227262790'),
(940,	'Gian Bonilha Sobrinho',	'medina.irene@fidalgo.com.br',	'69132042869'),
(941,	'Dr. Emanuel Lucas Lira Jr.',	'ggusmao@hotmail.com',	'81246153582'),
(942,	'Sra. Laura Vila',	'henrique60@r7.com',	'17043414021'),
(943,	'Olívia Adriana Batista',	'luis.avila@gmail.com',	'13551781099'),
(944,	'Fátima Tábata Cortês',	'jgodoi@mares.net.br',	'28596819745'),
(945,	'Dr. Leonardo Tomás Marés',	'ashley29@dominato.org',	'48972315202'),
(946,	'Sebastião Pacheco',	'ashley88@uchoa.org',	'32103749732'),
(947,	'Sra. Clara Valentina Serra',	'isadora.burgos@aguiar.com.br',	'14576202379'),
(948,	'Dr. Carlos Carrara',	'galindo.thalissa@pedrosa.br',	'42453544297'),
(949,	'José Hugo Molina',	'xesteves@uol.com.br',	'52924932314'),
(950,	'Sra. Madalena Elizabeth Domingues',	'isabel21@hotmail.com',	'46941371782'),
(951,	'Dr. Samanta Fontes',	'qreis@gmail.com',	'52380715589'),
(952,	'Sra. Olívia Barros',	'mfontes@gmail.com',	'74092067278'),
(953,	'Srta. Júlia Carmona Sobrinho',	'valentina62@terra.com.br',	'82146008369'),
(954,	'Luis Benites Delvalle',	'joaquin.montenegro@ig.com.br',	'57520634847'),
(955,	'Allison Uchoa Neto',	'anderson92@terra.com.br',	'73990754780'),
(956,	'Vitória Daniela Zaragoça Jr.',	'tdominato@uol.com.br',	'55606780353'),
(957,	'Sr. Gabriel Gabriel Sandoval',	'fabio89@pereira.br',	'15350580175'),
(958,	'Taís Delvalle Neto',	'guilherme.dacruz@santana.com',	'27698351211'),
(959,	'Carlos Thiago Sepúlveda Jr.',	'avila@cruz.br',	'39378231718'),
(960,	'Madalena Jimenes Jr.',	'irene46@espinoza.com.br',	'18128717731'),
(961,	'Dr. Felipe Perez',	'ketlin.galhardo@soares.org',	'11229821271'),
(962,	'Rebeca Padrão Benites',	'emanuel.zaragoca@hotmail.com',	'89882142708'),
(963,	'Máximo Ortiz Brito Sobrinho',	'christopher44@delvalle.com.br',	'67994462525'),
(964,	'Vitória Ana Faro',	'mramos@ig.com.br',	'95931203128'),
(965,	'Valentina Carla Bittencourt Jr.',	'inacio.valdez@hotmail.com',	'79382297490'),
(966,	'Sr. Camilo Casanova Neto',	'jrocha@hotmail.com',	'39827218919'),
(967,	'Sr. João Salazar Rodrigues Sobrinho',	'qrios@brito.com.br',	'59540993561'),
(968,	'Sra. Salomé Paula Verdara',	'bianca20@dacruz.com',	'26645835864'),
(969,	'Allison Santacruz',	'emilio.balestero@yahoo.com',	'71303285257'),
(970,	'Dr. Valentin Branco',	'dacruz.tabata@duarte.net.br',	'62957847495'),
(971,	'Martinho Jimenes Ferreira Neto',	'qsoto@yahoo.com',	'61671780540'),
(972,	'José Thales Lira',	'nvega@correia.com.br',	'65919571234'),
(973,	'Sr. Evandro Ramos Cervantes',	'prangel@garcia.org',	'58253585472'),
(974,	'Guilherme Burgos',	'yrosa@bezerra.br',	'65965025298'),
(975,	'Srta. Helena Casanova Filho',	'isaac.rezende@sanches.net',	'40001218734'),
(976,	'Antônio Romero',	'rocha.violeta@terra.com.br',	'76453669851'),
(977,	'Gian Valência',	'maximo.rios@r7.com',	'50869634463'),
(978,	'Sra. Manuela Brito Barreto',	'julia11@ig.com.br',	'83005318698'),
(979,	'Tomás Meireles Sobrinho',	'sara.lira@mares.com',	'39489505317'),
(980,	'Mia Pâmela Rocha Neto',	'fabiana.deoliveira@terra.com.br',	'48159040513'),
(981,	'Sra. Ana Montenegro Fidalgo Neto',	'mares.paula@r7.com',	'19441625788'),
(982,	'Samanta Fidalgo Rezende Neto',	'norma.galindo@madeira.net',	'92327051736'),
(983,	'Sr. Ziraldo Jorge Burgos Jr.',	'marin.rafael@terra.com.br',	'12608338463'),
(984,	'Emiliano das Neves Uchoa',	'godoi.miranda@yahoo.com',	'27184590759'),
(985,	'Jasmin Salgado Tamoio Sobrinho',	'wgalvao@pena.com.br',	'71936085745'),
(986,	'Dr. Sofia Rocha Abreu Filho',	'ramos.thiago@ig.com.br',	'44144128170'),
(987,	'Srta. Laura Padilha Espinoza Jr.',	'hperez@rangel.br',	'31224668193'),
(988,	'Ziraldo Simão Sepúlveda',	'antonio.velasques@gil.br',	'78471997481'),
(989,	'Abgail Manuela Lovato',	'jorge.bonilha@rodrigues.com.br',	'59972694873'),
(990,	'Dr. Alexandre Burgos',	'tessalia.assuncao@ramires.com',	'68908647889'),
(991,	'Sofia Thalissa Salazar Jr.',	'elizabeth.maldonado@yahoo.com',	'89972639279'),
(992,	'Silvana Thalissa Zambrano',	'valentin22@sandoval.net',	'43086032238'),
(993,	'Ziraldo Ramos',	'asepulveda@rivera.net',	'47493680969'),
(994,	'Sr. Anderson Franco',	'daniel.queiros@hotmail.com',	'43449215053'),
(995,	'Pâmela Oliveira',	'burgos.ornela@garcia.com',	'51799107971');

DROP TABLE IF EXISTS `compras`;
CREATE TABLE `compras` (
  `id` int(11) NOT NULL AUTO_INCREMENT,
  `data` datetime NOT NULL,
  PRIMARY KEY (`id`)
) ENGINE=InnoDB DEFAULT CHARSET=utf8mb4 COLLATE=utf8mb4_unicode_ci;

INSERT INTO `compras` (`id`, `data`) VALUES
(1,	'1999-10-25 00:00:00'),
(2,	'2002-11-13 00:00:00'),
(3,	'2019-03-21 00:00:00'),
(4,	'1983-01-23 00:00:00'),
(5,	'2010-05-21 00:00:00'),
(6,	'2017-03-07 00:00:00'),
(7,	'1974-01-11 00:00:00'),
(8,	'1974-06-29 00:00:00'),
(9,	'2011-11-14 00:00:00'),
(10,	'1973-11-25 00:00:00'),
(11,	'2003-12-04 00:00:00'),
(12,	'1974-01-04 00:00:00'),
(13,	'2001-07-10 00:00:00'),
(14,	'2004-05-22 00:00:00'),
(15,	'1970-05-15 00:00:00'),
(16,	'2015-02-07 00:00:00'),
(17,	'1980-08-29 00:00:00'),
(18,	'1988-07-17 00:00:00'),
(19,	'2005-12-08 00:00:00'),
(20,	'2003-09-24 00:00:00'),
(21,	'2014-04-24 00:00:00'),
(22,	'1989-11-16 00:00:00'),
(23,	'1997-02-21 00:00:00'),
(24,	'2007-02-16 00:00:00'),
(25,	'1997-05-21 00:00:00'),
(26,	'2010-09-06 00:00:00'),
(27,	'2008-05-10 00:00:00'),
(28,	'1975-05-08 00:00:00'),
(29,	'2013-08-29 00:00:00'),
(30,	'2019-10-26 00:00:00'),
(31,	'1993-01-25 00:00:00'),
(32,	'1977-09-05 00:00:00'),
(33,	'1990-06-06 00:00:00'),
(34,	'2002-01-22 00:00:00'),
(35,	'1986-05-24 00:00:00'),
(36,	'2010-10-18 00:00:00'),
(37,	'1990-04-27 00:00:00'),
(38,	'2010-01-09 00:00:00'),
(39,	'1989-04-01 00:00:00'),
(40,	'1971-05-05 00:00:00'),
(41,	'2014-02-24 00:00:00'),
(42,	'1980-04-16 00:00:00'),
(43,	'1979-12-08 00:00:00'),
(44,	'2020-08-20 00:00:00'),
(45,	'1986-09-15 00:00:00'),
(46,	'1999-08-02 00:00:00'),
(47,	'2004-07-07 00:00:00'),
(48,	'2018-03-20 00:00:00'),
(49,	'2017-11-29 00:00:00'),
(50,	'2011-11-20 00:00:00'),
(51,	'1990-03-21 00:00:00'),
(52,	'1987-07-20 00:00:00'),
(53,	'1981-07-13 00:00:00'),
(54,	'2019-01-23 00:00:00'),
(55,	'1998-08-23 00:00:00'),
(56,	'2003-01-12 00:00:00'),
(57,	'1970-09-04 00:00:00'),
(58,	'2008-10-25 00:00:00'),
(59,	'1995-07-27 00:00:00'),
(60,	'1970-02-21 00:00:00'),
(61,	'2004-02-18 00:00:00'),
(62,	'1979-02-06 00:00:00'),
(63,	'1975-03-13 00:00:00'),
(64,	'1993-01-25 00:00:00'),
(65,	'1988-05-10 00:00:00'),
(66,	'2005-09-29 00:00:00'),
(67,	'2015-12-24 00:00:00'),
(68,	'2011-01-09 00:00:00'),
(69,	'1982-06-09 00:00:00'),
(70,	'2013-12-25 00:00:00'),
(71,	'2004-11-27 00:00:00'),
(72,	'1998-08-03 00:00:00'),
(73,	'1974-12-19 00:00:00'),
(74,	'1991-09-22 00:00:00'),
(75,	'2002-02-28 00:00:00'),
(76,	'1970-11-18 00:00:00'),
(77,	'1978-04-08 00:00:00'),
(78,	'1973-10-12 00:00:00'),
(79,	'2019-07-21 00:00:00'),
(80,	'1995-11-10 00:00:00'),
(81,	'1996-06-22 00:00:00'),
(82,	'2016-01-22 00:00:00'),
(83,	'2019-05-02 00:00:00'),
(84,	'2016-01-28 00:00:00'),
(85,	'1997-03-08 00:00:00'),
(86,	'2009-12-06 00:00:00'),
(87,	'1984-09-14 00:00:00'),
(88,	'2005-01-22 00:00:00'),
(89,	'1988-12-08 00:00:00'),
(90,	'1998-05-22 00:00:00'),
(91,	'2016-01-28 00:00:00'),
(92,	'2005-08-15 00:00:00'),
(93,	'2020-12-15 00:00:00'),
(94,	'1999-01-10 00:00:00'),
(95,	'1998-01-10 00:00:00'),
(96,	'1989-06-24 00:00:00'),
(97,	'1971-04-09 00:00:00'),
(98,	'2011-01-24 00:00:00'),
(99,	'1989-12-12 00:00:00'),
(100,	'1988-06-30 00:00:00'),
(101,	'1981-12-02 00:00:00'),
(102,	'1975-12-30 00:00:00'),
(103,	'1977-08-01 00:00:00'),
(104,	'2008-12-24 00:00:00'),
(105,	'1999-09-27 00:00:00'),
(106,	'2004-12-21 00:00:00'),
(107,	'2018-09-07 00:00:00'),
(108,	'1993-11-18 00:00:00'),
(109,	'1976-03-12 00:00:00'),
(110,	'2000-02-24 00:00:00'),
(111,	'1972-10-12 00:00:00'),
(112,	'2007-05-23 00:00:00'),
(113,	'1995-06-25 00:00:00'),
(114,	'1988-07-28 00:00:00'),
(115,	'1995-11-26 00:00:00'),
(116,	'1984-07-23 00:00:00'),
(117,	'1997-09-13 00:00:00'),
(118,	'1997-08-20 00:00:00'),
(119,	'1972-05-18 00:00:00'),
(120,	'1972-11-12 00:00:00'),
(121,	'1988-04-17 00:00:00'),
(122,	'2010-11-18 00:00:00'),
(123,	'1978-12-31 00:00:00'),
(124,	'2019-11-01 00:00:00'),
(125,	'2008-08-26 00:00:00'),
(126,	'2009-09-25 00:00:00'),
(127,	'2017-02-12 00:00:00'),
(128,	'1970-08-23 00:00:00'),
(129,	'2016-03-08 00:00:00'),
(130,	'2007-04-30 00:00:00'),
(131,	'1998-09-24 00:00:00'),
(132,	'1979-11-02 00:00:00'),
(133,	'2010-06-19 00:00:00'),
(134,	'1982-09-25 00:00:00'),
(135,	'1991-01-11 00:00:00'),
(136,	'2020-09-10 00:00:00'),
(137,	'2007-02-24 00:00:00'),
(138,	'1985-11-11 00:00:00'),
(139,	'1972-02-10 00:00:00'),
(140,	'1986-10-14 00:00:00'),
(141,	'1975-07-27 00:00:00'),
(142,	'1999-10-09 00:00:00'),
(143,	'2004-01-02 00:00:00'),
(144,	'1989-02-27 00:00:00'),
(145,	'2017-10-13 00:00:00'),
(146,	'1991-01-05 00:00:00'),
(147,	'1999-09-18 00:00:00'),
(148,	'2000-01-03 00:00:00'),
(149,	'1970-04-16 00:00:00'),
(150,	'1975-11-17 00:00:00'),
(151,	'2007-12-13 00:00:00'),
(152,	'1972-10-11 00:00:00'),
(153,	'1998-12-25 00:00:00'),
(154,	'1971-07-03 00:00:00'),
(155,	'1970-03-28 00:00:00'),
(156,	'1976-10-03 00:00:00'),
(157,	'1980-12-22 00:00:00'),
(158,	'1975-05-14 00:00:00'),
(159,	'1979-12-09 00:00:00'),
(160,	'1971-03-17 00:00:00'),
(161,	'2015-05-30 00:00:00'),
(162,	'1995-03-01 00:00:00'),
(163,	'2012-10-10 00:00:00'),
(164,	'1977-05-11 00:00:00'),
(165,	'2016-05-16 00:00:00'),
(166,	'1977-05-09 00:00:00'),
(167,	'1982-01-05 00:00:00'),
(168,	'1970-02-22 00:00:00'),
(169,	'1979-04-21 00:00:00'),
(170,	'1979-01-12 00:00:00'),
(171,	'2002-12-12 00:00:00'),
(172,	'1980-09-03 00:00:00'),
(173,	'2007-10-12 00:00:00'),
(174,	'1973-04-27 00:00:00'),
(175,	'1997-04-08 00:00:00'),
(176,	'2005-08-23 00:00:00'),
(177,	'1982-11-08 00:00:00'),
(178,	'2002-01-24 00:00:00'),
(179,	'1994-12-21 00:00:00'),
(180,	'1970-04-01 00:00:00'),
(181,	'1983-09-23 00:00:00'),
(182,	'1991-06-05 00:00:00'),
(183,	'2003-11-14 00:00:00'),
(184,	'2008-05-19 00:00:00'),
(185,	'2010-01-31 00:00:00'),
(186,	'2015-06-14 00:00:00'),
(187,	'2000-01-02 00:00:00'),
(188,	'1991-08-31 00:00:00'),
(189,	'1982-01-01 00:00:00'),
(190,	'2014-02-02 00:00:00'),
(191,	'1990-12-08 00:00:00'),
(192,	'2001-03-19 00:00:00'),
(193,	'1986-10-27 00:00:00'),
(194,	'1976-05-10 00:00:00'),
(195,	'2013-09-17 00:00:00'),
(196,	'1989-03-13 00:00:00'),
(197,	'2011-07-03 00:00:00'),
(198,	'1996-04-20 00:00:00'),
(199,	'2003-01-11 00:00:00'),
(200,	'1984-09-14 00:00:00'),
(201,	'2004-10-27 00:00:00'),
(202,	'2018-09-23 00:00:00'),
(203,	'1997-03-07 00:00:00'),
(204,	'1991-04-30 00:00:00'),
(205,	'2008-10-14 00:00:00'),
(206,	'2018-01-14 00:00:00'),
(207,	'1978-06-29 00:00:00'),
(208,	'1974-09-11 00:00:00'),
(209,	'1992-01-21 00:00:00'),
(210,	'1978-10-04 00:00:00'),
(211,	'1999-11-29 00:00:00'),
(212,	'1996-07-24 00:00:00'),
(213,	'1989-03-09 00:00:00'),
(214,	'1978-03-09 00:00:00'),
(215,	'2008-07-07 00:00:00'),
(216,	'2010-10-14 00:00:00'),
(217,	'2016-12-26 00:00:00'),
(218,	'2009-04-23 00:00:00'),
(219,	'1984-01-07 00:00:00'),
(220,	'1999-01-11 00:00:00'),
(221,	'1990-09-22 00:00:00'),
(222,	'1996-12-31 00:00:00'),
(223,	'1997-08-13 00:00:00'),
(224,	'1972-11-20 00:00:00'),
(225,	'1980-09-22 00:00:00'),
(226,	'1982-03-14 00:00:00'),
(227,	'1997-02-01 00:00:00'),
(228,	'1991-07-06 00:00:00'),
(229,	'1972-04-20 00:00:00'),
(230,	'2018-06-15 00:00:00'),
(231,	'2004-07-27 00:00:00'),
(232,	'1987-02-23 00:00:00'),
(233,	'2009-10-22 00:00:00'),
(234,	'1984-01-27 00:00:00'),
(235,	'2007-02-20 00:00:00'),
(236,	'2012-11-01 00:00:00'),
(237,	'2020-03-22 00:00:00'),
(238,	'1970-01-05 00:00:00'),
(239,	'1996-12-26 00:00:00'),
(240,	'1995-10-14 00:00:00'),
(241,	'2015-12-01 00:00:00'),
(242,	'2021-03-01 00:00:00'),
(243,	'1996-04-29 00:00:00'),
(244,	'2013-07-01 00:00:00'),
(245,	'2018-01-06 00:00:00'),
(246,	'1981-02-15 00:00:00'),
(247,	'1989-12-30 00:00:00'),
(248,	'2000-05-31 00:00:00'),
(249,	'1977-12-17 00:00:00'),
(250,	'1993-01-13 00:00:00'),
(251,	'1976-06-06 00:00:00'),
(252,	'2011-01-18 00:00:00'),
(253,	'2005-10-13 00:00:00'),
(254,	'2003-03-15 00:00:00'),
(255,	'2006-04-28 00:00:00'),
(256,	'1996-02-06 00:00:00'),
(257,	'1993-10-21 00:00:00'),
(258,	'1995-10-10 00:00:00'),
(259,	'1990-11-12 00:00:00'),
(260,	'2018-04-15 00:00:00'),
(261,	'1977-07-28 00:00:00'),
(262,	'2010-10-17 00:00:00'),
(263,	'1991-10-04 00:00:00'),
(264,	'2000-10-21 00:00:00'),
(265,	'1996-01-21 00:00:00'),
(266,	'1999-04-18 00:00:00'),
(267,	'1984-10-05 00:00:00'),
(268,	'1989-01-29 00:00:00'),
(269,	'1987-01-30 00:00:00'),
(270,	'2013-11-23 00:00:00'),
(271,	'1990-08-16 00:00:00'),
(272,	'1985-08-14 00:00:00'),
(273,	'1979-08-22 00:00:00'),
(274,	'1987-03-27 00:00:00'),
(275,	'1973-05-01 00:00:00'),
(276,	'2006-01-16 00:00:00'),
(277,	'1979-06-03 00:00:00'),
(278,	'2010-06-08 00:00:00'),
(279,	'2007-08-09 00:00:00'),
(280,	'2011-04-30 00:00:00'),
(281,	'1974-04-01 00:00:00'),
(282,	'1978-09-03 00:00:00'),
(283,	'2012-08-24 00:00:00'),
(284,	'1976-08-23 00:00:00'),
(285,	'2007-08-04 00:00:00'),
(286,	'1975-09-29 00:00:00'),
(287,	'1983-03-01 00:00:00'),
(288,	'1999-01-11 00:00:00'),
(289,	'2010-12-22 00:00:00'),
(290,	'1996-09-24 00:00:00'),
(291,	'2007-11-06 00:00:00'),
(292,	'1978-05-01 00:00:00'),
(293,	'1971-10-28 00:00:00'),
(294,	'2021-01-24 00:00:00'),
(295,	'2019-04-08 00:00:00'),
(296,	'1988-09-15 00:00:00'),
(297,	'1979-11-18 00:00:00'),
(298,	'2007-08-28 00:00:00'),
(299,	'2000-06-21 00:00:00'),
(300,	'1992-12-21 00:00:00'),
(301,	'1989-10-31 00:00:00'),
(302,	'2018-12-29 00:00:00'),
(303,	'2012-11-09 00:00:00'),
(304,	'1989-01-27 00:00:00'),
(305,	'1988-01-05 00:00:00'),
(306,	'2018-11-03 00:00:00'),
(307,	'1982-01-20 00:00:00'),
(308,	'1984-03-31 00:00:00'),
(309,	'1993-10-08 00:00:00'),
(310,	'2013-09-26 00:00:00'),
(311,	'1976-02-15 00:00:00'),
(312,	'1997-03-03 00:00:00'),
(313,	'2001-02-17 00:00:00'),
(314,	'1971-04-17 00:00:00'),
(315,	'1986-04-21 00:00:00'),
(316,	'1979-09-13 00:00:00'),
(317,	'2005-04-18 00:00:00'),
(318,	'1996-02-24 00:00:00'),
(319,	'1998-01-25 00:00:00'),
(320,	'1997-07-19 00:00:00'),
(321,	'1977-09-11 00:00:00'),
(322,	'2015-01-31 00:00:00'),
(323,	'2008-09-01 00:00:00'),
(324,	'1979-08-27 00:00:00'),
(325,	'2015-11-24 00:00:00'),
(326,	'1986-07-29 00:00:00'),
(327,	'2010-07-25 00:00:00'),
(328,	'1998-09-28 00:00:00'),
(329,	'1972-12-17 00:00:00'),
(330,	'2005-07-17 00:00:00'),
(331,	'2001-06-02 00:00:00'),
(332,	'1994-08-01 00:00:00'),
(333,	'2005-12-01 00:00:00'),
(334,	'1981-05-10 00:00:00'),
(335,	'2007-11-22 00:00:00'),
(336,	'1994-11-10 00:00:00'),
(337,	'1987-01-10 00:00:00'),
(338,	'1989-09-30 00:00:00'),
(339,	'2014-05-20 00:00:00'),
(340,	'2010-06-23 00:00:00'),
(341,	'2015-03-01 00:00:00'),
(342,	'2009-04-02 00:00:00'),
(343,	'1971-10-08 00:00:00'),
(344,	'1993-02-03 00:00:00'),
(345,	'1976-05-03 00:00:00'),
(346,	'1996-09-05 00:00:00'),
(347,	'1999-07-17 00:00:00'),
(348,	'1984-08-05 00:00:00'),
(349,	'2021-02-14 00:00:00'),
(350,	'2007-07-21 00:00:00'),
(351,	'1982-11-13 00:00:00'),
(352,	'2005-02-27 00:00:00'),
(353,	'1998-04-01 00:00:00'),
(354,	'1987-11-25 00:00:00'),
(355,	'1982-12-26 00:00:00'),
(356,	'2012-07-22 00:00:00'),
(357,	'2004-12-21 00:00:00'),
(358,	'1974-04-17 00:00:00'),
(359,	'1991-07-21 00:00:00'),
(360,	'2016-01-12 00:00:00'),
(361,	'1975-03-09 00:00:00'),
(362,	'1977-05-18 00:00:00'),
(363,	'2002-09-27 00:00:00'),
(364,	'1999-10-15 00:00:00'),
(365,	'1974-08-29 00:00:00'),
(366,	'1991-03-20 00:00:00'),
(367,	'2001-07-06 00:00:00'),
(368,	'2003-10-10 00:00:00'),
(369,	'1985-10-25 00:00:00'),
(370,	'2014-09-10 00:00:00'),
(371,	'1990-10-19 00:00:00'),
(372,	'1970-07-29 00:00:00'),
(373,	'1978-06-17 00:00:00'),
(374,	'1971-06-24 00:00:00'),
(375,	'1999-01-03 00:00:00'),
(376,	'1996-04-18 00:00:00'),
(377,	'2008-11-28 00:00:00'),
(378,	'1993-09-14 00:00:00'),
(379,	'2008-11-25 00:00:00'),
(380,	'2013-10-09 00:00:00'),
(381,	'1995-10-25 00:00:00'),
(382,	'2009-12-23 00:00:00'),
(383,	'2005-10-24 00:00:00'),
(384,	'1987-10-10 00:00:00'),
(385,	'1994-09-27 00:00:00'),
(386,	'2010-09-29 00:00:00'),
(387,	'1980-10-06 00:00:00'),
(388,	'1991-04-22 00:00:00'),
(389,	'2017-03-19 00:00:00'),
(390,	'1993-05-14 00:00:00'),
(391,	'2017-02-03 00:00:00'),
(392,	'1995-12-06 00:00:00'),
(393,	'1995-11-16 00:00:00'),
(394,	'1978-07-04 00:00:00'),
(395,	'1971-11-08 00:00:00'),
(396,	'2011-01-16 00:00:00'),
(397,	'1997-12-08 00:00:00'),
(398,	'1985-11-26 00:00:00'),
(399,	'1979-10-27 00:00:00'),
(400,	'1979-01-15 00:00:00'),
(401,	'1986-12-13 00:00:00'),
(402,	'1973-01-23 00:00:00'),
(403,	'1974-04-26 00:00:00'),
(404,	'2015-06-25 00:00:00'),
(405,	'2005-09-11 00:00:00'),
(406,	'1994-03-13 00:00:00'),
(407,	'1992-07-09 00:00:00'),
(408,	'2013-10-28 00:00:00'),
(409,	'1977-03-01 00:00:00'),
(410,	'2010-01-14 00:00:00'),
(411,	'1998-01-19 00:00:00'),
(412,	'1974-01-31 00:00:00'),
(413,	'2001-11-13 00:00:00'),
(414,	'1970-12-13 00:00:00'),
(415,	'2018-01-17 00:00:00'),
(416,	'1972-10-02 00:00:00'),
(417,	'1976-04-19 00:00:00'),
(418,	'1986-04-29 00:00:00'),
(419,	'1995-07-25 00:00:00'),
(420,	'1982-09-18 00:00:00'),
(421,	'2017-02-22 00:00:00'),
(422,	'1979-12-03 00:00:00'),
(423,	'1979-07-20 00:00:00'),
(424,	'2018-11-04 00:00:00'),
(425,	'1996-01-21 00:00:00'),
(426,	'2012-09-20 00:00:00'),
(427,	'2007-04-05 00:00:00'),
(428,	'2010-11-26 00:00:00'),
(429,	'2017-05-14 00:00:00'),
(430,	'2010-07-17 00:00:00'),
(431,	'2011-07-17 00:00:00'),
(432,	'1985-03-10 00:00:00'),
(433,	'2010-02-02 00:00:00'),
(434,	'2008-08-10 00:00:00'),
(435,	'2018-06-10 00:00:00'),
(436,	'2004-12-24 00:00:00'),
(437,	'2018-06-18 00:00:00'),
(438,	'2002-04-14 00:00:00'),
(439,	'1997-01-11 00:00:00'),
(440,	'1993-08-01 00:00:00'),
(441,	'2004-07-11 00:00:00'),
(442,	'2019-03-29 00:00:00'),
(443,	'2016-10-04 00:00:00'),
(444,	'1983-01-26 00:00:00'),
(445,	'1973-04-29 00:00:00'),
(446,	'1985-03-30 00:00:00'),
(447,	'1991-10-14 00:00:00'),
(448,	'1999-07-09 00:00:00'),
(449,	'1984-12-25 00:00:00'),
(450,	'2003-06-27 00:00:00'),
(451,	'2008-05-15 00:00:00'),
(452,	'2005-09-30 00:00:00'),
(453,	'2007-05-22 00:00:00'),
(454,	'2001-09-14 00:00:00'),
(455,	'2010-06-22 00:00:00'),
(456,	'2016-01-29 00:00:00'),
(457,	'2000-09-25 00:00:00'),
(458,	'1975-11-18 00:00:00'),
(459,	'1997-09-28 00:00:00'),
(460,	'1980-07-14 00:00:00'),
(461,	'2016-09-25 00:00:00'),
(462,	'1985-04-25 00:00:00'),
(463,	'1993-04-13 00:00:00'),
(464,	'2019-02-05 00:00:00'),
(465,	'2005-05-24 00:00:00'),
(466,	'2004-05-31 00:00:00'),
(467,	'2016-03-22 00:00:00'),
(468,	'2009-07-17 00:00:00'),
(469,	'2002-03-14 00:00:00'),
(470,	'1970-11-07 00:00:00'),
(471,	'1996-08-15 00:00:00'),
(472,	'2010-11-10 00:00:00'),
(473,	'1998-02-01 00:00:00'),
(474,	'2014-05-11 00:00:00'),
(475,	'1983-04-17 00:00:00'),
(476,	'2001-10-15 00:00:00'),
(477,	'1973-12-06 00:00:00'),
(478,	'1992-10-21 00:00:00'),
(479,	'2011-06-18 00:00:00'),
(480,	'1986-07-11 00:00:00'),
(481,	'1983-01-24 00:00:00'),
(482,	'1987-12-13 00:00:00'),
(483,	'1993-01-04 00:00:00'),
(484,	'2002-01-14 00:00:00'),
(485,	'2008-12-14 00:00:00'),
(486,	'1992-12-31 00:00:00'),
(487,	'2006-10-06 00:00:00'),
(488,	'1996-06-13 00:00:00'),
(489,	'1995-05-14 00:00:00'),
(490,	'1992-11-06 00:00:00'),
(491,	'1998-04-20 00:00:00'),
(492,	'1997-09-13 00:00:00'),
(493,	'2017-07-24 00:00:00'),
(494,	'2015-10-27 00:00:00'),
(495,	'1984-05-12 00:00:00'),
(496,	'2006-03-21 00:00:00'),
(497,	'1978-11-22 00:00:00'),
(498,	'1999-12-12 00:00:00'),
(499,	'1988-12-13 00:00:00'),
(500,	'1988-01-18 00:00:00'),
(501,	'2015-03-26 00:00:00'),
(502,	'2008-11-28 00:00:00'),
(503,	'2011-01-18 00:00:00'),
(504,	'1995-12-05 00:00:00'),
(505,	'2001-08-29 00:00:00'),
(506,	'1970-02-04 00:00:00'),
(507,	'1986-06-26 00:00:00'),
(508,	'2005-11-26 00:00:00'),
(509,	'2005-02-14 00:00:00'),
(510,	'1973-05-24 00:00:00'),
(511,	'1973-08-21 00:00:00'),
(512,	'1996-07-26 00:00:00'),
(513,	'1974-01-18 00:00:00'),
(514,	'2001-02-18 00:00:00'),
(515,	'2010-12-14 00:00:00'),
(516,	'1995-08-19 00:00:00'),
(517,	'1998-09-13 00:00:00'),
(518,	'1995-12-26 00:00:00'),
(519,	'1983-07-04 00:00:00'),
(520,	'1977-07-24 00:00:00'),
(521,	'2004-05-24 00:00:00'),
(522,	'2001-11-26 00:00:00'),
(523,	'2003-12-25 00:00:00'),
(524,	'1978-07-18 00:00:00'),
(525,	'1970-12-27 00:00:00'),
(526,	'1973-12-01 00:00:00'),
(527,	'2000-05-06 00:00:00'),
(528,	'2007-08-31 00:00:00'),
(529,	'1970-05-27 00:00:00'),
(530,	'1997-10-15 00:00:00'),
(531,	'1978-01-13 00:00:00'),
(532,	'2003-01-17 00:00:00'),
(533,	'1978-02-12 00:00:00'),
(534,	'2016-07-01 00:00:00'),
(535,	'1979-09-03 00:00:00'),
(536,	'2014-02-04 00:00:00'),
(537,	'2006-03-26 00:00:00'),
(538,	'1988-09-27 00:00:00'),
(539,	'2003-05-24 00:00:00'),
(540,	'1999-07-29 00:00:00'),
(541,	'1986-11-04 00:00:00'),
(542,	'2007-10-09 00:00:00'),
(543,	'2012-10-19 00:00:00'),
(544,	'1974-03-16 00:00:00'),
(545,	'1984-01-20 00:00:00'),
(546,	'2003-04-10 00:00:00'),
(547,	'1988-04-25 00:00:00'),
(548,	'1997-09-01 00:00:00'),
(549,	'2003-06-21 00:00:00'),
(550,	'2019-04-29 00:00:00'),
(551,	'1992-09-07 00:00:00'),
(552,	'1988-03-03 00:00:00'),
(553,	'2006-10-08 00:00:00'),
(554,	'1981-07-03 00:00:00'),
(555,	'2008-02-03 00:00:00'),
(556,	'1975-08-10 00:00:00'),
(557,	'1997-04-27 00:00:00'),
(558,	'1970-03-14 00:00:00'),
(559,	'2019-02-27 00:00:00'),
(560,	'2010-05-28 00:00:00'),
(561,	'2013-05-03 00:00:00'),
(562,	'1971-03-05 00:00:00'),
(563,	'2009-07-19 00:00:00'),
(564,	'2014-12-25 00:00:00'),
(565,	'1975-04-09 00:00:00'),
(566,	'2018-03-24 00:00:00'),
(567,	'2002-07-07 00:00:00'),
(568,	'1999-04-18 00:00:00'),
(569,	'2010-09-03 00:00:00'),
(570,	'1975-10-20 00:00:00'),
(571,	'1979-06-25 00:00:00'),
(572,	'2006-05-20 00:00:00'),
(573,	'2019-05-14 00:00:00'),
(574,	'2019-06-26 00:00:00'),
(575,	'1971-07-20 00:00:00'),
(576,	'2019-12-05 00:00:00'),
(577,	'2015-02-05 00:00:00'),
(578,	'1979-05-21 00:00:00'),
(579,	'1970-08-29 00:00:00'),
(580,	'1997-10-11 00:00:00'),
(581,	'2007-07-16 00:00:00'),
(582,	'2001-04-02 00:00:00'),
(583,	'1984-06-24 00:00:00'),
(584,	'1995-02-14 00:00:00'),
(585,	'2001-09-23 00:00:00'),
(586,	'1974-03-02 00:00:00'),
(587,	'2004-05-12 00:00:00'),
(588,	'1999-09-24 00:00:00'),
(589,	'1986-12-17 00:00:00'),
(590,	'1999-05-06 00:00:00'),
(591,	'1991-04-19 00:00:00'),
(592,	'1980-09-06 00:00:00'),
(593,	'1983-12-17 00:00:00'),
(594,	'1984-08-21 00:00:00'),
(595,	'2008-04-27 00:00:00'),
(596,	'1994-03-11 00:00:00'),
(597,	'1999-07-05 00:00:00'),
(598,	'1999-02-26 00:00:00'),
(599,	'1998-11-12 00:00:00'),
(600,	'2006-12-25 00:00:00'),
(601,	'1998-02-02 00:00:00'),
(602,	'2006-05-31 00:00:00'),
(603,	'2017-01-31 00:00:00'),
(604,	'2000-09-17 00:00:00'),
(605,	'2000-06-08 00:00:00'),
(606,	'2001-03-16 00:00:00'),
(607,	'2015-07-11 00:00:00'),
(608,	'2006-12-20 00:00:00'),
(609,	'2009-03-12 00:00:00'),
(610,	'1976-12-15 00:00:00'),
(611,	'1970-04-19 00:00:00'),
(612,	'2010-09-14 00:00:00'),
(613,	'1985-12-05 00:00:00'),
(614,	'1992-09-02 00:00:00'),
(615,	'1992-03-10 00:00:00'),
(616,	'2019-08-10 00:00:00'),
(617,	'2015-06-15 00:00:00'),
(618,	'2006-06-06 00:00:00'),
(619,	'1990-08-31 00:00:00'),
(620,	'1986-12-16 00:00:00'),
(621,	'1987-09-19 00:00:00'),
(622,	'1973-01-02 00:00:00'),
(623,	'1998-11-26 00:00:00'),
(624,	'1999-08-07 00:00:00'),
(625,	'1999-05-04 00:00:00'),
(626,	'1987-05-12 00:00:00'),
(627,	'1971-06-04 00:00:00'),
(628,	'2005-09-22 00:00:00'),
(629,	'1993-01-26 00:00:00'),
(630,	'2005-07-01 00:00:00'),
(631,	'1982-08-04 00:00:00'),
(632,	'1976-02-06 00:00:00'),
(633,	'1991-06-16 00:00:00'),
(634,	'1974-08-29 00:00:00'),
(635,	'1991-02-20 00:00:00'),
(636,	'1984-02-02 00:00:00'),
(637,	'1984-07-29 00:00:00'),
(638,	'1997-03-29 00:00:00'),
(639,	'2007-12-24 00:00:00'),
(640,	'2006-12-13 00:00:00'),
(641,	'2019-01-23 00:00:00'),
(642,	'2017-07-11 00:00:00'),
(643,	'1992-01-19 00:00:00'),
(644,	'2013-10-27 00:00:00'),
(645,	'1982-09-26 00:00:00'),
(646,	'2008-03-13 00:00:00'),
(647,	'1975-07-08 00:00:00'),
(648,	'2012-01-16 00:00:00'),
(649,	'1995-08-03 00:00:00'),
(650,	'1973-04-19 00:00:00'),
(651,	'1993-01-18 00:00:00'),
(652,	'1971-12-15 00:00:00'),
(653,	'1979-01-11 00:00:00'),
(654,	'2019-09-04 00:00:00'),
(655,	'1981-01-30 00:00:00'),
(656,	'1986-08-07 00:00:00'),
(657,	'1990-03-28 00:00:00'),
(658,	'1995-03-15 00:00:00'),
(659,	'2003-04-13 00:00:00'),
(660,	'1981-04-12 00:00:00'),
(661,	'1992-12-24 00:00:00'),
(662,	'2020-08-14 00:00:00'),
(663,	'1971-12-23 00:00:00'),
(664,	'2015-01-05 00:00:00'),
(665,	'2007-01-11 00:00:00'),
(666,	'1991-08-19 00:00:00'),
(667,	'1991-03-26 00:00:00'),
(668,	'2014-10-02 00:00:00'),
(669,	'1978-04-28 00:00:00'),
(670,	'1996-09-18 00:00:00'),
(671,	'1981-09-09 00:00:00'),
(672,	'1970-10-09 00:00:00'),
(673,	'1980-12-27 00:00:00'),
(674,	'2000-01-11 00:00:00'),
(675,	'1977-06-06 00:00:00'),
(676,	'2002-09-01 00:00:00'),
(677,	'1970-09-26 00:00:00'),
(678,	'2018-05-27 00:00:00'),
(679,	'1999-03-07 00:00:00'),
(680,	'1986-03-04 00:00:00'),
(681,	'1999-10-24 00:00:00'),
(682,	'2015-02-25 00:00:00'),
(683,	'2016-09-29 00:00:00'),
(684,	'1990-04-21 00:00:00'),
(685,	'1984-03-10 00:00:00'),
(686,	'2012-03-16 00:00:00'),
(687,	'2010-07-28 00:00:00'),
(688,	'1985-04-11 00:00:00'),
(689,	'2011-10-21 00:00:00'),
(690,	'2002-09-11 00:00:00'),
(691,	'1971-05-27 00:00:00'),
(692,	'1975-12-11 00:00:00'),
(693,	'1974-08-23 00:00:00'),
(694,	'1988-03-11 00:00:00'),
(695,	'1979-02-12 00:00:00'),
(696,	'2008-11-16 00:00:00'),
(697,	'2006-03-30 00:00:00'),
(698,	'1991-08-26 00:00:00'),
(699,	'1996-05-07 00:00:00'),
(700,	'2016-10-26 00:00:00'),
(701,	'1982-12-28 00:00:00'),
(702,	'1990-01-26 00:00:00'),
(703,	'1970-04-27 00:00:00'),
(704,	'1996-12-21 00:00:00'),
(705,	'1988-01-14 00:00:00'),
(706,	'1976-10-16 00:00:00'),
(707,	'1975-03-01 00:00:00'),
(708,	'1975-04-27 00:00:00'),
(709,	'1972-03-14 00:00:00'),
(710,	'1977-03-26 00:00:00'),
(711,	'2005-11-17 00:00:00'),
(712,	'1986-08-06 00:00:00'),
(713,	'1987-08-30 00:00:00'),
(714,	'1996-05-26 00:00:00'),
(715,	'2001-11-28 00:00:00'),
(716,	'1983-10-03 00:00:00'),
(717,	'1974-08-05 00:00:00'),
(718,	'2008-02-22 00:00:00'),
(719,	'2016-01-08 00:00:00'),
(720,	'2020-11-03 00:00:00'),
(721,	'2018-06-24 00:00:00'),
(722,	'1973-11-02 00:00:00'),
(723,	'2007-05-28 00:00:00'),
(724,	'1978-09-28 00:00:00'),
(725,	'1992-04-24 00:00:00'),
(726,	'1998-06-10 00:00:00'),
(727,	'2000-02-23 00:00:00'),
(728,	'2017-05-30 00:00:00'),
(729,	'1977-03-07 00:00:00'),
(730,	'1977-01-27 00:00:00'),
(731,	'2014-03-17 00:00:00'),
(732,	'2017-02-04 00:00:00'),
(733,	'2021-03-07 00:00:00'),
(734,	'2011-10-11 00:00:00'),
(735,	'1999-02-04 00:00:00'),
(736,	'1983-11-22 00:00:00'),
(737,	'2012-04-14 00:00:00'),
(738,	'1977-05-15 00:00:00'),
(739,	'2014-10-25 00:00:00'),
(740,	'1997-02-21 00:00:00'),
(741,	'2009-08-12 00:00:00'),
(742,	'1974-10-04 00:00:00'),
(743,	'1985-11-19 00:00:00'),
(744,	'2012-10-21 00:00:00'),
(745,	'1973-10-20 00:00:00'),
(746,	'2009-09-25 00:00:00'),
(747,	'1988-04-01 00:00:00'),
(748,	'2003-06-24 00:00:00'),
(749,	'1999-08-01 00:00:00'),
(750,	'2008-07-19 00:00:00'),
(751,	'1979-09-15 00:00:00'),
(752,	'1980-09-01 00:00:00'),
(753,	'2009-11-05 00:00:00'),
(754,	'2016-06-21 00:00:00'),
(755,	'1990-09-06 00:00:00'),
(756,	'1977-09-17 00:00:00'),
(757,	'1995-05-09 00:00:00'),
(758,	'1995-06-09 00:00:00'),
(759,	'2003-05-17 00:00:00'),
(760,	'1974-06-10 00:00:00'),
(761,	'1977-01-25 00:00:00'),
(762,	'2019-06-07 00:00:00'),
(763,	'2011-05-31 00:00:00'),
(764,	'1988-02-07 00:00:00'),
(765,	'2000-11-07 00:00:00'),
(766,	'1979-11-15 00:00:00'),
(767,	'2006-11-06 00:00:00'),
(768,	'1984-07-22 00:00:00'),
(769,	'1997-08-27 00:00:00'),
(770,	'1999-08-02 00:00:00'),
(771,	'2013-06-28 00:00:00'),
(772,	'1988-08-14 00:00:00'),
(773,	'2009-07-07 00:00:00'),
(774,	'2012-03-27 00:00:00'),
(775,	'2005-05-03 00:00:00'),
(776,	'1977-12-15 00:00:00'),
(777,	'2009-05-02 00:00:00'),
(778,	'1987-11-25 00:00:00'),
(779,	'1971-05-02 00:00:00'),
(780,	'2001-11-10 00:00:00'),
(781,	'2005-11-23 00:00:00'),
(782,	'2017-01-26 00:00:00'),
(783,	'2011-07-15 00:00:00'),
(784,	'1984-03-24 00:00:00'),
(785,	'1989-03-21 00:00:00'),
(786,	'2013-07-10 00:00:00'),
(787,	'1990-01-13 00:00:00'),
(788,	'2005-02-11 00:00:00'),
(789,	'1993-02-13 00:00:00'),
(790,	'1983-08-29 00:00:00'),
(791,	'1980-07-14 00:00:00'),
(792,	'1980-05-05 00:00:00'),
(793,	'2020-04-04 00:00:00'),
(794,	'1981-09-13 00:00:00'),
(795,	'2012-10-11 00:00:00'),
(796,	'1996-05-31 00:00:00'),
(797,	'1983-08-10 00:00:00'),
(798,	'1987-08-02 00:00:00'),
(799,	'2014-06-24 00:00:00'),
(800,	'1990-07-22 00:00:00'),
(801,	'1973-10-10 00:00:00'),
(802,	'1989-05-14 00:00:00'),
(803,	'1975-08-26 00:00:00'),
(804,	'1976-01-18 00:00:00'),
(805,	'2010-06-12 00:00:00'),
(806,	'1981-11-25 00:00:00'),
(807,	'1991-07-02 00:00:00'),
(808,	'1984-01-11 00:00:00'),
(809,	'2013-07-09 00:00:00'),
(810,	'2019-06-01 00:00:00'),
(811,	'2018-02-05 00:00:00'),
(812,	'1984-05-12 00:00:00'),
(813,	'1984-08-11 00:00:00'),
(814,	'2001-08-02 00:00:00'),
(815,	'1982-12-24 00:00:00'),
(816,	'2020-06-28 00:00:00'),
(817,	'1993-06-02 00:00:00'),
(818,	'1999-02-17 00:00:00'),
(819,	'1986-03-14 00:00:00'),
(820,	'2001-12-15 00:00:00'),
(821,	'1980-12-05 00:00:00'),
(822,	'1992-03-26 00:00:00'),
(823,	'2016-09-14 00:00:00'),
(824,	'2004-06-17 00:00:00'),
(825,	'2007-04-21 00:00:00'),
(826,	'1970-10-13 00:00:00'),
(827,	'2019-05-31 00:00:00'),
(828,	'2003-02-14 00:00:00'),
(829,	'2001-08-31 00:00:00'),
(830,	'2019-12-12 00:00:00'),
(831,	'1977-09-26 00:00:00'),
(832,	'2001-02-08 00:00:00'),
(833,	'1978-01-31 00:00:00'),
(834,	'1987-10-04 00:00:00'),
(835,	'1976-05-16 00:00:00'),
(836,	'1995-04-20 00:00:00'),
(837,	'2005-11-21 00:00:00'),
(838,	'2014-06-22 00:00:00'),
(839,	'2002-07-28 00:00:00'),
(840,	'2010-02-17 00:00:00'),
(841,	'2007-09-21 00:00:00'),
(842,	'1994-01-17 00:00:00'),
(843,	'2013-03-29 00:00:00'),
(844,	'2005-10-13 00:00:00'),
(845,	'2018-08-01 00:00:00'),
(846,	'1971-09-28 00:00:00'),
(847,	'2019-03-26 00:00:00'),
(848,	'1978-04-15 00:00:00'),
(849,	'2020-10-12 00:00:00'),
(850,	'2011-09-02 00:00:00'),
(851,	'2014-09-14 00:00:00'),
(852,	'2015-01-25 00:00:00'),
(853,	'1999-04-12 00:00:00'),
(854,	'1984-09-19 00:00:00'),
(855,	'2009-06-28 00:00:00'),
(856,	'2019-10-31 00:00:00'),
(857,	'1995-10-27 00:00:00'),
(858,	'2015-02-03 00:00:00'),
(859,	'1993-05-14 00:00:00'),
(860,	'1987-10-24 00:00:00'),
(861,	'2019-02-12 00:00:00'),
(862,	'2002-04-13 00:00:00'),
(863,	'2008-07-23 00:00:00'),
(864,	'1986-05-24 00:00:00'),
(865,	'1998-11-21 00:00:00'),
(866,	'2011-05-18 00:00:00'),
(867,	'2012-08-28 00:00:00'),
(868,	'1981-09-25 00:00:00'),
(869,	'2003-09-28 00:00:00'),
(870,	'2004-08-29 00:00:00'),
(871,	'1973-08-30 00:00:00'),
(872,	'1972-10-01 00:00:00'),
(873,	'1995-10-04 00:00:00'),
(874,	'1992-07-14 00:00:00'),
(875,	'2009-01-15 00:00:00'),
(876,	'2009-01-31 00:00:00'),
(877,	'1993-08-29 00:00:00'),
(878,	'2017-11-05 00:00:00'),
(879,	'1977-12-21 00:00:00'),
(880,	'2020-12-23 00:00:00'),
(881,	'1977-03-20 00:00:00'),
(882,	'1994-06-22 00:00:00'),
(883,	'2016-01-13 00:00:00'),
(884,	'1979-10-21 00:00:00'),
(885,	'1985-12-16 00:00:00'),
(886,	'1981-02-05 00:00:00'),
(887,	'1976-04-25 00:00:00'),
(888,	'2016-11-01 00:00:00'),
(889,	'2001-02-13 00:00:00'),
(890,	'1997-11-13 00:00:00'),
(891,	'1995-05-12 00:00:00'),
(892,	'2010-02-21 00:00:00'),
(893,	'2016-06-17 00:00:00'),
(894,	'1981-03-25 00:00:00'),
(895,	'2005-04-16 00:00:00'),
(896,	'1986-09-04 00:00:00'),
(897,	'1989-08-04 00:00:00'),
(898,	'1996-04-18 00:00:00'),
(899,	'2003-11-22 00:00:00'),
(900,	'1977-01-02 00:00:00'),
(901,	'1986-05-13 00:00:00'),
(902,	'1996-01-20 00:00:00'),
(903,	'1983-01-01 00:00:00'),
(904,	'2006-12-21 00:00:00'),
(905,	'1986-07-18 00:00:00'),
(906,	'2016-06-24 00:00:00'),
(907,	'2009-09-01 00:00:00'),
(908,	'1994-07-14 00:00:00'),
(909,	'1983-06-26 00:00:00'),
(910,	'2008-05-18 00:00:00'),
(911,	'1982-05-24 00:00:00'),
(912,	'1979-02-28 00:00:00'),
(913,	'1988-09-11 00:00:00'),
(914,	'2008-05-22 00:00:00'),
(915,	'1997-11-03 00:00:00'),
(916,	'2017-04-21 00:00:00'),
(917,	'2009-04-09 00:00:00'),
(918,	'2014-06-10 00:00:00'),
(919,	'1974-11-26 00:00:00'),
(920,	'2014-02-14 00:00:00'),
(921,	'1984-05-20 00:00:00'),
(922,	'2009-09-04 00:00:00'),
(923,	'1971-10-19 00:00:00'),
(924,	'2005-03-15 00:00:00'),
(925,	'2019-06-06 00:00:00'),
(926,	'1972-04-22 00:00:00'),
(927,	'2003-11-25 00:00:00'),
(928,	'2008-02-14 00:00:00'),
(929,	'2015-09-02 00:00:00'),
(930,	'2018-11-24 00:00:00'),
(931,	'1999-06-27 00:00:00'),
(932,	'2013-11-10 00:00:00'),
(933,	'1976-08-02 00:00:00'),
(934,	'1985-05-27 00:00:00'),
(935,	'1985-02-22 00:00:00'),
(936,	'1984-11-04 00:00:00'),
(937,	'1973-04-09 00:00:00'),
(938,	'2020-03-03 00:00:00'),
(939,	'2016-04-04 00:00:00'),
(940,	'2014-05-01 00:00:00'),
(941,	'2007-11-28 00:00:00'),
(942,	'2017-01-11 00:00:00'),
(943,	'2009-03-11 00:00:00'),
(944,	'2018-08-23 00:00:00'),
(945,	'1987-06-05 00:00:00'),
(946,	'1983-01-31 00:00:00'),
(947,	'1985-08-27 00:00:00'),
(948,	'2006-05-03 00:00:00'),
(949,	'1996-01-14 00:00:00'),
(950,	'1978-04-29 00:00:00'),
(951,	'1992-02-10 00:00:00'),
(952,	'1982-05-18 00:00:00'),
(953,	'1973-06-13 00:00:00'),
(954,	'2019-12-31 00:00:00'),
(955,	'1974-06-18 00:00:00'),
(956,	'1998-09-22 00:00:00'),
(957,	'1971-10-31 00:00:00'),
(958,	'2009-09-24 00:00:00'),
(959,	'1982-05-03 00:00:00'),
(960,	'2011-08-13 00:00:00'),
(961,	'2009-10-22 00:00:00'),
(962,	'2013-04-03 00:00:00'),
(963,	'1994-08-19 00:00:00'),
(964,	'1985-11-22 00:00:00'),
(965,	'2009-01-23 00:00:00'),
(966,	'1972-08-15 00:00:00'),
(967,	'1972-06-08 00:00:00'),
(968,	'1980-03-11 00:00:00'),
(969,	'1972-12-21 00:00:00'),
(970,	'2017-04-20 00:00:00'),
(971,	'2004-12-07 00:00:00'),
(972,	'2003-02-22 00:00:00'),
(973,	'1998-01-12 00:00:00'),
(974,	'1974-02-05 00:00:00'),
(975,	'2012-07-28 00:00:00'),
(976,	'2002-05-28 00:00:00'),
(977,	'2014-05-22 00:00:00'),
(978,	'1978-11-27 00:00:00'),
(979,	'2020-11-03 00:00:00'),
(980,	'1988-07-02 00:00:00'),
(981,	'1993-07-21 00:00:00'),
(982,	'2019-01-30 00:00:00'),
(983,	'1975-10-14 00:00:00'),
(984,	'2000-07-05 00:00:00'),
(985,	'1999-12-25 00:00:00'),
(986,	'1983-08-17 00:00:00'),
(987,	'1998-03-11 00:00:00'),
(988,	'1971-04-16 00:00:00'),
(989,	'2007-07-20 00:00:00'),
(990,	'1984-06-05 00:00:00'),
(991,	'1999-06-15 00:00:00'),
(992,	'2004-08-01 00:00:00'),
(993,	'2011-12-30 00:00:00'),
(994,	'1979-03-02 00:00:00'),
(995,	'2016-10-09 00:00:00'),
(996,	'2010-10-17 00:00:00'),
(997,	'2000-08-02 00:00:00'),
(998,	'2016-07-25 00:00:00'),
(999,	'1973-03-30 00:00:00'),
(1000,	'1982-07-28 00:00:00');

DROP TABLE IF EXISTS `compra_itens`;
CREATE TABLE `compra_itens` (
  `id` int(11) NOT NULL AUTO_INCREMENT,
  `quantidade` int(11) NOT NULL,
  `preco_unitario` decimal(12,2) DEFAULT NULL,
  `estoque_min` int(11) NOT NULL,
  `compra_id` int(11) NOT NULL,
  `produto_id` int(11) NOT NULL,
  PRIMARY KEY (`id`),
  KEY `fk-compra` (`compra_id`),
  KEY `fk-produto` (`produto_id`),
  CONSTRAINT `fk-compra` FOREIGN KEY (`compra_id`) REFERENCES `compras` (`id`) ON DELETE CASCADE ON UPDATE CASCADE,
  CONSTRAINT `fk-produto` FOREIGN KEY (`produto_id`) REFERENCES `produtos` (`id`) ON DELETE CASCADE ON UPDATE CASCADE
) ENGINE=InnoDB DEFAULT CHARSET=utf8mb4 COLLATE=utf8mb4_unicode_ci;

INSERT INTO `compra_itens` (`id`, `quantidade`, `preco_unitario`, `estoque_min`, `compra_id`, `produto_id`) VALUES
(1,	8601,	664.00,	3,	867,	89),
(2,	3632,	1620.13,	3,	624,	330),
(3,	6235,	1544.23,	3,	565,	643),
(4,	6383,	1890.09,	3,	156,	863),
(5,	1299,	238.65,	3,	342,	339),
(6,	870,	772.78,	3,	122,	778),
(7,	5112,	118.48,	3,	692,	992),
(8,	4706,	651.22,	3,	772,	44),
(9,	5771,	1632.09,	3,	512,	8),
(10,	2771,	1849.36,	3,	908,	458),
(11,	1788,	433.14,	3,	288,	382),
(12,	4695,	1611.27,	3,	389,	825),
(13,	5931,	1492.82,	3,	677,	488),
(14,	6666,	1421.11,	3,	819,	937),
(15,	5183,	459.95,	3,	222,	18),
(16,	9796,	749.90,	3,	782,	825),
(17,	2447,	1698.23,	3,	187,	751),
(18,	2858,	17.72,	3,	703,	318),
(19,	629,	1042.54,	3,	249,	749),
(20,	7339,	950.87,	3,	67,	204),
(21,	3704,	1199.00,	3,	697,	924),
(22,	8527,	119.78,	3,	394,	571),
(23,	7435,	1001.03,	3,	583,	175),
(24,	6918,	682.50,	3,	662,	63),
(25,	9881,	1890.28,	3,	932,	148),
(26,	7346,	1669.12,	3,	91,	668),
(27,	9569,	620.48,	3,	312,	371),
(28,	1210,	1799.64,	3,	587,	488),
(29,	7437,	436.75,	3,	763,	926),
(30,	4214,	1714.11,	3,	343,	248),
(31,	3992,	1719.47,	3,	770,	189),
(32,	2159,	954.98,	3,	143,	184),
(33,	9571,	1898.56,	3,	705,	720),
(34,	1428,	410.64,	3,	628,	297),
(35,	6841,	1707.62,	3,	63,	93),
(36,	8927,	1759.62,	3,	26,	702),
(37,	8237,	1086.98,	3,	74,	378),
(38,	695,	1120.83,	3,	72,	620),
(39,	184,	1742.68,	3,	125,	360),
(40,	9221,	1266.26,	3,	310,	953),
(41,	7801,	1994.59,	3,	687,	22),
(42,	2314,	1745.52,	3,	312,	621),
(43,	6703,	427.43,	3,	597,	929),
(44,	7305,	425.05,	3,	300,	614),
(45,	5211,	1882.97,	3,	544,	494),
(46,	9388,	248.28,	3,	864,	60),
(47,	3946,	914.31,	3,	820,	84),
(48,	1739,	1116.53,	3,	809,	472),
(49,	1308,	1365.89,	3,	130,	687),
(50,	4440,	311.67,	3,	908,	556),
(51,	2996,	1006.98,	3,	111,	998),
(52,	6432,	1697.31,	3,	790,	54),
(53,	2140,	38.58,	3,	254,	790),
(54,	4076,	754.00,	3,	331,	608),
(55,	19,	1083.83,	3,	554,	333),
(56,	6045,	1777.26,	3,	320,	488),
(57,	1127,	938.03,	3,	520,	889),
(58,	4652,	1278.46,	3,	964,	155),
(59,	3373,	1265.73,	3,	396,	943),
(60,	5328,	1616.22,	3,	400,	407),
(61,	1558,	1266.97,	3,	221,	986),
(62,	7963,	1743.64,	3,	579,	103),
(63,	6815,	1896.06,	3,	434,	249),
(64,	6951,	598.39,	3,	543,	35),
(65,	2567,	1040.95,	3,	932,	343),
(66,	4344,	584.51,	3,	925,	681),
(67,	6729,	1166.36,	3,	226,	792),
(68,	3998,	969.48,	3,	395,	586),
(69,	2816,	695.59,	3,	116,	167),
(70,	6922,	1620.27,	3,	103,	497),
(71,	1207,	1237.30,	3,	166,	207),
(72,	9289,	9.23,	3,	300,	372),
(73,	5322,	1796.05,	3,	561,	865),
(74,	2339,	564.55,	3,	676,	241),
(75,	2457,	1910.21,	3,	653,	30),
(76,	4718,	1833.34,	3,	145,	410),
(77,	5673,	1109.78,	3,	507,	889),
(78,	1406,	1678.57,	3,	9,	816),
(79,	3030,	757.27,	3,	558,	288),
(80,	2245,	697.94,	3,	46,	689),
(81,	1671,	1025.50,	3,	848,	278),
(82,	4584,	435.12,	3,	734,	861),
(83,	512,	1623.43,	3,	944,	260),
(84,	4652,	220.29,	3,	343,	289),
(85,	2474,	307.30,	3,	254,	72),
(86,	518,	1866.10,	3,	520,	252),
(87,	5935,	370.57,	3,	207,	556),
(88,	2126,	1376.57,	3,	482,	455),
(89,	5377,	100.20,	3,	14,	694),
(90,	524,	1681.47,	3,	278,	683),
(91,	6817,	633.06,	3,	975,	206),
(92,	2216,	1895.30,	3,	528,	177),
(93,	2953,	1149.44,	3,	681,	605),
(94,	3901,	591.49,	3,	276,	583),
(95,	5435,	892.53,	3,	28,	595),
(96,	9181,	1890.27,	3,	43,	404),
(97,	9022,	166.87,	3,	703,	229),
(98,	8171,	644.26,	3,	694,	979),
(99,	2290,	305.37,	3,	918,	16),
(100,	6790,	1497.77,	3,	437,	129),
(101,	2024,	1522.24,	3,	117,	275),
(102,	8225,	596.94,	3,	303,	388),
(103,	1543,	1047.82,	3,	839,	575),
(104,	235,	650.57,	3,	355,	53),
(105,	9462,	771.05,	3,	899,	386),
(106,	8393,	1580.71,	3,	276,	430),
(107,	7657,	1803.58,	3,	960,	76),
(108,	3874,	1746.85,	3,	33,	11),
(109,	3423,	609.87,	3,	696,	364),
(110,	7251,	1722.82,	3,	421,	414),
(111,	4877,	689.65,	3,	240,	36),
(112,	5144,	295.83,	3,	24,	964),
(113,	8741,	960.05,	3,	26,	490),
(114,	9921,	1476.81,	3,	843,	573),
(115,	8688,	983.57,	3,	117,	861),
(116,	6644,	1086.47,	3,	575,	728),
(117,	8317,	1058.52,	3,	209,	430),
(118,	3163,	1740.66,	3,	191,	627),
(119,	7508,	564.68,	3,	96,	490),
(120,	4192,	193.12,	3,	337,	304),
(121,	123,	1612.65,	3,	652,	133),
(122,	1076,	1932.49,	3,	434,	867),
(123,	803,	827.85,	3,	445,	948),
(124,	9034,	717.25,	3,	342,	403),
(125,	6479,	1667.25,	3,	643,	36),
(126,	1338,	1727.22,	3,	219,	820),
(127,	7282,	822.61,	3,	487,	903),
(128,	9614,	106.50,	3,	796,	177),
(129,	958,	1333.47,	3,	687,	664),
(130,	9666,	1675.79,	3,	720,	831),
(131,	2170,	1027.13,	3,	664,	984),
(132,	2861,	679.78,	3,	386,	543),
(133,	8273,	1923.64,	3,	287,	957),
(134,	3445,	1080.34,	3,	812,	779),
(135,	7107,	1075.71,	3,	254,	448),
(136,	6940,	1180.98,	3,	843,	901),
(137,	8541,	1806.61,	3,	968,	279),
(138,	9744,	1121.02,	3,	814,	39),
(139,	9658,	348.77,	3,	648,	999),
(140,	8861,	1448.66,	3,	171,	460),
(141,	4754,	269.09,	3,	511,	278),
(142,	7004,	975.87,	3,	532,	388),
(143,	2109,	1035.56,	3,	45,	718),
(144,	81,	232.57,	3,	160,	168),
(145,	9329,	1272.13,	3,	946,	594),
(146,	6414,	253.36,	3,	182,	118),
(147,	8812,	657.37,	3,	528,	393),
(148,	1149,	1493.89,	3,	258,	641),
(149,	8965,	1117.77,	3,	463,	682),
(150,	1283,	1718.40,	3,	98,	856),
(151,	6401,	1268.29,	3,	571,	442),
(152,	3630,	1441.72,	3,	777,	199),
(153,	8799,	830.71,	3,	780,	881),
(154,	5635,	1476.09,	3,	841,	181),
(155,	8842,	1890.84,	3,	153,	119),
(156,	5053,	1773.94,	3,	476,	494),
(157,	4450,	1279.71,	3,	80,	97),
(158,	3300,	510.08,	3,	244,	365),
(159,	6770,	1467.02,	3,	401,	668),
(160,	880,	124.02,	3,	57,	967),
(161,	4605,	1183.86,	3,	498,	867),
(162,	6619,	1309.92,	3,	826,	1),
(163,	6247,	1840.55,	3,	587,	653),
(164,	7490,	1159.35,	3,	362,	75),
(165,	1195,	1529.84,	3,	805,	475),
(166,	9164,	436.10,	3,	451,	912),
(167,	9164,	1735.67,	3,	857,	700),
(168,	7582,	1948.81,	3,	329,	77),
(169,	5817,	171.78,	3,	156,	377),
(170,	1956,	442.02,	3,	190,	984),
(171,	1513,	1233.32,	3,	241,	671),
(172,	5263,	1520.30,	3,	406,	209),
(173,	2535,	401.59,	3,	331,	826),
(174,	8838,	295.13,	3,	246,	359),
(175,	5519,	1117.25,	3,	459,	306),
(176,	9900,	1721.60,	3,	173,	112),
(177,	7980,	437.90,	3,	94,	301),
(178,	8500,	1937.47,	3,	103,	898),
(179,	6424,	1508.00,	3,	134,	840),
(180,	5648,	1606.66,	3,	840,	5),
(181,	6339,	1553.20,	3,	344,	177),
(182,	1681,	1390.62,	3,	37,	295),
(183,	3770,	1793.23,	3,	3,	813),
(184,	6638,	1035.17,	3,	692,	36),
(185,	4350,	1943.05,	3,	402,	925),
(186,	5955,	587.97,	3,	1,	105),
(187,	9541,	1337.18,	3,	622,	763),
(188,	5856,	22.57,	3,	67,	212),
(189,	5215,	1823.70,	3,	766,	214),
(190,	8412,	1916.47,	3,	338,	4),
(191,	8193,	299.78,	3,	550,	928),
(192,	4749,	1231.74,	3,	880,	704),
(193,	7589,	1192.62,	3,	890,	861),
(194,	1297,	530.12,	3,	471,	812),
(195,	959,	20.35,	3,	657,	878),
(196,	2793,	1038.78,	3,	871,	240),
(197,	3411,	1289.90,	3,	721,	86),
(198,	3585,	1312.28,	3,	195,	866),
(199,	4593,	1946.07,	3,	26,	9),
(200,	7507,	158.85,	3,	470,	279),
(201,	6959,	263.98,	3,	50,	534),
(202,	997,	1580.16,	3,	660,	236),
(203,	9089,	778.29,	3,	671,	735),
(204,	3963,	1293.39,	3,	339,	294),
(205,	4123,	771.70,	3,	641,	291),
(206,	953,	964.00,	3,	731,	645),
(207,	8364,	488.88,	3,	124,	309),
(208,	9401,	1767.45,	3,	348,	67),
(209,	8247,	60.78,	3,	361,	306),
(210,	1905,	604.18,	3,	160,	908),
(211,	3596,	835.01,	3,	951,	906),
(212,	9263,	94.65,	3,	742,	44),
(213,	112,	285.61,	3,	850,	782),
(214,	626,	388.56,	3,	48,	549),
(215,	439,	332.25,	3,	464,	386),
(216,	8259,	262.57,	3,	164,	828),
(217,	8692,	462.20,	3,	108,	468),
(218,	3582,	792.78,	3,	920,	453),
(219,	6594,	1448.07,	3,	594,	644),
(220,	8231,	1757.41,	3,	258,	158),
(221,	9726,	368.61,	3,	24,	796),
(222,	3229,	821.88,	3,	629,	584),
(223,	9985,	1010.91,	3,	117,	601),
(224,	4982,	1688.26,	3,	274,	930),
(225,	8984,	1221.41,	3,	718,	648),
(226,	377,	700.19,	3,	154,	772),
(227,	9388,	1061.05,	3,	71,	307),
(228,	9055,	1114.24,	3,	346,	726),
(229,	9469,	1985.31,	3,	73,	650),
(230,	1493,	1444.59,	3,	106,	137),
(231,	4499,	466.70,	3,	650,	355),
(232,	8539,	1928.76,	3,	103,	554),
(233,	8623,	1381.92,	3,	415,	792),
(234,	2264,	667.03,	3,	140,	526),
(235,	7359,	1592.38,	3,	635,	329),
(236,	1890,	1280.69,	3,	145,	431),
(237,	3667,	415.36,	3,	448,	117),
(238,	766,	1150.39,	3,	26,	552),
(239,	8476,	1526.36,	3,	116,	842),
(240,	6202,	1526.44,	3,	345,	700),
(241,	6207,	1636.11,	3,	267,	106),
(242,	3294,	942.23,	3,	587,	896),
(243,	92,	1026.11,	3,	41,	911),
(244,	7554,	1744.14,	3,	857,	660),
(245,	1289,	1028.98,	3,	989,	728),
(246,	9102,	357.78,	3,	514,	479),
(247,	5468,	1600.86,	3,	399,	61),
(248,	7205,	1380.79,	3,	207,	748),
(249,	6669,	1689.09,	3,	406,	837),
(250,	9324,	861.63,	3,	335,	264),
(251,	2338,	382.35,	3,	868,	745),
(252,	8289,	792.43,	3,	480,	56),
(253,	7510,	1652.58,	3,	813,	594),
(254,	8467,	1444.35,	3,	449,	803),
(255,	318,	1020.55,	3,	653,	152),
(256,	6241,	1478.97,	3,	111,	953),
(257,	891,	1798.16,	3,	59,	204),
(258,	4047,	1242.37,	3,	144,	57),
(259,	4672,	316.85,	3,	154,	242),
(260,	1731,	417.35,	3,	511,	885),
(261,	6802,	1285.69,	3,	922,	39),
(262,	126,	782.22,	3,	355,	474),
(263,	8541,	1671.89,	3,	106,	793),
(264,	4444,	1702.98,	3,	61,	149),
(265,	179,	1014.74,	3,	809,	344),
(266,	5235,	1774.92,	3,	472,	231),
(267,	7898,	242.73,	3,	121,	591),
(268,	2933,	572.35,	3,	727,	465),
(269,	4011,	1868.24,	3,	88,	33),
(270,	5213,	1969.33,	3,	732,	769),
(271,	4615,	322.55,	3,	178,	115),
(272,	2904,	888.87,	3,	251,	77),
(273,	4628,	573.64,	3,	812,	586),
(274,	8470,	1762.51,	3,	559,	729),
(275,	4398,	839.07,	3,	81,	708),
(276,	6717,	915.52,	3,	688,	489),
(277,	9924,	1893.93,	3,	253,	346),
(278,	9710,	1603.13,	3,	421,	237),
(279,	4164,	913.32,	3,	783,	878),
(280,	422,	5.02,	3,	871,	6),
(281,	7187,	1324.95,	3,	298,	947),
(282,	8785,	1573.46,	3,	951,	734),
(283,	1832,	918.59,	3,	958,	470),
(284,	8767,	1602.56,	3,	346,	154),
(285,	5419,	1735.14,	3,	629,	156),
(286,	5689,	401.08,	3,	422,	474),
(287,	2868,	112.71,	3,	829,	232),
(288,	4797,	496.05,	3,	309,	453),
(289,	1804,	892.77,	3,	407,	904),
(290,	7774,	274.49,	3,	758,	623),
(291,	6,	1725.10,	3,	778,	42),
(292,	2056,	1683.08,	3,	599,	379),
(293,	992,	1476.60,	3,	722,	230),
(294,	5536,	609.44,	3,	566,	493),
(295,	2100,	440.18,	3,	304,	119),
(296,	4948,	365.49,	3,	309,	907),
(297,	223,	697.33,	3,	645,	30),
(298,	3874,	555.37,	3,	390,	506),
(299,	3174,	941.23,	3,	577,	8),
(300,	6532,	996.45,	3,	320,	66),
(301,	9073,	1045.07,	3,	830,	380),
(302,	1178,	1623.75,	3,	857,	649),
(303,	3208,	654.09,	3,	934,	918),
(304,	9663,	1744.96,	3,	717,	702),
(305,	3341,	1117.53,	3,	181,	986),
(306,	7517,	1259.97,	3,	931,	387),
(307,	4973,	788.28,	3,	722,	160),
(308,	5318,	1519.75,	3,	161,	286),
(309,	1931,	237.34,	3,	183,	718),
(310,	1891,	1926.33,	3,	921,	514),
(311,	624,	1270.10,	3,	126,	800),
(312,	7675,	1479.92,	3,	327,	465),
(313,	3897,	1554.00,	3,	998,	546),
(314,	4455,	734.75,	3,	416,	376),
(315,	2547,	804.41,	3,	667,	40),
(316,	1158,	190.57,	3,	223,	67),
(317,	5653,	303.01,	3,	974,	382),
(318,	4381,	262.89,	3,	558,	339),
(319,	8137,	1648.80,	3,	860,	325),
(320,	1730,	1976.95,	3,	464,	800),
(321,	905,	315.06,	3,	978,	340),
(322,	4577,	801.03,	3,	215,	369),
(323,	6504,	1442.42,	3,	323,	707),
(324,	9878,	560.86,	3,	366,	467),
(325,	8521,	1847.98,	3,	11,	492),
(326,	9865,	0.47,	3,	9,	571),
(327,	8729,	961.09,	3,	186,	776),
(328,	3478,	1478.51,	3,	558,	413),
(329,	3553,	628.96,	3,	397,	673),
(330,	2829,	475.56,	3,	862,	197),
(331,	8226,	344.92,	3,	900,	848),
(332,	5748,	814.29,	3,	286,	712),
(333,	5337,	6.15,	3,	966,	181),
(334,	7899,	2.98,	3,	616,	206),
(335,	2645,	270.09,	3,	404,	643),
(336,	7254,	284.45,	3,	640,	113),
(337,	4929,	1788.83,	3,	546,	887),
(338,	4839,	1933.93,	3,	784,	260),
(339,	2345,	932.03,	3,	579,	703),
(340,	6550,	1502.45,	3,	636,	79),
(341,	8815,	1000.63,	3,	741,	534),
(342,	5854,	1210.96,	3,	985,	235),
(343,	2538,	1771.87,	3,	884,	910),
(344,	6819,	1709.51,	3,	590,	696),
(345,	8323,	569.83,	3,	661,	534),
(346,	8323,	1668.40,	3,	369,	900),
(347,	8582,	213.69,	3,	795,	59),
(348,	7294,	1343.69,	3,	607,	249),
(349,	4284,	1715.25,	3,	905,	499),
(350,	6135,	218.31,	3,	51,	543),
(351,	1341,	1741.86,	3,	855,	54),
(352,	9780,	1523.53,	3,	906,	308),
(353,	4077,	700.10,	3,	523,	131),
(354,	4247,	49.61,	3,	620,	599),
(355,	610,	501.09,	3,	344,	803),
(356,	876,	1317.32,	3,	917,	73),
(357,	5561,	399.20,	3,	823,	709),
(358,	8667,	202.78,	3,	399,	254),
(359,	5603,	1094.83,	3,	165,	332),
(360,	7689,	1434.57,	3,	757,	594),
(361,	8596,	1549.62,	3,	78,	241),
(362,	7391,	100.08,	3,	353,	451),
(363,	3100,	774.82,	3,	441,	376),
(364,	7244,	216.84,	3,	914,	517),
(365,	3146,	1675.47,	3,	620,	329),
(366,	3916,	1077.59,	3,	869,	410),
(367,	9894,	382.95,	3,	142,	501),
(368,	9980,	197.11,	3,	343,	18),
(369,	8330,	293.60,	3,	490,	630),
(370,	8964,	678.37,	3,	806,	511),
(371,	9064,	1805.50,	3,	396,	345),
(372,	4499,	1983.52,	3,	168,	815),
(373,	9461,	1698.80,	3,	615,	583),
(374,	871,	581.94,	3,	996,	209),
(375,	7925,	80.70,	3,	927,	834),
(376,	9492,	1553.93,	3,	720,	470),
(377,	5495,	1012.24,	3,	861,	970),
(378,	9614,	915.07,	3,	336,	435),
(379,	2020,	388.85,	3,	482,	757),
(380,	8578,	961.38,	3,	337,	451),
(381,	6042,	577.67,	3,	605,	634),
(382,	1830,	1165.20,	3,	587,	395),
(383,	113,	597.06,	3,	784,	395),
(384,	308,	34.78,	3,	612,	484),
(385,	8927,	1550.20,	3,	2,	224),
(386,	2872,	1143.44,	3,	81,	810),
(387,	5293,	869.99,	3,	917,	301),
(388,	6508,	851.44,	3,	242,	612),
(389,	8152,	575.12,	3,	342,	395),
(390,	7149,	352.89,	3,	357,	910),
(391,	4324,	850.21,	3,	941,	76),
(392,	9832,	1005.68,	3,	287,	839),
(393,	4890,	969.67,	3,	928,	947),
(394,	1354,	1891.12,	3,	315,	987),
(395,	1964,	1513.45,	3,	413,	976),
(396,	3192,	1212.82,	3,	328,	498),
(397,	6807,	753.58,	3,	375,	178),
(398,	8182,	1333.92,	3,	745,	296),
(399,	5540,	604.51,	3,	73,	578),
(400,	1673,	527.12,	3,	823,	27),
(401,	3201,	1914.26,	3,	849,	745),
(402,	2500,	1554.05,	3,	704,	296),
(403,	133,	158.43,	3,	441,	779),
(404,	5535,	1280.59,	3,	488,	74),
(405,	3751,	1799.60,	3,	867,	625),
(406,	5370,	902.83,	3,	279,	443),
(407,	6232,	1193.40,	3,	532,	459),
(408,	721,	105.06,	3,	972,	523),
(409,	2531,	745.21,	3,	600,	829),
(410,	146,	638.90,	3,	792,	913),
(411,	438,	915.66,	3,	637,	526),
(412,	7478,	345.37,	3,	986,	659),
(413,	1746,	1017.64,	3,	602,	928),
(414,	6216,	890.94,	3,	724,	818),
(415,	6374,	292.21,	3,	275,	246),
(416,	7484,	733.72,	3,	490,	708),
(417,	8549,	1446.80,	3,	303,	583),
(418,	7827,	61.56,	3,	528,	743),
(419,	8372,	1455.36,	3,	217,	694),
(420,	1835,	1262.38,	3,	932,	433),
(421,	9734,	1060.85,	3,	599,	237),
(422,	2791,	1851.43,	3,	493,	104),
(423,	1991,	899.12,	3,	941,	361),
(424,	6897,	1107.72,	3,	854,	842),
(425,	8071,	1086.56,	3,	220,	982),
(426,	3334,	1549.97,	3,	428,	387),
(427,	9738,	1648.51,	3,	506,	116),
(428,	2297,	1658.17,	3,	211,	446),
(429,	6202,	1357.70,	3,	302,	362),
(430,	748,	1102.81,	3,	509,	997),
(431,	443,	34.92,	3,	623,	524),
(432,	939,	872.07,	3,	155,	361),
(433,	7068,	740.64,	3,	685,	874),
(434,	8144,	511.44,	3,	425,	384),
(435,	7295,	52.55,	3,	384,	618),
(436,	8772,	750.64,	3,	728,	283),
(437,	3339,	137.68,	3,	48,	427),
(438,	2714,	1342.56,	3,	668,	856),
(439,	5055,	434.33,	3,	590,	259),
(440,	5013,	427.43,	3,	426,	14),
(441,	7819,	1031.61,	3,	989,	402),
(442,	9309,	677.24,	3,	114,	566),
(443,	7112,	1230.89,	3,	298,	80),
(444,	8755,	1545.66,	3,	972,	843),
(445,	2895,	1231.07,	3,	993,	726),
(446,	2727,	1528.18,	3,	113,	508),
(447,	4103,	1580.65,	3,	570,	497),
(448,	9370,	1728.46,	3,	329,	504),
(449,	3510,	1559.60,	3,	800,	167),
(450,	805,	68.56,	3,	911,	812),
(451,	6532,	1851.23,	3,	181,	60),
(452,	5203,	1419.12,	3,	956,	268),
(453,	3560,	1896.52,	3,	169,	907),
(454,	4701,	1195.71,	3,	669,	597),
(455,	4750,	558.88,	3,	227,	477),
(456,	7239,	171.04,	3,	25,	708),
(457,	9602,	525.58,	3,	202,	4),
(458,	6560,	354.93,	3,	563,	321),
(459,	4618,	1028.93,	3,	209,	496),
(460,	8439,	1817.62,	3,	527,	851),
(461,	6363,	1165.39,	3,	207,	731),
(462,	2250,	519.61,	3,	1,	767),
(463,	2930,	1836.29,	3,	47,	75),
(464,	8949,	77.98,	3,	521,	613),
(465,	1200,	1556.24,	3,	743,	130),
(466,	2783,	1142.76,	3,	387,	6),
(467,	9986,	505.38,	3,	884,	323),
(468,	9560,	1223.28,	3,	815,	702),
(469,	1665,	697.94,	3,	774,	752),
(470,	6828,	1748.59,	3,	238,	744),
(471,	3161,	1085.50,	3,	824,	697),
(472,	4071,	793.01,	3,	362,	797),
(473,	4900,	1210.00,	3,	461,	328),
(474,	747,	1370.48,	3,	795,	521),
(475,	768,	1370.65,	3,	595,	604),
(476,	5933,	177.50,	3,	170,	393),
(477,	7857,	1623.35,	3,	910,	775),
(478,	3967,	1986.81,	3,	463,	920),
(479,	2233,	1636.94,	3,	370,	846),
(480,	4684,	592.58,	3,	513,	114),
(481,	6151,	104.16,	3,	584,	324),
(482,	948,	1490.90,	3,	939,	372),
(483,	8128,	578.65,	3,	647,	713),
(484,	9515,	1168.13,	3,	525,	352),
(485,	5830,	1900.88,	3,	771,	68),
(486,	4822,	1621.61,	3,	414,	144),
(487,	145,	18.93,	3,	114,	736),
(488,	720,	1113.63,	3,	735,	986),
(489,	2522,	1059.97,	3,	563,	473),
(490,	975,	1882.84,	3,	157,	136),
(491,	552,	992.31,	3,	769,	746),
(492,	8548,	1198.53,	3,	609,	578),
(493,	33,	909.87,	3,	571,	355),
(494,	4070,	1210.78,	3,	731,	991),
(495,	3283,	1310.62,	3,	728,	606),
(496,	2440,	789.18,	3,	117,	949),
(497,	9119,	912.57,	3,	756,	822),
(498,	4784,	1925.16,	3,	462,	995),
(499,	7943,	1485.54,	3,	958,	196),
(500,	3909,	1899.10,	3,	53,	932),
(501,	1126,	1505.49,	3,	66,	646),
(502,	6259,	834.18,	3,	643,	126),
(503,	2843,	913.12,	3,	835,	749),
(504,	6898,	1375.24,	3,	185,	216),
(505,	3543,	302.11,	3,	596,	886),
(506,	4583,	1221.16,	3,	937,	165),
(507,	4733,	663.71,	3,	813,	824),
(508,	2706,	836.69,	3,	922,	84),
(509,	5146,	1499.11,	3,	281,	242),
(510,	8635,	1072.58,	3,	619,	282),
(511,	4732,	55.71,	3,	904,	687),
(512,	1251,	1508.97,	3,	883,	825),
(513,	6960,	1167.20,	3,	493,	26),
(514,	3988,	1407.52,	3,	789,	114),
(515,	9487,	1044.56,	3,	949,	982),
(516,	5700,	531.03,	3,	385,	306),
(517,	6784,	1075.38,	3,	257,	730),
(518,	484,	988.27,	3,	497,	983),
(519,	8345,	52.02,	3,	85,	724),
(520,	3967,	808.68,	3,	255,	67),
(521,	5783,	333.10,	3,	428,	120),
(522,	8911,	1584.82,	3,	696,	489),
(523,	4351,	795.75,	3,	902,	304),
(524,	622,	292.43,	3,	777,	498),
(525,	8089,	1260.05,	3,	801,	549),
(526,	2573,	1160.41,	3,	279,	537),
(527,	8850,	54.60,	3,	872,	519),
(528,	5447,	1983.20,	3,	690,	212),
(529,	4789,	1067.30,	3,	897,	356),
(530,	7855,	542.18,	3,	639,	820),
(531,	1289,	777.36,	3,	99,	329),
(532,	2781,	317.63,	3,	300,	955),
(533,	705,	212.72,	3,	39,	36),
(534,	1031,	1494.40,	3,	778,	507),
(535,	7377,	1778.15,	3,	394,	982),
(536,	7056,	1287.40,	3,	345,	735),
(537,	9734,	1184.12,	3,	418,	206),
(538,	6727,	542.89,	3,	668,	235),
(539,	9807,	1706.89,	3,	617,	69),
(540,	8984,	1775.04,	3,	492,	720),
(541,	6617,	1706.87,	3,	428,	828),
(542,	954,	187.65,	3,	43,	892),
(543,	9968,	286.20,	3,	103,	229),
(544,	7927,	542.50,	3,	897,	41),
(545,	2345,	1347.56,	3,	770,	779),
(546,	2933,	867.08,	3,	172,	399),
(547,	7354,	725.45,	3,	585,	347),
(548,	1325,	233.07,	3,	683,	31),
(549,	496,	1680.90,	3,	741,	751),
(550,	1732,	177.84,	3,	464,	689),
(551,	5039,	1585.99,	3,	405,	315),
(552,	9433,	1573.18,	3,	492,	293),
(553,	932,	359.24,	3,	358,	702),
(554,	1420,	548.31,	3,	631,	504),
(555,	1044,	414.13,	3,	432,	980),
(556,	6068,	577.94,	3,	707,	708),
(557,	2294,	1913.26,	3,	591,	990),
(558,	258,	1993.59,	3,	456,	149),
(559,	137,	1557.77,	3,	461,	458),
(560,	5794,	1294.80,	3,	940,	875),
(561,	1950,	818.51,	3,	295,	352),
(562,	9783,	29.20,	3,	638,	509),
(563,	5263,	778.74,	3,	320,	272),
(564,	3193,	551.56,	3,	585,	908),
(565,	1087,	511.88,	3,	544,	460),
(566,	9212,	1074.10,	3,	867,	565),
(567,	8208,	627.48,	3,	615,	21),
(568,	9317,	1596.92,	3,	74,	323),
(569,	88,	901.30,	3,	606,	722),
(570,	69,	693.69,	3,	889,	335),
(571,	4097,	1856.73,	3,	120,	927),
(572,	4470,	875.79,	3,	377,	537),
(573,	7074,	1367.30,	3,	753,	411),
(574,	6345,	1437.80,	3,	187,	139),
(575,	2551,	172.45,	3,	894,	497),
(576,	9364,	616.18,	3,	449,	186),
(577,	4553,	1428.55,	3,	348,	915),
(578,	8253,	606.65,	3,	531,	695),
(579,	3350,	809.48,	3,	148,	901),
(580,	5852,	337.12,	3,	28,	447),
(581,	4814,	257.66,	3,	936,	633),
(582,	2245,	207.57,	3,	234,	897),
(583,	3732,	228.77,	3,	802,	811),
(584,	7819,	1355.49,	3,	763,	962),
(585,	8306,	1111.82,	3,	315,	701),
(586,	8361,	243.70,	3,	785,	222),
(587,	9533,	1927.28,	3,	430,	701),
(588,	9789,	688.86,	3,	731,	283),
(589,	9831,	740.01,	3,	404,	72),
(590,	5016,	197.44,	3,	185,	308),
(591,	1883,	321.97,	3,	344,	589),
(592,	9709,	1746.54,	3,	995,	502),
(593,	3496,	1021.44,	3,	212,	207),
(594,	1338,	1741.06,	3,	7,	670),
(595,	1514,	1812.29,	3,	123,	881),
(596,	519,	1527.88,	3,	255,	648),
(597,	4014,	817.36,	3,	280,	110),
(598,	569,	1221.38,	3,	132,	613),
(599,	2908,	746.93,	3,	322,	947),
(600,	7173,	1469.24,	3,	55,	972),
(601,	7678,	1478.72,	3,	369,	775),
(602,	9235,	148.90,	3,	281,	147),
(603,	4330,	1225.87,	3,	172,	622),
(604,	8909,	723.35,	3,	238,	697),
(605,	8633,	54.40,	3,	40,	274),
(606,	8629,	145.43,	3,	297,	899),
(607,	9559,	207.06,	3,	538,	802),
(608,	1921,	1431.71,	3,	146,	162),
(609,	3730,	187.70,	3,	983,	543),
(610,	7502,	568.52,	3,	913,	604),
(611,	2895,	1525.59,	3,	493,	161),
(612,	8691,	363.16,	3,	669,	260),
(613,	8849,	1618.56,	3,	55,	71),
(614,	5663,	1731.60,	3,	39,	538),
(615,	7454,	1404.74,	3,	471,	884),
(616,	9540,	1168.44,	3,	325,	304),
(617,	7646,	1162.19,	3,	328,	317),
(618,	5900,	322.80,	3,	240,	517),
(619,	6076,	1298.46,	3,	861,	409),
(620,	7527,	1745.06,	3,	808,	53),
(621,	7739,	1139.33,	3,	764,	515),
(622,	7034,	691.35,	3,	174,	98),
(623,	8071,	1164.38,	3,	978,	193),
(624,	4450,	1200.59,	3,	896,	107),
(625,	2865,	969.22,	3,	150,	371),
(626,	1507,	478.81,	3,	111,	223),
(627,	1678,	1721.83,	3,	767,	389),
(628,	3280,	1913.25,	3,	268,	769),
(629,	7466,	1553.76,	3,	792,	577),
(630,	8512,	196.97,	3,	556,	384),
(631,	5742,	23.73,	3,	10,	168),
(632,	2924,	1071.95,	3,	46,	585),
(633,	3539,	1815.30,	3,	532,	280),
(634,	6064,	39.71,	3,	651,	561),
(635,	6744,	972.23,	3,	100,	739),
(636,	8608,	364.67,	3,	161,	205),
(637,	2785,	1891.71,	3,	741,	392),
(638,	4312,	1530.54,	3,	490,	522),
(639,	3778,	272.19,	3,	735,	126),
(640,	3132,	1234.56,	3,	65,	963),
(641,	9164,	474.55,	3,	971,	299),
(642,	2182,	1073.66,	3,	756,	360),
(643,	7204,	1169.30,	3,	888,	628),
(644,	8955,	455.67,	3,	513,	206),
(645,	2310,	1135.15,	3,	559,	20),
(646,	5108,	1401.95,	3,	485,	566),
(647,	9303,	37.60,	3,	631,	955),
(648,	4559,	1844.52,	3,	591,	753),
(649,	5176,	713.88,	3,	466,	233),
(650,	5246,	951.15,	3,	856,	892),
(651,	545,	252.61,	3,	274,	243),
(652,	5334,	268.92,	3,	899,	808),
(653,	2929,	1794.03,	3,	70,	318),
(654,	118,	957.58,	3,	105,	768),
(655,	3653,	1254.80,	3,	663,	915),
(656,	3590,	800.38,	3,	410,	912),
(657,	8553,	511.99,	3,	604,	365),
(658,	8672,	1038.75,	3,	165,	662),
(659,	9084,	187.71,	3,	952,	992),
(660,	3863,	35.02,	3,	438,	632),
(661,	7077,	438.14,	3,	611,	66),
(662,	5128,	806.46,	3,	289,	125),
(663,	6810,	1350.87,	3,	306,	414),
(664,	7515,	1820.84,	3,	999,	947),
(665,	2944,	115.97,	3,	42,	63),
(666,	1288,	1308.37,	3,	267,	361),
(667,	5813,	718.52,	3,	886,	417),
(668,	4394,	1658.56,	3,	883,	59),
(669,	6381,	1056.41,	3,	230,	99),
(670,	8459,	84.72,	3,	190,	559),
(671,	2116,	54.47,	3,	92,	826),
(672,	6067,	1640.39,	3,	915,	723),
(673,	8246,	1274.88,	3,	726,	529),
(674,	9567,	713.97,	3,	71,	809),
(675,	7846,	244.13,	3,	493,	78),
(676,	5490,	272.22,	3,	819,	374),
(677,	5370,	540.05,	3,	798,	246),
(678,	7311,	1510.74,	3,	169,	754),
(679,	5652,	1164.09,	3,	34,	189),
(680,	233,	276.41,	3,	259,	639),
(681,	8415,	1987.30,	3,	901,	373),
(682,	8409,	1817.39,	3,	920,	646),
(683,	6309,	366.87,	3,	502,	12),
(684,	456,	902.53,	3,	742,	372),
(685,	8318,	1554.05,	3,	291,	96),
(686,	2294,	188.85,	3,	896,	288),
(687,	395,	890.71,	3,	793,	833),
(688,	7146,	1757.21,	3,	526,	368),
(689,	2283,	1807.71,	3,	757,	616),
(690,	9937,	1677.24,	3,	583,	339),
(691,	2875,	276.68,	3,	407,	481),
(692,	8775,	988.42,	3,	59,	946),
(693,	8271,	268.01,	3,	310,	923),
(694,	1839,	576.91,	3,	605,	42),
(695,	5138,	388.29,	3,	125,	277),
(696,	5884,	1105.10,	3,	948,	720),
(697,	9090,	1525.47,	3,	266,	807),
(698,	7518,	639.12,	3,	330,	940),
(699,	6204,	1459.44,	3,	847,	291),
(700,	1173,	1319.75,	3,	849,	390),
(701,	1212,	1909.73,	3,	84,	959),
(702,	5720,	1290.38,	3,	367,	667),
(703,	555,	880.97,	3,	724,	216),
(704,	4090,	774.70,	3,	964,	68),
(705,	4875,	1162.95,	3,	102,	336),
(706,	4000,	1693.80,	3,	154,	835),
(707,	3256,	1833.31,	3,	212,	818),
(708,	6615,	1626.14,	3,	689,	545),
(709,	2015,	774.03,	3,	643,	686),
(710,	6821,	1494.64,	3,	526,	286),
(711,	749,	1969.29,	3,	742,	415),
(712,	6056,	1420.92,	3,	67,	690),
(713,	7232,	183.14,	3,	19,	219),
(714,	3308,	1783.34,	3,	158,	902),
(715,	2127,	1392.88,	3,	108,	466),
(716,	303,	1414.05,	3,	219,	159),
(717,	8301,	1378.66,	3,	642,	115),
(718,	5261,	276.57,	3,	530,	710),
(719,	193,	1526.57,	3,	875,	605),
(720,	9426,	731.56,	3,	912,	798),
(721,	4491,	820.58,	3,	647,	27),
(722,	5756,	1712.60,	3,	796,	926),
(723,	1956,	1670.88,	3,	292,	185),
(724,	8088,	376.05,	3,	30,	317),
(725,	548,	748.14,	3,	778,	106),
(726,	7327,	260.69,	3,	361,	697),
(727,	4024,	638.71,	3,	106,	130),
(728,	8137,	1127.26,	3,	999,	146),
(729,	9576,	857.29,	3,	966,	633),
(730,	6242,	766.45,	3,	170,	949),
(731,	8251,	1274.44,	3,	640,	995),
(732,	4705,	423.61,	3,	643,	691),
(733,	5361,	43.52,	3,	819,	331),
(734,	1985,	1179.48,	3,	974,	654),
(735,	5388,	700.01,	3,	873,	23),
(736,	2216,	80.21,	3,	747,	907),
(737,	4142,	215.19,	3,	81,	635),
(738,	4496,	1444.36,	3,	807,	893),
(739,	710,	1513.85,	3,	159,	965),
(740,	1574,	64.07,	3,	822,	573),
(741,	5507,	750.69,	3,	775,	702),
(742,	6306,	1200.73,	3,	17,	678),
(743,	7923,	545.79,	3,	622,	200),
(744,	7526,	1720.44,	3,	585,	229),
(745,	3722,	1622.26,	3,	648,	325),
(746,	1580,	1589.25,	3,	803,	533),
(747,	7780,	1593.77,	3,	486,	912),
(748,	781,	1154.87,	3,	187,	350),
(749,	7732,	1295.13,	3,	689,	583),
(750,	3100,	981.96,	3,	601,	103),
(751,	1380,	145.06,	3,	908,	122),
(752,	3990,	403.46,	3,	173,	984),
(753,	2528,	1634.44,	3,	309,	677),
(754,	1349,	141.65,	3,	786,	297),
(755,	6832,	413.49,	3,	654,	338),
(756,	8772,	1236.03,	3,	788,	741),
(757,	4339,	1783.61,	3,	435,	912),
(758,	7944,	1122.54,	3,	202,	370),
(759,	9276,	1861.71,	3,	724,	287),
(760,	489,	1877.03,	3,	183,	326),
(761,	3590,	1608.84,	3,	392,	15),
(762,	9068,	305.96,	3,	557,	422),
(763,	1148,	1405.30,	3,	606,	393),
(764,	355,	708.33,	3,	743,	74),
(765,	5294,	570.89,	3,	167,	279),
(766,	7692,	924.57,	3,	599,	825),
(767,	4143,	910.00,	3,	70,	176),
(768,	641,	314.41,	3,	208,	737),
(769,	9529,	1782.61,	3,	605,	137),
(770,	1046,	1852.62,	3,	82,	779),
(771,	6774,	1705.76,	3,	616,	442),
(772,	6952,	1101.08,	3,	32,	758),
(773,	9755,	1389.55,	3,	413,	561),
(774,	9764,	1526.48,	3,	507,	250),
(775,	9859,	612.03,	3,	751,	565),
(776,	6479,	1602.12,	3,	319,	570),
(777,	7029,	418.00,	3,	829,	994),
(778,	7786,	740.52,	3,	744,	476),
(779,	7247,	358.24,	3,	969,	501),
(780,	7782,	985.16,	3,	254,	65),
(781,	8589,	702.49,	3,	203,	300),
(782,	658,	712.06,	3,	908,	534),
(783,	759,	486.15,	3,	135,	468),
(784,	3199,	402.83,	3,	223,	65),
(785,	1712,	345.82,	3,	149,	248),
(786,	9942,	512.05,	3,	200,	152),
(787,	7445,	1978.29,	3,	133,	304),
(788,	4035,	819.90,	3,	944,	200),
(789,	9211,	383.57,	3,	843,	737),
(790,	5874,	590.56,	3,	110,	862),
(791,	1489,	370.70,	3,	511,	587),
(792,	1131,	38.24,	3,	848,	433),
(793,	7528,	332.49,	3,	58,	740),
(794,	9166,	1789.58,	3,	971,	952),
(795,	9624,	1309.02,	3,	739,	463),
(796,	3042,	768.12,	3,	258,	673),
(797,	3817,	383.14,	3,	645,	990),
(798,	3747,	834.46,	3,	74,	562),
(799,	9150,	750.14,	3,	243,	57),
(800,	5397,	1399.98,	3,	161,	984),
(801,	7616,	820.46,	3,	54,	394),
(802,	7644,	1137.16,	3,	752,	184),
(803,	463,	58.73,	3,	635,	481),
(804,	886,	1436.52,	3,	87,	964),
(805,	7577,	231.54,	3,	555,	711),
(806,	7131,	1947.93,	3,	859,	339),
(807,	631,	1792.53,	3,	91,	853),
(808,	842,	1356.33,	3,	489,	621),
(809,	8890,	827.12,	3,	803,	538),
(810,	5277,	200.78,	3,	251,	609),
(811,	8678,	329.93,	3,	529,	233),
(812,	6699,	1881.94,	3,	13,	234),
(813,	1105,	1247.18,	3,	827,	240),
(814,	2336,	1388.05,	3,	413,	815),
(815,	373,	9.18,	3,	641,	898),
(816,	9716,	1945.54,	3,	852,	872),
(817,	679,	803.07,	3,	585,	665),
(818,	7739,	1852.02,	3,	374,	118),
(819,	5667,	1776.39,	3,	544,	210),
(820,	5991,	419.57,	3,	968,	803),
(821,	8315,	1616.35,	3,	225,	241),
(822,	4740,	53.66,	3,	88,	153),
(823,	7449,	1326.15,	3,	975,	798),
(824,	9335,	187.58,	3,	518,	664),
(825,	3846,	1626.68,	3,	638,	245),
(826,	3556,	1814.04,	3,	285,	863),
(827,	4658,	101.57,	3,	827,	938),
(828,	1399,	1812.38,	3,	834,	983),
(829,	1980,	513.50,	3,	793,	898),
(830,	9702,	854.05,	3,	310,	605),
(831,	864,	1518.40,	3,	538,	291),
(832,	3198,	969.20,	3,	340,	663),
(833,	4052,	1378.46,	3,	951,	103),
(834,	7388,	77.89,	3,	622,	618),
(835,	1958,	21.23,	3,	190,	545),
(836,	5727,	1431.31,	3,	753,	323),
(837,	768,	1731.96,	3,	831,	913),
(838,	3208,	540.27,	3,	101,	5),
(839,	496,	1041.43,	3,	791,	92),
(840,	1810,	1804.85,	3,	160,	32),
(841,	2933,	1339.07,	3,	463,	3),
(842,	9131,	1801.96,	3,	190,	5),
(843,	961,	423.11,	3,	263,	19),
(844,	8276,	279.05,	3,	952,	342),
(845,	9984,	186.35,	3,	320,	542),
(846,	3945,	535.32,	3,	354,	941),
(847,	1175,	135.44,	3,	322,	442),
(848,	7395,	1885.71,	3,	91,	756),
(849,	4919,	1349.13,	3,	476,	781),
(850,	2516,	1527.94,	3,	402,	993),
(851,	5577,	807.54,	3,	869,	393),
(852,	8361,	1456.23,	3,	257,	222),
(853,	7388,	585.08,	3,	63,	897),
(854,	2960,	1954.58,	3,	317,	245),
(855,	3207,	1458.58,	3,	2,	503),
(856,	8013,	1898.28,	3,	145,	689),
(857,	5150,	1942.03,	3,	134,	57),
(858,	2277,	59.70,	3,	723,	25),
(859,	4139,	532.05,	3,	12,	209),
(860,	1507,	1263.07,	3,	533,	483),
(861,	1051,	1221.34,	3,	695,	173),
(862,	3548,	1434.09,	3,	679,	815),
(863,	3914,	1133.38,	3,	66,	658),
(864,	4277,	598.42,	3,	815,	434),
(865,	355,	1421.38,	3,	808,	334),
(866,	2488,	1321.93,	3,	211,	911),
(867,	3651,	1634.34,	3,	674,	261),
(868,	7336,	629.09,	3,	728,	659),
(869,	101,	1769.45,	3,	559,	761),
(870,	458,	350.78,	3,	873,	880),
(871,	822,	1653.92,	3,	410,	795),
(872,	2968,	1182.19,	3,	393,	898),
(873,	9568,	1597.11,	3,	526,	624),
(874,	6247,	1893.46,	3,	54,	68),
(875,	169,	283.70,	3,	324,	53),
(876,	8218,	568.27,	3,	374,	324),
(877,	2184,	968.57,	3,	93,	816),
(878,	8941,	823.63,	3,	156,	155),
(879,	5169,	243.31,	3,	77,	371),
(880,	3584,	1701.28,	3,	349,	742),
(881,	1050,	1734.32,	3,	173,	170),
(882,	8585,	1194.85,	3,	604,	824),
(883,	6572,	1306.60,	3,	511,	49),
(884,	8371,	1992.51,	3,	198,	226),
(885,	2561,	424.76,	3,	972,	340),
(886,	1037,	1709.12,	3,	109,	533),
(887,	1346,	310.55,	3,	866,	995),
(888,	8094,	142.46,	3,	483,	659),
(889,	4579,	1258.79,	3,	920,	483),
(890,	5190,	1288.03,	3,	858,	578),
(891,	6770,	541.52,	3,	962,	481),
(892,	6260,	373.30,	3,	638,	897),
(893,	1592,	1330.03,	3,	877,	935),
(894,	1935,	388.64,	3,	318,	894),
(895,	4299,	906.24,	3,	653,	18),
(896,	726,	1604.23,	3,	184,	329),
(897,	1200,	689.29,	3,	372,	448),
(898,	6404,	40.06,	3,	419,	932),
(899,	2943,	121.81,	3,	216,	368),
(900,	1177,	757.64,	3,	286,	380),
(901,	6502,	400.81,	3,	501,	860),
(902,	444,	143.52,	3,	283,	779),
(903,	4898,	1934.50,	3,	5,	459),
(904,	5858,	978.69,	3,	854,	43),
(905,	7072,	1608.99,	3,	827,	735),
(906,	2781,	1796.66,	3,	714,	766),
(907,	3364,	275.18,	3,	952,	3),
(908,	6465,	1909.94,	3,	911,	572),
(909,	8038,	22.03,	3,	482,	140),
(910,	4588,	1083.00,	3,	216,	908),
(911,	3147,	1637.13,	3,	961,	392),
(912,	1076,	164.53,	3,	344,	170),
(913,	602,	818.99,	3,	868,	899),
(914,	1169,	1063.22,	3,	327,	501),
(915,	5635,	939.33,	3,	860,	847),
(916,	2920,	192.37,	3,	768,	411),
(917,	1971,	690.02,	3,	178,	270),
(918,	3356,	1337.56,	3,	311,	727),
(919,	619,	957.51,	3,	811,	472),
(920,	8436,	197.15,	3,	49,	307),
(921,	6636,	512.18,	3,	366,	194),
(922,	1104,	1074.55,	3,	915,	565),
(923,	1561,	1232.60,	3,	416,	59),
(924,	9761,	1115.02,	3,	940,	423),
(925,	9738,	168.82,	3,	661,	239),
(926,	5887,	5.06,	3,	426,	680),
(927,	9937,	527.88,	3,	395,	756),
(928,	5716,	583.23,	3,	521,	542),
(929,	3602,	1300.47,	3,	60,	667),
(930,	7371,	432.83,	3,	193,	167),
(931,	2882,	676.35,	3,	182,	549),
(932,	4109,	1598.97,	3,	197,	172),
(933,	113,	1707.32,	3,	33,	842),
(934,	6583,	1547.83,	3,	491,	848),
(935,	9803,	1273.91,	3,	922,	900),
(936,	6217,	487.78,	3,	810,	513),
(937,	4026,	1312.76,	3,	907,	464),
(938,	5068,	1833.25,	3,	441,	494),
(939,	1871,	1224.98,	3,	607,	973),
(940,	4714,	420.49,	3,	923,	778),
(941,	3295,	631.90,	3,	698,	685),
(942,	539,	243.21,	3,	170,	231),
(943,	3453,	1291.59,	3,	647,	173),
(944,	3260,	862.75,	3,	805,	267),
(945,	2104,	1041.85,	3,	198,	645),
(946,	5338,	1872.22,	3,	47,	18),
(947,	4861,	1174.85,	3,	397,	446),
(948,	2887,	527.61,	3,	320,	941),
(949,	5090,	1850.93,	3,	661,	628),
(950,	9417,	394.00,	3,	708,	32),
(951,	5448,	41.07,	3,	281,	146),
(952,	5903,	588.98,	3,	646,	671),
(953,	9327,	1505.25,	3,	912,	702),
(954,	451,	808.39,	3,	796,	97),
(955,	7851,	1598.74,	3,	545,	741),
(956,	3972,	1366.88,	3,	117,	616),
(957,	1759,	1088.92,	3,	299,	770),
(958,	478,	1579.45,	3,	128,	631),
(959,	3561,	305.86,	3,	218,	352),
(960,	7441,	1283.24,	3,	158,	585),
(961,	4628,	1770.25,	3,	704,	848),
(962,	7313,	1973.89,	3,	496,	800),
(963,	2498,	1617.60,	3,	153,	848),
(964,	2868,	956.88,	3,	363,	950),
(965,	0,	1768.36,	3,	472,	779),
(966,	6033,	1450.83,	3,	256,	15),
(967,	1873,	1885.40,	3,	592,	279),
(968,	5967,	1148.43,	3,	953,	743),
(969,	4101,	131.88,	3,	1000,	786),
(970,	114,	1157.67,	3,	453,	590),
(971,	1274,	869.97,	3,	272,	585),
(972,	4261,	712.87,	3,	53,	574),
(973,	7462,	1864.97,	3,	441,	795),
(974,	4980,	1273.55,	3,	266,	319),
(975,	5608,	1716.27,	3,	986,	605),
(976,	1115,	383.19,	3,	79,	744),
(977,	8673,	1186.63,	3,	723,	582),
(978,	2304,	1798.03,	3,	271,	628),
(979,	9625,	1712.88,	3,	804,	96),
(980,	4732,	1539.65,	3,	572,	771),
(981,	5851,	1291.86,	3,	833,	94),
(982,	6601,	1605.81,	3,	12,	834),
(983,	8321,	1551.55,	3,	259,	326),
(984,	7403,	588.88,	3,	465,	649),
(985,	4680,	1192.66,	3,	510,	100),
(986,	2896,	1346.05,	3,	740,	367),
(987,	5518,	1145.40,	3,	635,	404),
(988,	4536,	1444.69,	3,	938,	105),
(989,	7433,	429.86,	3,	687,	769),
(990,	6712,	1743.56,	3,	13,	663),
(991,	4159,	1071.60,	3,	244,	841),
(992,	221,	545.03,	3,	523,	247),
(993,	3406,	1759.40,	3,	927,	632),
(994,	6745,	715.30,	3,	209,	811),
(995,	5207,	717.83,	3,	416,	760),
(996,	5572,	1878.97,	3,	168,	820),
(997,	761,	285.35,	3,	93,	772),
(998,	5590,	1648.45,	3,	124,	808),
(999,	7245,	1880.37,	3,	539,	266),
(1000,	9445,	805.29,	3,	660,	590);

DROP TABLE IF EXISTS `funcionarios`;
CREATE TABLE `funcionarios` (
  `id` int(11) NOT NULL AUTO_INCREMENT,
  `nome` varchar(50) COLLATE utf8mb4_unicode_ci NOT NULL,
  `email` varchar(50) COLLATE utf8mb4_unicode_ci DEFAULT NULL,
  `cpf` varchar(11) COLLATE utf8mb4_unicode_ci DEFAULT NULL,
  PRIMARY KEY (`id`)
) ENGINE=InnoDB DEFAULT CHARSET=utf8mb4 COLLATE=utf8mb4_unicode_ci;

INSERT INTO `funcionarios` (`id`, `nome`, `email`, `cpf`) VALUES
(1,	'Srta. Taís Fontes Assunção Sobrinho',	'bittencourt.emiliano@gmail.com',	'94336283552'),
(2,	'Sr. Mateus Leon',	'jacomo.dasneves@hotmail.com',	'22896186317'),
(3,	'Dr. Maitê Santiago Jr.',	'rafaela86@flores.br',	'48015405675'),
(4,	'Sr. Martinho Pena Delatorre',	'gusmao.manuel@yahoo.com',	'14354846340'),
(5,	'Dr. Tessália Andrea Rios Neto',	'rosa.thalissa@duarte.net',	'17275074163'),
(6,	'Dr. Joana Vale Caldeira',	'amanda24@galvao.net.br',	'66256267103'),
(7,	'Srta. Luciana Sanches',	'beatriz.vega@yahoo.com',	'50065645723'),
(8,	'Dr. Máximo Simão Vieira',	'delatorre.olivia@lozano.com',	'60967032399'),
(9,	'Sr. Andres da Rosa Neto',	'luana.faro@yahoo.com',	'75111962869'),
(10,	'Luana Cordeiro Vega',	'faro.olivia@madeira.com.br',	'47305980947'),
(11,	'Sr. Simon Reis Saraiva Sobrinho',	'irene31@ig.com.br',	'30621363775'),
(12,	'Srta. Irene Queirós Santana Filho',	'delvalle.natal@ig.com.br',	'74970769541'),
(13,	'Everton Pena',	'joao42@darosa.com.br',	'86795137021'),
(14,	'Dr. Miranda Melissa Faro Filho',	'delatorre.lucas@ortiz.com.br',	'70604828167'),
(15,	'Daniel Inácio Camacho',	'julieta62@verdara.com',	'15562029392'),
(16,	'Tomás Valentin Azevedo Sobrinho',	'avila.amanda@ig.com.br',	'60857516397'),
(17,	'Sra. Salomé Samanta Flores',	'mbittencourt@ferraz.br',	'54579419545'),
(18,	'Dr. Juliana Thalissa Garcia Jr.',	'gian.verdara@mendonca.org',	'68687599092'),
(19,	'Felipe Pontes Toledo Filho',	'gabriela31@darosa.com',	'73963919877'),
(20,	'Sra. Carolina Maia',	'kbezerra@terra.com.br',	'32159577409'),
(21,	'Simon Martinho Oliveira',	'hsantana@rodrigues.net',	'26989395066'),
(22,	'Jácomo Serrano Delvalle',	'emilio05@hotmail.com',	'56959874450'),
(23,	'Emiliano Vicente Grego Filho',	'rbranco@verdara.com',	'80075532054'),
(24,	'Felipe Zamana Rios',	'abreu.martinho@terra.com.br',	'22240269648'),
(25,	'Sr. Sebastião Balestero Soares',	'zaragoca.josue@terra.com.br',	'66885412483'),
(26,	'Antonieta Burgos',	'padrao.rodrigo@ig.com.br',	'26578483498'),
(27,	'Olívia Laura Corona Sobrinho',	'emares@serna.net.br',	'51605271014'),
(28,	'Srta. Renata Cruz',	'rafael.ferreira@uol.com.br',	'80246503697'),
(29,	'Alexa Velasques Filho',	'mendes.paula@serna.com.br',	'91021496715'),
(30,	'Dr. Julieta Barros',	'rodrigues.hernani@soto.org',	'44972496764'),
(31,	'Aaron Serna',	'elias96@avila.net',	'86247150246'),
(32,	'Dr. Samanta Silvana Rico',	'qmarinho@leon.net.br',	'94413598308'),
(33,	'Elizabeth Molina Neto',	'barros.melissa@salas.org',	'51588174476'),
(34,	'Ian Marinho',	'xuchoa@r7.com',	'92323462718'),
(35,	'Sr. Samuel Daniel Pedrosa',	'ornela.rico@yahoo.com',	'84684959604'),
(36,	'Sofia Urias Medina',	'madeira.benjamin@carmona.net',	'62740485825'),
(37,	'Dr. Ivan Miguel Carmona',	'lira.franco@r7.com',	'81726630768'),
(38,	'Ornela Isabel Dias Neto',	'rangel.laura@rios.org',	'72540838878'),
(39,	'Ketlin Aragão Padilha',	'diego.espinoza@yahoo.com',	'43162932744'),
(40,	'Srta. Abril Aranda Batista',	'camila.avila@ortega.net',	'78212947597'),
(41,	'Noelí Mel Lozano',	'tomas67@yahoo.com',	'58271927019'),
(42,	'Irene Vitória Branco',	'rleon@abreu.com.br',	'80552281684'),
(43,	'Dr. Sérgio Emiliano Vieira Sobrinho',	'ygarcia@rosa.com.br',	'46283731857'),
(44,	'Máximo Guerra',	'rroque@estrada.com',	'51967947048'),
(45,	'Sr. Kevin Estrada',	'andrea94@deoliveira.net.br',	'90618261504'),
(46,	'Renata Rangel Godói',	'faro.olivia@branco.net',	'42206392302'),
(47,	'Dr. Julieta Matos Dominato Filho',	'gabriel20@feliciano.net',	'50431556735'),
(48,	'Dr. João Rios',	'prado.vicente@vasques.com',	'61290384221'),
(49,	'Srta. Luciana Pereira Sobrinho',	'nicole14@sepulveda.net',	'71759500726'),
(50,	'Nicole Valência Neto',	'kvega@valdez.com',	'68238244375'),
(51,	'Dr. Ivana Paulina Assunção Filho',	'avelasques@bezerra.net',	'18850832652'),
(52,	'Dr. Ivan Grego',	'orivera@terra.com.br',	'37839913256'),
(53,	'Srta. Gabriela Maldonado Sobrinho',	'stoledo@gil.com.br',	'71850131420'),
(54,	'Srta. Michele Queirós Sobrinho',	'queiros.abgail@hotmail.com',	'48535070283'),
(55,	'Dante Teobaldo Bonilha',	'eferminiano@velasques.com.br',	'55678248415'),
(56,	'Sr. Eduardo das Dores Filho',	'bqueiros@r7.com',	'42112714804'),
(57,	'Miranda Delvalle Lozano',	'ideaguiar@uol.com.br',	'78204381049'),
(58,	'Srta. Micaela das Dores Benites Filho',	'salas.luara@r7.com',	'82955804987'),
(59,	'Srta. Samanta Reis da Cruz Filho',	'yfontes@galvao.org',	'51428158328'),
(60,	'Sra. Rebeca Madeira Rivera Filho',	'ivalentin@gmail.com',	'60957447418'),
(61,	'Sr. Giovane Francisco Cervantes Sobrinho',	'rcolaco@yahoo.com',	'16825703253'),
(62,	'Dr. Jorge Fernandes Galvão',	'santiago.ana@balestero.br',	'45599883603'),
(63,	'Srta. Micaela Alessandra Espinoza Jr.',	'gserna@terra.com.br',	'10985068395'),
(64,	'Sr. Ian Anderson Pereira',	'christian54@vale.net.br',	'74638297725'),
(65,	'Felipe Sepúlveda',	'uaragao@r7.com',	'30516301878'),
(66,	'Norma Salomé Campos',	'mvelasques@ferraz.net.br',	'70839087769'),
(67,	'Dr. Catarina Pâmela Vasques Sobrinho',	'zdasneves@hotmail.com',	'15158643778'),
(68,	'Giovane Carmona Flores',	'anderson94@ferreira.net',	'16907217384'),
(69,	'Emília Rios Camacho Jr.',	'mendes.isaac@dacruz.com.br',	'36437103801'),
(70,	'Dr. Estêvão Paulo Paz Jr.',	'paulina.fidalgo@lozano.com',	'91381269763'),
(71,	'Rafaela Jasmin Matias',	'valentin.serrano@rosa.net.br',	'18980058036'),
(72,	'Benjamin Estrada Matias',	'christian.pontes@maldonado.com',	'28000723234'),
(73,	'Noel Velasques Vale Neto',	'lestrada@batista.net.br',	'84034324720'),
(74,	'Dr. Fábio Queirós Sandoval',	'jacomo.fidalgo@valentin.com',	'70647822506'),
(75,	'Gustavo Valentin',	'laura71@saraiva.org',	'42629558779'),
(76,	'Dr. Ivana Taís Padilha Jr.',	'ferreira.gian@balestero.org',	'98956946890'),
(77,	'Agostinho Sanches Quintana',	'ziraldo.galhardo@rezende.net.br',	'94634485414'),
(78,	'Dr. Michele Sales',	'queiros.alexa@uol.com.br',	'73017081719'),
(79,	'Sra. Sophie Marinho Ferreira',	'pedro.sandoval@terra.com.br',	'68780612472'),
(80,	'Dr. Carla Barros Filho',	'estrada.andrea@matos.net',	'97967216201'),
(81,	'Sr. Luciano Ferraz Sobrinho',	'thalissa41@dasneves.org',	'56963434990'),
(82,	'Dr. Inácio Ziraldo Marin',	'corona.guilherme@hotmail.com',	'16771865480'),
(83,	'Dr. Catarina Meireles Pontes Neto',	'elizabeth.pena@valencia.br',	'72316442353'),
(84,	'Ivana Brito Burgos',	'gcarmona@lira.net',	'13046319745'),
(85,	'Sr. Emílio José Teles Filho',	'emanuel57@barros.net.br',	'62034206223'),
(86,	'Sra. Valéria Rosa Duarte',	'emanuel97@pontes.com.br',	'23824157600'),
(87,	'Renata Valdez Duarte',	'lazevedo@uol.com.br',	'43192593817'),
(88,	'Srta. Luara Paulina Marin',	'mendonca.franco@terra.com.br',	'27358949681'),
(89,	'Simon Romero Neto',	'rrodrigues@gomes.net.br',	'33376595626'),
(90,	'Natal Espinoza Medina Sobrinho',	'mia.sandoval@hotmail.com',	'21840919250'),
(91,	'Fátima Benites Sobrinho',	'pbittencourt@meireles.br',	'29685074780'),
(92,	'Sr. Maximiano Benites Ramos Sobrinho',	'valentina82@ig.com.br',	'15831533759'),
(93,	'Sr. Noel Rivera Filho',	'tomas.domingues@mendonca.com.br',	'27051675853'),
(94,	'Irene Abreu Filho',	'hugo.pontes@burgos.net',	'10605977083'),
(95,	'Sra. Antonieta Cordeiro Filho',	'camila.zamana@hotmail.com',	'54594444298'),
(96,	'Dr. Thiago Miguel Uchoa Neto',	'valencia.matias@terra.com.br',	'94103433761'),
(97,	'Helena Olívia Ferreira',	'aramos@jimenes.net',	'92659540999'),
(98,	'Sr. Thiago Gian Soares Neto',	'lverdara@ig.com.br',	'94387184322'),
(99,	'Ian Franco Rodrigues Neto',	'matias30@madeira.net',	'48037137892'),
(100,	'Estêvão Marinho',	'laura25@queiros.com.br',	'58349872595'),
(101,	'Ian Leal Fernandes',	'matias.salazar@medina.com',	'92236913476'),
(102,	'Gian Pedrosa Padrão',	'gomes.julia@uol.com.br',	'60244910148'),
(103,	'Constância Faro Casanova Neto',	'quintana.carolina@salas.com',	'69957024989'),
(104,	'Helena Roque Neto',	'furtado.david@teles.com',	'52217354277'),
(105,	'Simão Rico Fernandes',	'renata.ferminiano@ferreira.net',	'51701859086'),
(106,	'Sr. Paulo Colaço Bezerra Neto',	'everton.pereira@estrada.br',	'54723652494'),
(107,	'Sra. Helena Campos',	'horacio07@correia.com.br',	'56547333282'),
(108,	'Dr. Carla Madalena Neves',	'abril65@ig.com.br',	'49064735931'),
(109,	'Sr. Gian Cordeiro Neto',	'gusmao.noeli@reis.net.br',	'71550701217'),
(110,	'Srta. Tessália Miranda Rocha',	'gabriel90@urias.com',	'61376637496'),
(111,	'Demian Ferreira',	'wcasanova@ortega.net.br',	'24404705298'),
(112,	'Sr. Alan Zambrano Benites Neto',	'jsaraiva@barros.br',	'53323031464'),
(113,	'Srta. Ariana Caldeira Leal Neto',	'luzia11@uol.com.br',	'70396286612'),
(114,	'Carla Solano Neto',	'lovato.thalissa@hotmail.com',	'27101915845'),
(115,	'Estêvão Alan Ferminiano',	'martines.abgail@delgado.com.br',	'51488630665'),
(116,	'Anderson Rivera Salazar',	'uzamana@salas.br',	'86285058001'),
(117,	'Dr. Renata Hortência Lutero',	'emiliano.espinoza@branco.org',	'45883381959'),
(118,	'Pedro Marinho',	'rsantana@quintana.com',	'49294775593'),
(119,	'Srta. Pâmela Soares Ferminiano',	'sergio.bonilha@gmail.com',	'90570837160'),
(120,	'Thiago Gil Verdugo Sobrinho',	'cqueiros@lira.org',	'88638668473'),
(121,	'Dr. Benjamin Vasques Maia',	'pedro.marinho@terra.com.br',	'57914614857'),
(122,	'Leonardo Tamoio',	'montenegro.antonio@r7.com',	'77209077885'),
(123,	'Emília Cordeiro Jr.',	'navila@soto.com',	'67145806454'),
(124,	'Abril Alma Leon',	'galhardo.daniel@escobar.org',	'44835643494'),
(125,	'Ashley das Dores',	'giovana.zambrano@brito.com.br',	'67717499960'),
(126,	'Bruno Christopher Benites Sobrinho',	'gabriel16@yahoo.com',	'38521764741'),
(127,	'Salomé Tamoio',	'tessalia.brito@terra.com.br',	'58819740575'),
(128,	'Emanuel Teles Neto',	'silvana18@hotmail.com',	'70311644026'),
(129,	'Pâmela Padrão Sobrinho',	'luara.delvalle@zamana.net',	'14403493633'),
(130,	'Alonso Natal Bonilha',	'mescobar@ramires.com',	'37603281317'),
(131,	'Dr. Constância Emília Bezerra Neto',	'helena.rocha@uol.com.br',	'36543067920'),
(132,	'Srta. Abril Salazar Corona',	'rivera.maite@espinoza.net',	'26102393157'),
(133,	'Demian Rocha',	'csepulveda@valencia.com.br',	'69050790720'),
(134,	'Carlos Antônio Pedrosa',	'sanches.dante@terra.com.br',	'64069628712'),
(135,	'Micaela Solano Sobrinho',	'deaguiar.julieta@ig.com.br',	'97339914983'),
(136,	'Simão Roque Sobrinho',	'luis.espinoza@ig.com.br',	'33924486193'),
(137,	'Sr. Felipe Medina Jr.',	'carolina07@hotmail.com',	'50928357889'),
(138,	'Sebastião Sepúlveda Santiago Filho',	'nbranco@hotmail.com',	'42726934608'),
(139,	'Hernani Pontes',	'jasmin.lira@grego.br',	'42280735306'),
(140,	'Sr. Antônio Faria Domingues Sobrinho',	'tais09@hotmail.com',	'97489613635'),
(141,	'Sr. Thales Leandro Salas Jr.',	'alessandra.fernandes@uol.com.br',	'52877053526'),
(142,	'Sra. Ariana Mendonça de Aguiar',	'pereira.anderson@yahoo.com',	'38665276186'),
(143,	'Ana Helena Cordeiro Jr.',	'everton45@gmail.com',	'18535763903'),
(144,	'Jasmin Marés Leon Jr.',	'pedrosa.miguel@valencia.net.br',	'19977551198'),
(145,	'Samuel Cruz Filho',	'isabella.santana@ortega.com.br',	'16931807480'),
(146,	'Paulo Delatorre Beltrão',	'santiago.tabata@sanches.org',	'84191617177'),
(147,	'Manuela Mendonça Flores',	'renata.meireles@vieira.com',	'34677221372'),
(148,	'Dr. Emanuel Dante Dias Jr.',	'padilha.clara@padrao.com.br',	'50964108999'),
(149,	'Dr. Adriana Galindo Carmona',	'icortes@matos.net',	'73766125634'),
(150,	'Teobaldo Ramires Gonçalves Neto',	'antonio.pena@verdugo.com',	'35043647783'),
(151,	'Micaela de Aguiar Furtado',	'pedro08@dominato.br',	'75431642806'),
(152,	'Sr. Jácomo Gustavo Mendes',	'pedrosa.samanta@yahoo.com',	'13097417072'),
(153,	'Josefina Flores Caldeira Neto',	'fernando57@padrao.com',	'55429433369'),
(154,	'Dr. Emiliano Medina D\'ávila',	'simon32@meireles.com',	'41178274418'),
(155,	'Vicente Godói Jr.',	'grego.tais@bittencourt.com',	'28205479999'),
(156,	'Gian Solano Assunção Filho',	'fontes.sergio@uol.com.br',	'48506674198'),
(157,	'Srta. Isabel Torres Flores',	'kmaldonado@carrara.net',	'71856413518'),
(158,	'Sra. Abgail Bianca Salgado',	'pena.jacomo@espinoza.com',	'57364803664'),
(159,	'Gabriela Colaço Sobrinho',	'evandro.neves@r7.com',	'88715159497'),
(160,	'Dr. Daniel Sepúlveda Meireles',	'feliciano.joana@reis.br',	'87770848182'),
(161,	'Martinho Perez Caldeira Jr.',	'thiago66@yahoo.com',	'60185128398'),
(162,	'Mel Mascarenhas Vega',	'saguiar@mendes.com.br',	'80752309232'),
(163,	'Tábata Santiago Bonilha',	'bflores@urias.net',	'52506023637'),
(164,	'Sebastião Fidalgo Neto',	'emanuel.padilha@uol.com.br',	'11895708126'),
(165,	'Sra. Thalissa Meireles Carmona Jr.',	'paula87@yahoo.com',	'12640571578'),
(166,	'Guilherme Emiliano Marinho Neto',	'marinho.joana@gmail.com',	'54860658964'),
(167,	'Sr. Maximiano Valdez Jimenes Sobrinho',	'agustina97@gmail.com',	'11041055849'),
(168,	'Emília Isabella Paz',	'manuel30@uchoa.net',	'92968699994'),
(169,	'Ricardo Correia Faria Neto',	'adriano96@yahoo.com',	'98301162047'),
(170,	'Dr. Eduardo Hernani Zambrano Jr.',	'clara.faria@terra.com.br',	'77342943590'),
(171,	'Gabriela de Oliveira Jr.',	'casanova.antonieta@yahoo.com',	'57312516438'),
(172,	'Dr. Dante de Oliveira Padrão Filho',	'yvale@yahoo.com',	'57181382148'),
(173,	'Adriana Vega de Aguiar Neto',	'juliana72@deaguiar.org',	'90095166973'),
(174,	'Luana Benites Caldeira Filho',	'quintana.andrea@uol.com.br',	'46965597602'),
(175,	'Dr. Mateus Fernandes',	'norma.gil@yahoo.com',	'43190840226'),
(176,	'Jerônimo Rosa',	'avalencia@salas.com.br',	'21510912297'),
(177,	'Matias Valentin Sepúlveda',	'alan89@salas.br',	'99180846142'),
(178,	'Dr. Rafaela Rios Barreto',	'josue77@meireles.com.br',	'43027705542'),
(179,	'Dr. Antônio Chaves Uchoa',	'adriana.lutero@santiago.com',	'64070439694'),
(180,	'Luara Salas Neto',	'demian.sales@r7.com',	'27240607514'),
(181,	'Sr. Jácomo Lozano Rios Filho',	'santiago29@gmail.com',	'93449369599'),
(182,	'Salomé Malena da Rosa Jr.',	'abreu.regina@uol.com.br',	'42089421652'),
(183,	'Emílio Tamoio',	'balestero.julia@yahoo.com',	'40339608639'),
(184,	'Samanta Estrada Faro Sobrinho',	'mbezerra@ig.com.br',	'55335575690'),
(185,	'Thalissa Regina Lovato Jr.',	'dasilva.thiago@ig.com.br',	'55011936482'),
(186,	'Dr. Pâmela Rangel Gomes Neto',	'barreto.benjamin@uol.com.br',	'25790922737'),
(187,	'Suzana Taís Serra',	'ricardo09@hotmail.com',	'65026792567'),
(188,	'Dr. Alonso Chaves',	'valencia.mateus@garcia.net.br',	'63646243072'),
(189,	'Alexandre Anderson Franco Sobrinho',	'josue71@hotmail.com',	'65310988951'),
(190,	'Jácomo Ian Maldonado',	'wmontenegro@hotmail.com',	'74786278092'),
(191,	'Sr. Anderson Colaço Sobrinho',	'isaac.velasques@r7.com',	'24015519113'),
(192,	'Rafael Vieira Tamoio',	'fernando.rosa@marques.net.br',	'80379257350'),
(193,	'Sr. Paulo Fonseca Ferreira',	'lmadeira@r7.com',	'91985309245'),
(194,	'Dr. Alessandra Malena das Neves',	'fabiana.marques@terra.com.br',	'86703718109'),
(195,	'Abril Pena Galindo Sobrinho',	'domingues.tais@yahoo.com',	'52021459135'),
(196,	'Dr. Maitê Medina Filho',	'julieta16@ig.com.br',	'41316706628'),
(197,	'Tessália Júlia Sanches',	'soares.carlos@madeira.com.br',	'19238096042'),
(198,	'Dr. Suzana Carrara',	'vitoria13@mascarenhas.net.br',	'31281169359'),
(199,	'Srta. Mel Ketlin Camacho Filho',	'serna.nicole@uol.com.br',	'78420001863'),
(200,	'Sr. Gian Ortiz',	'gusmao.alexandre@leon.br',	'55654353138'),
(201,	'Michele das Dores Sobrinho',	'carlos26@gmail.com',	'56411558032'),
(202,	'Paula Luana Garcia Jr.',	'alonso95@ig.com.br',	'25760711996'),
(203,	'Estêvão Lucas Zamana',	'leonardo.ferraz@quintana.com',	'43114796141'),
(204,	'Simão Valdez D\'ávila',	'carla25@rezende.com',	'90862159685'),
(205,	'Gian Faro Leal Sobrinho',	'avila@hotmail.com',	'84941818055'),
(206,	'Sra. Natália Violeta Paes',	'aleal@beltrao.com',	'10653126360'),
(207,	'Sr. Natal Tamoio Sobrinho',	'ornela08@delatorre.com',	'27046321135'),
(208,	'Sr. Franco Salazar Padrão Sobrinho',	'maite.neves@reis.net.br',	'43983668552'),
(209,	'Natália Tábata Estrada',	'alonso.quintana@gusmao.br',	'14954615795'),
(210,	'Isaac Zamana Marés Sobrinho',	'christian.gomes@gmail.com',	'36568280510'),
(211,	'Dr. Júlia Luzia Esteves Sobrinho',	'fbezerra@avila.org',	'76310211559'),
(212,	'Sr. Aaron Matos Filho',	'josefina.grego@serra.com.br',	'48064070137'),
(213,	'Dr. Rafaela Medina Rios',	'alutero@hotmail.com',	'98192254791'),
(214,	'Dr. Henrique da Rosa Corona',	'alonso32@gmail.com',	'88888200214'),
(215,	'Catarina Serna',	'urias.isadora@fidalgo.net',	'94784984057'),
(216,	'Evandro Guerra Delvalle Jr.',	'pablo39@uol.com.br',	'98563065655'),
(217,	'Srta. Giovana Prado de Oliveira Neto',	'vasques.violeta@delatorre.br',	'47672469044'),
(218,	'Dr. Rodrigo Josué Rivera',	'jpaes@gusmao.com.br',	'20694072195'),
(219,	'Sra. Micaela Pontes',	'alexandre56@bittencourt.net',	'56208555813'),
(220,	'Hortência Silvana Delatorre Jr.',	'lovato.ivan@velasques.net',	'22210684658'),
(221,	'Dr. Fabiana Fonseca',	'cverdara@zambrano.org',	'94947851631'),
(222,	'Carla Allison Ferraz',	'aaron.ortega@terra.com.br',	'12996142568'),
(223,	'Srta. Michele Fontes',	'jzambrano@terra.com.br',	'88494263012'),
(224,	'Alonso Matias das Dores Filho',	'agostinho.benites@salas.net',	'39465632782'),
(225,	'Alexandre Adriano Saraiva',	'madalena.dias@galhardo.br',	'26834511165'),
(226,	'Sr. Martinho Manuel Solano Jr.',	'lbittencourt@yahoo.com',	'38399261308'),
(227,	'Sra. Maitê Ariadna Salas Neto',	'sergio.ramos@verdugo.net',	'26019984332'),
(228,	'Renata Gusmão Campos Sobrinho',	'mateus71@padilha.org',	'27731074773'),
(229,	'Sr. Aaron Jimenes Neto',	'jacomo.darosa@uol.com.br',	'53943710736'),
(230,	'Sr. David Aranda Batista',	'usepulveda@terra.com.br',	'35260788602'),
(231,	'Sr. Francisco Lovato Neto',	'josefina.sepulveda@dominato.com.br',	'77782882205'),
(232,	'Violeta Carolina Pacheco Jr.',	'isadora00@reis.com',	'91045337548'),
(233,	'Dante Batista',	'diego.delgado@valentin.com',	'57612412353'),
(234,	'Dr. Jorge Felipe Aragão',	'qserna@deaguiar.br',	'89815716207'),
(235,	'Ian Mendes Velasques Sobrinho',	'mbarreto@hotmail.com',	'51135607555'),
(236,	'Inácio Montenegro Neto',	'gabriela.rezende@martines.org',	'31812691109'),
(237,	'Dr. Christian Montenegro',	'joana56@zamana.net.br',	'99373872362'),
(238,	'Dr. Renata Prado',	'alma06@hotmail.com',	'13901221120'),
(239,	'Srta. Ashley Camila Montenegro',	'flutero@terra.com.br',	'27950811033'),
(240,	'Aaron da Cruz Uchoa Sobrinho',	'giovana16@torres.com',	'63769059109'),
(241,	'Nicole Grego Neto',	'paes.elizabeth@zaragoca.com.br',	'66539808754'),
(242,	'Ian Emiliano Aguiar Sobrinho',	'batista.mateus@hotmail.com',	'21084074849'),
(243,	'Camila Sepúlveda Galhardo Sobrinho',	'tais.vasques@jimenes.com',	'38493204621'),
(244,	'Carolina Correia',	'evandro02@gmail.com',	'39970331338'),
(245,	'Santiago Salazar',	'andrea.perez@terra.com.br',	'86594005876'),
(246,	'Michele Aguiar Azevedo',	'esteves.natal@gmail.com',	'50635569492'),
(247,	'Srta. Maitê Velasques Bittencourt',	'bezerra.thalissa@aguiar.net',	'55245013814'),
(248,	'Dr. Taís de Aguiar',	'desteves@valentin.br',	'61828322004'),
(249,	'Christopher Fernandes da Silva Filho',	'hernani30@ig.com.br',	'74387684458'),
(250,	'Catarina Maitê Queirós',	'franco47@soares.net',	'87486735736'),
(251,	'Andres Salas Jr.',	'agostinho.ferreira@deoliveira.com',	'53461906892'),
(252,	'Michele Sepúlveda Sobrinho',	'emilio.deaguiar@duarte.br',	'38660524918'),
(253,	'Isadora de Oliveira Ferraz',	'cortes.eduardo@espinoza.com',	'10364520420'),
(254,	'Sra. Jasmin Antonieta Bezerra',	'noeli18@yahoo.com',	'95592324520'),
(255,	'Dr. Renata Galvão',	'adriano.gil@ferreira.net.br',	'33301429817'),
(256,	'Dr. Ian de Souza',	'luara.padilha@gmail.com',	'90132169978'),
(257,	'Dr. Inácio da Cruz Jr.',	'jdominato@yahoo.com',	'83299069609'),
(258,	'Manuel Leon Urias',	'fvila@r7.com',	'52678580550'),
(259,	'Thiago Christian Molina Jr.',	'leal.gabriela@hotmail.com',	'93167929526'),
(260,	'Pedro Luciano Galvão Sobrinho',	'fabio38@hotmail.com',	'28081014623'),
(261,	'Dr. Antônio Uchoa Serra Filho',	'madeira.samuel@vila.net',	'37642301505'),
(262,	'Camila Esteves Delgado',	'helena45@lovato.net.br',	'23439483732'),
(263,	'Rafael Fonseca Sobrinho',	'rferraz@aragao.com.br',	'86942515462'),
(264,	'Camila Ariana Estrada Neto',	'natal07@gmail.com',	'24317598793'),
(265,	'Ian Aaron Fonseca',	'sales.ana@uol.com.br',	'97742653573'),
(266,	'Luciana Luzia Zambrano Jr.',	'cristovao.deoliveira@esteves.br',	'77176129023'),
(267,	'Dr. Everton Caldeira',	'tessalia.aguiar@gmail.com',	'98172646311'),
(268,	'Sra. Paulina Vitória Jimenes',	'lira.luana@uol.com.br',	'28209532424'),
(269,	'Nádia Luzia Marin Filho',	'irene35@yahoo.com',	'18312551945'),
(270,	'Sra. Alessandra Paes Franco',	'dias.luciana@torres.com.br',	'71361390818'),
(271,	'Dr. Paulo Jerônimo Uchoa Sobrinho',	'sophie.mares@terra.com.br',	'97325032571'),
(272,	'Dr. Leandro Montenegro Neves',	'lucas29@terra.com.br',	'16013898553'),
(273,	'Alessandra Pacheco de Aguiar Neto',	'maximo.cordeiro@hotmail.com',	'87046200003'),
(274,	'Sra. Adriana Valentina Ávila Neto',	'vitoria63@flores.br',	'47404230271'),
(275,	'Mário Carrara Bittencourt Filho',	'tmatos@marques.com',	'49865913244'),
(276,	'Vitória Barreto',	'kcampos@ramos.com.br',	'50730975199'),
(277,	'Dr. Natália Leon Sanches Sobrinho',	'luis.delgado@valentin.org',	'28188176036'),
(278,	'Sr. Camilo Cortês',	'olivia16@galindo.org',	'24211849365'),
(279,	'Srta. Adriana Rico',	'andres98@uol.com.br',	'45563032048'),
(280,	'Benjamin Esteves',	'guilherme31@barros.br',	'37048997272'),
(281,	'Franco Delgado Ortiz Filho',	'jpedrosa@mendonca.net',	'16963327736'),
(282,	'Sr. Franco Leon',	'osalgado@yahoo.com',	'84244355319'),
(283,	'Benjamin Aguiar Sobrinho',	'christian74@gmail.com',	'54078374261'),
(284,	'Sra. Pâmela Toledo Verdugo Filho',	'ugomes@ig.com.br',	'49501690684'),
(285,	'Jasmin Rosa Tamoio Neto',	'wazevedo@maia.com.br',	'93623660093'),
(286,	'Francisco Diego Beltrão Jr.',	'gusmao.ketlin@ig.com.br',	'86737751536'),
(287,	'Dr. Tábata Martines Jr.',	'perez.amanda@zamana.com.br',	'23214795814'),
(288,	'Ana Norma Salas',	'rafael18@mendes.net',	'82747736394'),
(289,	'Sra. Emília Casanova',	'gdesouza@r7.com',	'94787490269'),
(290,	'Sr. Andres Valência Perez Filho',	'norma.pacheco@corona.com',	'12808046117'),
(291,	'Mel Ashley Vega',	'tcortes@uol.com.br',	'25209583835'),
(292,	'Everton Galindo Neto',	'teobaldo.batista@terra.com.br',	'62096143789'),
(293,	'Thalissa Faria Neto',	'mendonca.samanta@terra.com.br',	'60365590318'),
(294,	'Dr. Taís Suzana Furtado',	'manuela20@vieira.org',	'27449956217'),
(295,	'Dr. Manuel Mateus Lozano Filho',	'josefina.dasdores@salas.net.br',	'33214951989'),
(296,	'Sophie Ivana Dominato',	'toledo.luciana@pontes.com',	'19915037427'),
(297,	'Alonso Elias Bonilha Sobrinho',	'ddeaguiar@rios.com',	'73854932800'),
(298,	'Sra. Alessandra Mia Serrano',	'gil.ricardo@gmail.com',	'64572193453'),
(299,	'Dr. Ian José Chaves Sobrinho',	'rosa.giovana@hotmail.com',	'33296710097'),
(300,	'Sra. Ana Joana Romero Sobrinho',	'bvelasques@yahoo.com',	'39337643759'),
(301,	'Dr. Daniel Felipe Ramos',	'elizabeth.branco@uol.com.br',	'59837261093'),
(302,	'Srta. Luana Manuela Gomes Neto',	'pacheco.antonio@gmail.com',	'53266403947'),
(303,	'Srta. Camila Reis Jr.',	'amelia.gusmao@uol.com.br',	'57742834209'),
(304,	'Luciano Torres Espinoza Jr.',	'mariana63@flores.com.br',	'95807905910'),
(305,	'Christopher Rodrigues',	'quintana.kevin@yahoo.com',	'79411389281'),
(306,	'Dr. Olívia Ornela de Aguiar Neto',	'malena.escobar@terra.com.br',	'95200890058'),
(307,	'Catarina Sepúlveda Cervantes',	'rsandoval@mascarenhas.net',	'11614019396'),
(308,	'Dr. Valéria Rivera Neto',	'nicole.maia@deoliveira.com.br',	'28213890246'),
(309,	'Srta. Mia Natália Roque',	'galvao.gian@urias.org',	'16044690899'),
(310,	'Nádia Rangel Rivera',	'olivia.dominato@ig.com.br',	'51789601030'),
(311,	'Sra. Valéria Rico Filho',	'alessandra49@balestero.com',	'14449244932'),
(312,	'Dr. Thalissa Silvana Marin',	'teles.gian@hotmail.com',	'24264792567'),
(313,	'Hernani Uchoa Azevedo',	'dchaves@maia.br',	'52132204458'),
(314,	'Beatriz Mascarenhas da Cruz Jr.',	'lira.noel@beltrao.org',	'10121288703'),
(315,	'Sr. Isaac Bezerra Sobrinho',	'melissa19@teles.com',	'30645939838'),
(316,	'Srta. Isadora Serrano Jr.',	'davila.manuel@r7.com',	'95320797536'),
(317,	'Sr. Dante Tamoio Sobrinho',	'fabio10@terra.com.br',	'12513735749'),
(318,	'Regina Benites Sales',	'ivana.pedrosa@maia.net.br',	'99751627668'),
(319,	'Estêvão Urias Maldonado Sobrinho',	'miranda05@terra.com.br',	'80207200199'),
(320,	'Melissa Rosa',	'dasneves.leandro@uol.com.br',	'99134983461'),
(321,	'Constância Colaço Rocha Neto',	'gabriel47@gmail.com',	'20209172376'),
(322,	'Jácomo Zambrano Salas Neto',	'leal.nadia@gmail.com',	'30657553824'),
(323,	'Sra. Daniela Cordeiro Vieira Neto',	'alexandre.rodrigues@dasneves.org',	'12484453912'),
(324,	'Regina Ramires',	'amanda.mascarenhas@pena.com.br',	'28763752788'),
(325,	'Melissa Luciana Sales',	'bonilha.maite@ig.com.br',	'87165476063'),
(326,	'Dr. Paulina Tamoio Paes',	'fdavila@padilha.br',	'13926497198'),
(327,	'Sr. Fábio Giovane Montenegro',	'luzia06@gmail.com',	'39456288261'),
(328,	'Sra. Ornela Joana Serra Neto',	'christian.soto@r7.com',	'86566824614'),
(329,	'Dr. Silvana Delvalle Gusmão Jr.',	'delvalle.norma@dias.br',	'38366700963'),
(330,	'Jácomo Aaron Gil',	'xbranco@terra.com.br',	'45648363398'),
(331,	'Bruno Aaron Soto Neto',	'quintana.camila@r7.com',	'17975728238'),
(332,	'Eduardo Gabriel Valentin',	'rivera.fernando@uol.com.br',	'85110531264'),
(333,	'Ziraldo Barreto Duarte Jr.',	'pablo23@ortiz.org',	'63380669010'),
(334,	'Andres Aranda Serna Jr.',	'fidalgo.joaquin@yahoo.com',	'29774895621'),
(335,	'Michele Michele Velasques Jr.',	'hernani59@camacho.org',	'41358571913'),
(336,	'Dr. Miranda Santiago Mendonça',	'matias47@uol.com.br',	'45211504505'),
(337,	'Dr. Emiliano Dante Marés',	'zverdara@r7.com',	'63094938490'),
(338,	'Samuel Ivan Aguiar Sobrinho',	'mariana.verdugo@salgado.com',	'91006747472'),
(339,	'Dante Prado Filho',	'corona.luis@hotmail.com',	'62117832565'),
(340,	'Sr. Daniel Simon Rezende',	'cesteves@gmail.com',	'56090285995'),
(341,	'Sr. Samuel Meireles Godói Jr.',	'carlos.valdez@ramos.com.br',	'86762324584'),
(342,	'Dr. Benjamin Brito Benites',	'daniel61@uol.com.br',	'38304886778'),
(343,	'Diego Henrique Feliciano',	'josue.assuncao@feliciano.org',	'33431078180'),
(344,	'Sr. Leandro Vale',	'cmeireles@abreu.br',	'73010331656'),
(345,	'Dr. João Dominato Prado',	'maximo.queiros@quintana.com.br',	'77219228213'),
(346,	'Leandro Verdugo Soares Sobrinho',	'evandro97@terra.com.br',	'65577679953'),
(347,	'Luciana Delvalle Jr.',	'amanda.dasilva@sandoval.net.br',	'19989625387'),
(348,	'Josefina Verdugo Vieira',	'amarin@matos.org',	'10773611030'),
(349,	'Sra. Allison Micaela Mascarenhas',	'ramires.jorge@uol.com.br',	'22283205251'),
(350,	'Dr. Guilherme Meireles',	'thiago.deoliveira@montenegro.com.br',	'57655101473'),
(351,	'Ana Domingues',	'samanta95@uol.com.br',	'98555022765'),
(352,	'Dr. Daniela Oliveira',	'iaguiar@molina.net.br',	'45451190530'),
(353,	'Leandro Uchoa Pacheco',	'qverdara@ortega.com',	'45346483537'),
(354,	'Sr. Paulo Inácio Galhardo',	'batista.violeta@yahoo.com',	'65412938970'),
(355,	'Sra. Maitê Valéria Delatorre',	'suzana69@vale.com.br',	'23260621917'),
(356,	'Franco Aaron de Aguiar Filho',	'odarosa@ig.com.br',	'56912776244'),
(357,	'Dr. Rodrigo Dominato Filho',	'tessalia24@hotmail.com',	'55367145797'),
(358,	'Srta. Renata Luana Chaves Filho',	'lozano.rafaela@campos.com.br',	'48781317312'),
(359,	'Sr. Martinho Josué Tamoio',	'pvieira@uol.com.br',	'33031951113'),
(360,	'Isabella Ashley Mendes Jr.',	'galindo.cristovao@uol.com.br',	'47461983996'),
(361,	'Sr. Emílio Cortês Salazar Sobrinho',	'fidalgo.andres@marinho.net.br',	'89279943928'),
(362,	'Dr. Taís Tessália Valentin',	'imontenegro@prado.com.br',	'48025481726'),
(363,	'Sra. Olívia Delvalle Jr.',	'samanta.rodrigues@terra.com.br',	'73340735069'),
(364,	'Carlos Barros',	'emarques@r7.com',	'77491396444'),
(365,	'Dr. Isabel Bianca Serra',	'pena.cristovao@franco.com.br',	'52431959929'),
(366,	'Dr. Jasmin da Cruz Marinho',	'noeli82@terra.com.br',	'58724065292'),
(367,	'Sra. Nádia Neves',	'sebastiao76@quintana.com',	'17126485747'),
(368,	'Rebeca Colaço',	'marinho.diego@carmona.org',	'91474821327'),
(369,	'Sra. Luciana Ivana Molina Sobrinho',	'cortes.mia@r7.com',	'36162684395'),
(370,	'João Queirós Delatorre Sobrinho',	'valeria.aranda@hotmail.com',	'46701352644'),
(371,	'Sra. Noelí Rodrigues Rezende Sobrinho',	'juliana86@r7.com',	'49686259385'),
(372,	'Sr. Hernani Fernandes Medina Neto',	'hernani07@marinho.org',	'25119499098'),
(373,	'Dr. Regina Ramires',	'qdias@escobar.net',	'67276155896'),
(374,	'Ariadna Lozano Sobrinho',	'paes.ian@ig.com.br',	'41581833910'),
(375,	'Fátima Maitê Aragão',	'ibatista@gmail.com',	'70590815462'),
(376,	'Srta. Alexa Constância Chaves Neto',	'valeria.flores@gmail.com',	'53950998801'),
(377,	'Paula Carla Ferreira Filho',	'ana.queiros@guerra.org',	'20086789674'),
(378,	'Sr. Fábio Roque Velasques Sobrinho',	'eprado@ig.com.br',	'24605173525'),
(379,	'Srta. Rafaela Caldeira',	'serra.mariana@gmail.com',	'20487887802'),
(380,	'Adriana Ariadna da Silva',	'christian.ferreira@fernandes.net',	'55816796170'),
(381,	'Sr. Felipe Alonso Ferreira Sobrinho',	'vfontes@gmail.com',	'58345381849'),
(382,	'Dr. Sara Galindo',	'beatriz66@zamana.net.br',	'76498734438'),
(383,	'Dante Bonilha Barreto Neto',	'julia87@gmail.com',	'59984107262'),
(384,	'Dr. Mateus Verdara',	'fatima.espinoza@salgado.com.br',	'16841297983'),
(385,	'Srta. Ashley Cruz Serna',	'jvasques@hotmail.com',	'52319974809'),
(386,	'Bruno Natal Franco Jr.',	'laura.fernandes@terra.com.br',	'36986893548'),
(387,	'Luana Sabrina Marinho Filho',	'ferreira.pablo@hotmail.com',	'96053903154'),
(388,	'Dr. Alessandra Caldeira',	'ymarques@gmail.com',	'87782759641'),
(389,	'Paulo Vasques',	'pguerra@molina.com',	'87792915728'),
(390,	'Kevin Franco Filho',	'giovana.soares@vale.com',	'92190141823'),
(391,	'Leonardo Felipe Bezerra',	'hrocha@uol.com.br',	'26661051048'),
(392,	'Sra. Samanta Ortega Neto',	'qazevedo@ig.com.br',	'50921500890'),
(393,	'Isabel Luana Matias',	'clara.cruz@yahoo.com',	'88485572579'),
(394,	'Sra. Maitê Mascarenhas Ávila',	'andrea82@zaragoca.com.br',	'64613634628'),
(395,	'Dr. Violeta Medina Serrano Neto',	'uduarte@uol.com.br',	'42470027915'),
(396,	'Dr. Thales Vale Gil',	'desouza.felipe@ig.com.br',	'22766836712'),
(397,	'Sr. Thales Ferreira',	'barreto.joao@galhardo.org',	'41081529662'),
(398,	'Rafael Toledo',	'rosa.pablo@meireles.com',	'61831347288'),
(399,	'Sr. Maximiano Espinoza',	'alan66@dasneves.org',	'72744058236'),
(400,	'Dr. Mário Queirós',	'lovato.samanta@queiros.br',	'75572632259'),
(401,	'Luciana Abreu Batista Filho',	'xvalencia@ig.com.br',	'71710552895'),
(402,	'Dr. Franco Azevedo Solano Jr.',	'rmascarenhas@toledo.net',	'67449304186'),
(403,	'Amanda Melissa Prado',	'daniel.rocha@ig.com.br',	'90014890050'),
(404,	'Isadora Tábata Aranda',	'sebastiao.pontes@uol.com.br',	'84613405046'),
(405,	'Malena Solano',	'vfonseca@ig.com.br',	'61130122532'),
(406,	'Sra. Paulina Marés Molina Neto',	'ian.martines@abreu.net.br',	'66630555969'),
(407,	'Gian Ferraz',	'felipe.tamoio@uol.com.br',	'83511985923'),
(408,	'Dr. Mário Serrano',	'ztoledo@quintana.com.br',	'59648904592'),
(409,	'Dr. Henrique Henrique Serna',	'isabel.valentin@duarte.com',	'71410848289'),
(410,	'Paula Caldeira Filho',	'ybonilha@yahoo.com',	'11008350894'),
(411,	'Srta. Sara Pâmela Abreu Filho',	'martinho38@r7.com',	'34521590298'),
(412,	'Andrea Vega Jr.',	'natal.batista@matos.org',	'20916829537'),
(413,	'Paulina Violeta Beltrão',	'valeria00@yahoo.com',	'37579118084'),
(414,	'Sra. Suzana Abreu',	'eduardo61@uol.com.br',	'38477503266'),
(415,	'Manuela Torres Jr.',	'rdasneves@terra.com.br',	'67099569674'),
(416,	'Fabiana Samanta Quintana Neto',	'imaia@terra.com.br',	'10190373427'),
(417,	'Sr. Leonardo Reis Jr.',	'pdias@ortiz.com',	'60463476577'),
(418,	'Manuel Vega Espinoza Filho',	'alonso.fontes@ramos.com',	'77304471879'),
(419,	'Luana Bittencourt Jr.',	'gomes.mel@galindo.net',	'82052200913'),
(420,	'Sra. Violeta Juliana Pena',	'agostinho32@gmail.com',	'91154309571'),
(421,	'Sr. Emanuel David Cortês Jr.',	'paz.alma@reis.com',	'75711339154'),
(422,	'Dante Fonseca Camacho Jr.',	'maldonado.elias@r7.com',	'97672734199'),
(423,	'Helena Constância Delatorre',	'tprado@gil.org',	'73156616417'),
(424,	'Martinho Rezende Cortês Filho',	'michele.ferraz@r7.com',	'55568085329'),
(425,	'Dr. Agostinho José Azevedo',	'solano.diego@vila.br',	'52395925710'),
(426,	'Sra. Carla Lira Aranda',	'simao18@hotmail.com',	'23859483723'),
(427,	'Srta. Noelí Fabiana Sales',	'suzana.lozano@ig.com.br',	'26819798030'),
(428,	'Emiliano Branco',	'carolina.deoliveira@ig.com.br',	'43980331173'),
(429,	'Isabella Regina Galvão',	'ferminiano.rebeca@rios.com',	'16992202772'),
(430,	'Sra. Luzia Regina Teles',	'daniela.madeira@saraiva.net.br',	'17743925873'),
(431,	'Abgail Zaragoça',	'medina.jose@ferreira.org',	'47100813420'),
(432,	'Srta. Salomé Batista Filho',	'regina81@terra.com.br',	'42591954067'),
(433,	'Samanta Carolina Ortega Neto',	'pmaldonado@vieira.com.br',	'22762258820'),
(434,	'Alan Henrique Matos',	'emendes@yahoo.com',	'26167032471'),
(435,	'Sr. Anderson Faria Jr.',	'jaguiar@r7.com',	'42147546654'),
(436,	'Sra. Sophie Vasques Dias Jr.',	'feliciano.joaquin@rosa.com',	'86900141316'),
(437,	'Sr. Emílio Furtado Ramos Jr.',	'ian.avila@montenegro.com',	'43628187850'),
(438,	'Isabel Uchoa Perez',	'ecordeiro@vale.org',	'76892520522'),
(439,	'Paulo Sandoval Flores',	'camila26@salas.br',	'45332012535'),
(440,	'Srta. Sophie Matias Ferreira',	'gqueiros@gmail.com',	'47459868711'),
(441,	'Dr. Sofia Grego',	'maximo.rosa@soto.com.br',	'53803958021'),
(442,	'Dr. Mariana Queirós',	'adasneves@gmail.com',	'31720836392'),
(443,	'Matias Vila Filho',	'pedrosa.miranda@gomes.com',	'54180141104'),
(444,	'Valentina Gomes Sobrinho',	'camila.aranda@gmail.com',	'30305567491'),
(445,	'Srta. Valentina Dominato',	'evandro.queiros@zamana.com.br',	'37628345055'),
(446,	'Constância de Aguiar Pena',	'evandro99@chaves.com.br',	'93785403172'),
(447,	'Simon Marinho Rico Jr.',	'sandoval.daniel@marinho.br',	'84860621408'),
(448,	'Srta. Giovana Valentina Urias Neto',	'soto.tabata@dasdores.br',	'29855924367'),
(449,	'Máximo Delatorre',	'mariana63@terra.com.br',	'85432432921'),
(450,	'Noel Gomes',	'ariana65@abreu.br',	'40051228035'),
(451,	'Dr. Emiliano Gustavo Dominato',	'franco75@furtado.com.br',	'55881070197'),
(452,	'Sr. Gabriel Toledo',	'lucas16@uol.com.br',	'99866991963'),
(453,	'Jorge Jimenes Sobrinho',	'molina.sabrina@terra.com.br',	'86345283040'),
(454,	'Sr. Felipe Quintana Filho',	'carla.vieira@terra.com.br',	'31783310154'),
(455,	'Dr. Sofia Mascarenhas Aguiar Neto',	'gpaz@r7.com',	'18181271058'),
(456,	'Dr. Carlos Garcia Jr.',	'delvalle.andrea@abreu.com',	'35608863848'),
(457,	'Dr. Abgail Velasques Solano',	'meireles.ricardo@terra.com.br',	'55541083277'),
(458,	'Dr. Ornela Bittencourt Delatorre Jr.',	'iguerra@delvalle.com.br',	'37881434036'),
(459,	'João Alonso Soto',	'ashley60@valencia.com.br',	'53190340387'),
(460,	'Guilherme Emanuel Esteves',	'martinho.guerra@marin.com',	'25454755829'),
(461,	'Laura Paes Pontes Filho',	'xrodrigues@pedrosa.com.br',	'49600696351'),
(462,	'Isabella Paula Soares',	'ivana.ramos@leon.net',	'21122010265'),
(463,	'Sr. Fernando Soares Franco',	'nbezerra@furtado.com',	'14568538170'),
(464,	'Dr. Daniel Serna da Silva',	'jacomo.vila@chaves.org',	'75494689959'),
(465,	'Dr. Melissa Nicole Neves Sobrinho',	'kmontenegro@sepulveda.com',	'91319087027'),
(466,	'Dr. Nicole da Cruz',	'tgalhardo@uol.com.br',	'79596698470'),
(467,	'Dr. Anderson Pereira Verdugo',	'lpena@dacruz.com.br',	'15900660878'),
(468,	'Agustina Leon Assunção Filho',	'luciano69@hotmail.com',	'44147086029'),
(469,	'Guilherme Paz Galvão',	'wfidalgo@gmail.com',	'54760547655'),
(470,	'Srta. Micaela Meireles Neto',	'giovana16@ig.com.br',	'24491579734'),
(471,	'Sr. Rodrigo da Silva Zambrano Neto',	'velasques.leandro@soto.com',	'72283616782'),
(472,	'Ana Maia',	'david.cordeiro@serrano.net.br',	'96211292407'),
(473,	'Sr. Diego Joaquin Esteves',	'rafael18@ig.com.br',	'88853481588'),
(474,	'Amanda Ferreira Filho',	'santacruz.ricardo@uol.com.br',	'78189189818'),
(475,	'Thalissa Batista Jr.',	'carolina.ferreira@gmail.com',	'76684904270'),
(476,	'Sra. Silvana Barreto Lozano',	'sophie.avila@lovato.com',	'68060900316'),
(477,	'Alan Ian Martines',	'tsanches@terra.com.br',	'62667275969'),
(478,	'Dr. Melissa Giovana Barros',	'michele.serna@barros.com',	'50968590388'),
(479,	'Fabiana Ivana Fonseca',	'rebeca.duarte@gomes.org',	'21613737036'),
(480,	'Sr. Emanuel Emanuel Gonçalves Neto',	'ypereira@corona.br',	'67098764740'),
(481,	'João Marés Roque',	'irene25@rios.com.br',	'32185445890'),
(482,	'Sra. Isadora Josefina Serrano',	'soares.carolina@maia.com.br',	'82199692630'),
(483,	'Dr. Juliana Zamana',	'luara.feliciano@terra.com.br',	'71298927185'),
(484,	'Srta. Mia Duarte Meireles Jr.',	'framires@ig.com.br',	'78070467021'),
(485,	'Sr. Camilo Jorge Gonçalves',	'dzambrano@uol.com.br',	'25485078446'),
(486,	'Tábata Lira Carmona Jr.',	'colaco.vitoria@ig.com.br',	'36288478195'),
(487,	'Dr. Vitória Colaço Queirós Jr.',	'gdeoliveira@r7.com',	'11847576053'),
(488,	'Jasmin Thalissa Flores Filho',	'alan24@terra.com.br',	'41986002417'),
(489,	'Joana Constância Godói Sobrinho',	'avila.adriana@torres.com',	'69253933346'),
(490,	'Vicente Burgos',	'feliciano.ketlin@r7.com',	'65922702804'),
(491,	'Ariana Amélia Faria',	'elizabeth00@ig.com.br',	'16598343439'),
(492,	'Sra. Mia Sara Gil Sobrinho',	'ramos.elizabeth@zamana.br',	'51894385112'),
(493,	'Ariana Vitória Gil Jr.',	'henrique31@queiros.com',	'48279285982'),
(494,	'Sr. Fábio Valência Delvalle',	'giovane.jimenes@hotmail.com',	'62082106149'),
(495,	'Inácio Santiago Franco Jr.',	'rafael.perez@yahoo.com',	'64668471488'),
(496,	'Luis Jorge Gil',	'tais55@lira.net',	'95261691706'),
(497,	'Allison Julieta Ramires',	'bruno17@uol.com.br',	'45874719986'),
(498,	'Giovana Serra Paes Filho',	'luzia.ortiz@terra.com.br',	'33979004068'),
(499,	'Dr. Irene Salazar Faria Filho',	'yespinoza@sanches.br',	'85102626021'),
(500,	'Sr. Daniel Camilo Salgado Sobrinho',	'deoliveira.julia@uol.com.br',	'41478056864'),
(501,	'Paulo Sales',	'azevedo.emilia@ramos.com',	'93102848749'),
(502,	'Srta. Ornela Josefina Barros',	'catarina.domingues@gmail.com',	'62680557516'),
(503,	'Sr. Sérgio Fernandes Delgado',	'fcorona@espinoza.net',	'44351157404'),
(504,	'José Saraiva Romero Jr.',	'madalena.teles@gmail.com',	'86270634856'),
(505,	'Maitê Franco Jr.',	'imarinho@terra.com.br',	'20865663879'),
(506,	'Sr. Joaquin Ferraz Martines Neto',	'catarina10@pereira.net',	'37891181465'),
(507,	'Srta. Tábata Nicole D\'ávila Filho',	'rodrigo.bezerra@gmail.com',	'12074781538'),
(508,	'Laura Zambrano',	'abril.casanova@duarte.com',	'18540141642'),
(509,	'Dr. Luna Delvalle Carrara',	'thales41@gmail.com',	'67632582808'),
(510,	'Sr. Leandro Montenegro Urias Sobrinho',	'clara.corona@hotmail.com',	'43298415572'),
(511,	'Dr. Alonso de Aguiar Serna Sobrinho',	'giovana.marques@gmail.com',	'14197494095'),
(512,	'Sr. Francisco Cordeiro Duarte Filho',	'nmontenegro@deaguiar.org',	'77608788851'),
(513,	'Dr. Máximo Gonçalves Carmona',	'bianca66@rivera.com.br',	'81857231526'),
(514,	'Abril Salas Balestero',	'medina.luzia@ig.com.br',	'15165029824'),
(515,	'Dr. Antônio Ziraldo Pontes',	'serrano.natal@azevedo.net.br',	'31697849580'),
(516,	'Dr. Natal de Souza Neto',	'josue13@r7.com',	'89287415985'),
(517,	'Sr. Matias Lucas Neves',	'abril40@ig.com.br',	'75796755916'),
(518,	'Máximo Estrada Delvalle Filho',	'emilio63@lira.com.br',	'13088704218'),
(519,	'Sra. Ariadna Sabrina Uchoa Sobrinho',	'ivana.dacruz@delatorre.org',	'22964384671'),
(520,	'Dr. Maximiano Ricardo Saraiva Neto',	'odeoliveira@paes.org',	'60869546346'),
(521,	'Michele Juliana Abreu Jr.',	'ashley36@uol.com.br',	'44128506581'),
(522,	'Fabiana Branco Jr.',	'isabel80@ferminiano.org',	'22951377365'),
(523,	'Agostinho Velasques Filho',	'agalvao@r7.com',	'34529963716'),
(524,	'Hernani Rico Brito Jr.',	'ornela.tamoio@terra.com.br',	'65619348324'),
(525,	'Joana Jasmin Barros',	'ncortes@ig.com.br',	'57282845438'),
(526,	'Alexa Quintana',	'vila.fabio@rezende.net',	'47314558359'),
(527,	'Sra. Rafaela Helena Madeira Neto',	'simon.urias@yahoo.com',	'44234654673'),
(528,	'Beatriz Flores D\'ávila',	'igusmao@yahoo.com',	'56895602708'),
(529,	'Jasmin Caldeira',	'adriano.branco@rivera.net',	'66839511081'),
(530,	'Bruno Luis Rosa',	'olivia79@pena.org',	'81115401441'),
(531,	'Andrea Montenegro Meireles Neto',	'bianca34@faro.com',	'53306240787'),
(532,	'Dr. Camilo Gonçalves',	'pazevedo@terra.com.br',	'43224473205'),
(533,	'Emília Soares',	'madeira.sebastiao@reis.br',	'10133563340'),
(534,	'Catarina Molina',	'jose67@meireles.com',	'58674063972'),
(535,	'Antônio Quintana',	'deoliveira.estevao@grego.net',	'57562701741'),
(536,	'Isadora Mendonça Ortiz',	'julieta34@r7.com',	'79145044118'),
(537,	'Aaron Correia Franco Sobrinho',	'joao29@galvao.net',	'96001335165'),
(538,	'Taís Ferraz Lira',	'mendonca.rafael@rios.com.br',	'60301750418'),
(539,	'Sr. José Rosa Caldeira Neto',	'gteles@salgado.net',	'22719886567'),
(540,	'Sra. Abgail Vasques Sobrinho',	'lbranco@matias.br',	'91920283414'),
(541,	'Sabrina Montenegro Domingues',	'santiago.ramires@ig.com.br',	'78034748563'),
(542,	'Dr. Tomás Vieira Filho',	'miguel.vieira@galvao.org',	'39318759128'),
(543,	'Nádia Franco Paes',	'salome.meireles@uol.com.br',	'75657483784'),
(544,	'Guilherme Galvão Delgado Filho',	'hcamacho@dacruz.net.br',	'60919922701'),
(545,	'Srta. Camila Pacheco',	'sabrina.barreto@terra.com.br',	'78920873891'),
(546,	'Jerônimo Jerônimo Gusmão Jr.',	'teobaldo84@lovato.net',	'42304115416'),
(547,	'Sr. Ziraldo Garcia',	'kguerra@hotmail.com',	'87525115619'),
(548,	'Sebastião Grego Furtado',	'carrara.luzia@beltrao.br',	'35380088167'),
(549,	'Maximiano Mendonça Ferraz Jr.',	'fabio.serra@terra.com.br',	'45634838337'),
(550,	'Dr. Nicole Serrano Tamoio Neto',	'ivana29@uol.com.br',	'93982038929'),
(551,	'Laura Vega',	'alma26@r7.com',	'69655471730'),
(552,	'Gabriela Aranda Batista',	'carla.assuncao@terra.com.br',	'28238715697'),
(553,	'Antonieta Bittencourt Sobrinho',	'daniel40@uol.com.br',	'76374783660'),
(554,	'Dr. Elizabeth Corona Cordeiro Jr.',	'carla43@faria.net',	'29955213694'),
(555,	'Hernani Teles Martines',	'utoledo@torres.com.br',	'71617132003'),
(556,	'Isaac Guerra',	'ffidalgo@montenegro.net.br',	'16832734528'),
(557,	'Silvana Dominato',	'sofia17@aragao.com',	'62541253592'),
(558,	'Dr. Máximo Valência',	'ariana05@uol.com.br',	'27665243055'),
(559,	'Sr. Alexandre Pedrosa Molina',	'cortes.adriano@uol.com.br',	'27664469170'),
(560,	'Srta. Laura Ortega',	'gusmao.fatima@ig.com.br',	'88908780650'),
(561,	'Sr. Sebastião Aranda Corona',	'thalissa38@yahoo.com',	'53468458314'),
(562,	'Dr. Fábio Oliveira das Dores',	'zambrano.fabiana@gmail.com',	'96558262048'),
(563,	'Allison Bezerra Azevedo',	'fbittencourt@jimenes.com',	'60016956381'),
(564,	'Gabriel Rico',	'serrano.david@branco.org',	'37990295781'),
(565,	'Srta. Gabriela Paulina Delatorre',	'franco.serrano@uol.com.br',	'18588421768'),
(566,	'Dr. Julieta Marques',	'casanova.natal@carrara.br',	'75988779537'),
(567,	'Estêvão Mendonça Matias Neto',	'ramos.francisco@yahoo.com',	'79856065786'),
(568,	'Gian Rico',	'isaac97@ramos.net',	'47870894937'),
(569,	'Srta. Jasmin Sepúlveda',	'josue.valentin@escobar.com.br',	'93360162603'),
(570,	'Srta. Antonieta Sara Roque',	'gustavo.verdara@fontes.com.br',	'73443565299'),
(571,	'Leandro Gomes Jr.',	'cristovao49@hotmail.com',	'85523087108'),
(572,	'Dr. Jácomo Romero',	'francisco22@vale.com.br',	'22259396468'),
(573,	'Dr. Elias Cristóvão Benites',	'faro.simon@terra.com.br',	'98346904380'),
(574,	'Everton Valdez Serna',	'christian.montenegro@tamoio.com.br',	'27077856708'),
(575,	'Luciana Quintana Jr.',	'melissa89@yahoo.com',	'61667708189'),
(576,	'Dr. Gustavo Ivan das Neves',	'udominato@ferminiano.br',	'86115659581'),
(577,	'Sr. Agostinho Sebastião Marés Neto',	'carlos.barreto@uol.com.br',	'95981096683'),
(578,	'Horácio Sepúlveda da Silva',	'valdez.luciana@uol.com.br',	'85263284479'),
(579,	'Allison Vieira',	'queiros.tais@ig.com.br',	'38182336325'),
(580,	'Ornela Paes Mascarenhas',	'amelia63@rezende.br',	'96959761948'),
(581,	'Norma Gusmão',	'medina.lucas@gmail.com',	'20417110600'),
(582,	'Olívia Rosa Rangel Sobrinho',	'leandro.marin@zambrano.net',	'43731257458'),
(583,	'Dr. Rafael Ziraldo Serra Filho',	'sebastiao23@r7.com',	'14281791445'),
(584,	'Kevin Simon Fontes',	'vitoria22@barreto.com.br',	'82435863405'),
(585,	'Josefina Lovato Mascarenhas',	'malena17@pontes.org',	'99304670397'),
(586,	'Dr. Camila Zambrano Barreto',	'mrios@gmail.com',	'88301823300'),
(587,	'Sr. Ian Fontes Ferreira',	'benites.hortencia@rezende.br',	'84639158893'),
(588,	'Christopher Prado',	'dmarques@lutero.com.br',	'91462981151'),
(589,	'Maximiano Gusmão Barreto Jr.',	'nadia15@delatorre.net',	'88673615261'),
(590,	'Júlia Luana Espinoza',	'vicente.escobar@hotmail.com',	'10708615107'),
(591,	'Dr. Renata Branco',	'desouza.fabio@fonseca.com.br',	'75636932142'),
(592,	'Mel Bonilha',	'jorge.rosa@salgado.com',	'79198500326'),
(593,	'Sra. Hortência Giovana Fontes',	'inacio42@rios.net.br',	'62149314689'),
(594,	'Dr. Cristóvão Alan Aguiar',	'npontes@terra.com.br',	'57554602770'),
(595,	'Pâmela Lovato',	'brito.tais@r7.com',	'38497724171'),
(596,	'Gustavo Felipe de Aguiar',	'benjamin.pena@gmail.com',	'75808006627'),
(597,	'Jácomo Vila Velasques Neto',	'gvalencia@verdara.com.br',	'68640156785'),
(598,	'Luzia Valência Santacruz Filho',	'faro.amelia@terra.com.br',	'59265668424'),
(599,	'Dr. Agostinho Marés Grego',	'ycarmona@gmail.com',	'16770297600'),
(600,	'Sr. Pedro Natal Ortega Jr.',	'alma.esteves@ig.com.br',	'49067364581'),
(601,	'Sra. Michele Jasmin Domingues',	'saraiva.mariana@ig.com.br',	'51909025534'),
(602,	'Sra. Luana da Cruz Sobrinho',	'pamela90@yahoo.com',	'16039375995'),
(603,	'Constância Uchoa Sobrinho',	'delvalle.sofia@quintana.org',	'18175866004'),
(604,	'Sr. Lucas Delvalle D\'ávila',	'tabata.ferraz@maldonado.com.br',	'43427443398'),
(605,	'Constância Fonseca Jr.',	'bruno46@yahoo.com',	'46319249679'),
(606,	'Srta. Tábata Matias Salgado',	'kcortes@hotmail.com',	'45584800765'),
(607,	'Srta. Gabriela Espinoza Beltrão Filho',	'julieta52@roque.com.br',	'75356836182'),
(608,	'Andrea Thalissa das Dores Jr.',	'valentina79@r7.com',	'11941408878'),
(609,	'Daniela Ramires',	'juliana71@casanova.net.br',	'35622106869'),
(610,	'Felipe Vicente Pena',	'ffaro@hotmail.com',	'52786758455'),
(611,	'Teobaldo Meireles Filho',	'antonio.sepulveda@benites.net',	'73318341281'),
(612,	'Emanuel Demian Gomes Neto',	'zamana.salome@camacho.com',	'23414761803'),
(613,	'Dr. Fabiana Rico Beltrão',	'tsoares@ramos.org',	'15986390932'),
(614,	'Ariana Júlia Delvalle',	'thalissa34@roque.org',	'30561855425'),
(615,	'Dr. Benjamin Abreu Cruz Neto',	'andrea02@velasques.com.br',	'30253769146'),
(616,	'Dr. Diego Fernandes Assunção',	'olivia.verdugo@terra.com.br',	'29943589796'),
(617,	'Dr. Joaquin Miguel Valdez Sobrinho',	'estevao.franco@deoliveira.com.br',	'25807246811'),
(618,	'Sr. Maximiano D\'ávila Solano',	'wvalentin@gmail.com',	'46721902639'),
(619,	'Dr. Anderson Cordeiro Neto',	'beltrao.ivan@hotmail.com',	'34935542811'),
(620,	'Hortência Mendes Neto',	'thalissa.dias@mares.net.br',	'31623907945'),
(621,	'Dr. Micaela Santana',	'cpena@gmail.com',	'98958751394'),
(622,	'Dr. Máximo Quintana',	'elizabeth.ramos@yahoo.com',	'32273297332'),
(623,	'Giovana Fonseca Sobrinho',	'leandro89@maldonado.com',	'71030656165'),
(624,	'Lucas Barros Mascarenhas',	'natal.mendes@terra.com.br',	'15427283234'),
(625,	'Dr. Anderson Aranda Guerra',	'fabio11@uol.com.br',	'39572368016'),
(626,	'Sr. Rodrigo Rivera de Aguiar Neto',	'oliveira.paulo@hotmail.com',	'94329449509'),
(627,	'Máximo Ávila',	'sergio.romero@gmail.com',	'53263095545'),
(628,	'Sofia Andrea Garcia',	'alonso.medina@pedrosa.com',	'26954685281'),
(629,	'Mateus D\'ávila Jr.',	'adriano32@yahoo.com',	'12317855473'),
(630,	'Mateus Ortiz Pena Filho',	'paulina28@rocha.com',	'97873791732'),
(631,	'Sr. Anderson Carmona Neto',	'jasmin.fontes@marin.net',	'74204805766'),
(632,	'Alexandre Serra Sobrinho',	'tdeoliveira@dasilva.com.br',	'19434401643'),
(633,	'Srta. Julieta Vasques Abreu Sobrinho',	'barreto.mel@ig.com.br',	'90419720438'),
(634,	'Srta. Clara Salas',	'garcia.natal@yahoo.com',	'19994797890'),
(635,	'Dr. Camilo Leon Leon Filho',	'tamoio.noeli@galvao.org',	'55567039478'),
(636,	'Dr. Tábata Madalena Romero',	'daniela.medina@gmail.com',	'98080582338'),
(637,	'Dr. Sara Abreu Filho',	'henrique72@gmail.com',	'65621966499'),
(638,	'Lucas de Aguiar Guerra',	'rodrigo19@r7.com',	'23195316322'),
(639,	'Dr. Gabriela Dias Rosa',	'maximiano.gil@furtado.com',	'96535704630'),
(640,	'Kevin Aragão Filho',	'prado.natalia@roque.br',	'88744308021'),
(641,	'Srta. Malena Ávila Godói Jr.',	'ana.queiros@r7.com',	'24250312531'),
(642,	'Sérgio Duarte Rosa',	'bezerra.isabel@davila.br',	'64210219845'),
(643,	'Matias Leonardo Vega Jr.',	'wcaldeira@aranda.net.br',	'44889518287'),
(644,	'Beatriz Fernandes',	'simon.ferreira@ig.com.br',	'97802380383'),
(645,	'Dr. Samanta Rivera Caldeira Filho',	'rodrigo74@chaves.com.br',	'46679700128'),
(646,	'Catarina Meireles',	'rezende.suzana@r7.com',	'18990333850'),
(647,	'Srta. Fátima Duarte Salas Jr.',	'gabriela08@pena.br',	'72099974716'),
(648,	'Gian Assunção Lovato Neto',	'isaac12@cordeiro.net',	'63502696545'),
(649,	'Emília Natália Gomes Sobrinho',	'daniel97@r7.com',	'39341094744'),
(650,	'Salomé Carmona Sobrinho',	'gdomingues@garcia.com',	'60207350931'),
(651,	'Dr. Helena da Rosa',	'abgail.matos@yahoo.com',	'48285840498'),
(652,	'Sra. Alessandra Cervantes Filho',	'balestero.hortencia@reis.com.br',	'37200607521'),
(653,	'Luana Ferraz Campos Filho',	'constancia.correia@yahoo.com',	'71567536420'),
(654,	'Natal Sales Assunção Neto',	'bianca.esteves@valencia.br',	'71328987469'),
(655,	'Sra. Helena Amélia Queirós Filho',	'wfeliciano@cordeiro.org',	'28898313368'),
(656,	'Juliana Guerra Sobrinho',	'gabriel.maldonado@hotmail.com',	'50149060088'),
(657,	'Luciano Sales Sobrinho',	'iramires@rosa.com',	'20389903898'),
(658,	'Srta. Abril Aguiar Gonçalves',	'hromero@hotmail.com',	'61092235483'),
(659,	'Dr. Gabriel Madeira Neto',	'solano.sabrina@ferraz.com.br',	'93504845461'),
(660,	'Sra. Elizabeth Roque Jr.',	'malena.montenegro@lozano.br',	'37981718907'),
(661,	'Christian da Rosa Sobrinho',	'qgalindo@terra.com.br',	'88945843594'),
(662,	'Eduardo Fábio Cervantes',	'rosa.abril@ramos.br',	'16275449643'),
(663,	'Renata Gabriela Chaves Sobrinho',	'valentina.teles@vila.org',	'71077413404'),
(664,	'José Rezende Caldeira',	'ilozano@lutero.com.br',	'47303351658'),
(665,	'Agostinho Santacruz Filho',	'lozano.luis@verdara.net',	'30038725540'),
(666,	'Dr. Emiliano Madeira Pereira',	'furtado.evandro@yahoo.com',	'93324397740'),
(667,	'Guilherme Guerra Sales',	'dias.manuela@uol.com.br',	'50919889607'),
(668,	'Srta. Micaela Godói Marques',	'pamela.paes@delatorre.net',	'64369223174'),
(669,	'Srta. Miranda das Dores',	'ferreira.luciano@ig.com.br',	'92642955516'),
(670,	'Josué Galvão Bonilha Sobrinho',	'laura.faria@yahoo.com',	'42395655671'),
(671,	'Juliana Pontes Verdara Neto',	'leal.alexa@r7.com',	'72018199507'),
(672,	'Sra. Elizabeth Rangel Zamana Filho',	'bcorona@ig.com.br',	'14379186548'),
(673,	'Dr. Bruno Rocha',	'ana49@quintana.br',	'96319779807'),
(674,	'Emílio Beltrão Assunção',	'qdarosa@hotmail.com',	'56277425179'),
(675,	'Rodrigo Assunção',	'sandoval.sophie@fernandes.net',	'43021608822'),
(676,	'Sra. Noelí Regina Branco',	'leandro27@barreto.org',	'86990791755'),
(677,	'Sr. Guilherme Teobaldo Ramires Jr.',	'simao.soto@ig.com.br',	'50642381035'),
(678,	'Srta. Daniela Toledo Vieira',	'sebastiao.balestero@yahoo.com',	'46092640657'),
(679,	'Dr. Ziraldo Queirós Lutero',	'bmascarenhas@ramires.com.br',	'48436745893'),
(680,	'Fátima Andrea Ferminiano',	'vfranco@hotmail.com',	'36744541433'),
(681,	'Dr. João Gusmão Jr.',	'matos.hugo@terra.com.br',	'79157937472'),
(682,	'Sr. Rafael Lozano Aragão Filho',	'helena27@hotmail.com',	'39790400132'),
(683,	'Irene Vega Velasques',	'everton51@ramires.br',	'72460507366'),
(684,	'Ivan Espinoza',	'ttoledo@r7.com',	'48938531684'),
(685,	'Valentin Colaço Colaço',	'dacruz.alma@valdez.net.br',	'29162315222'),
(686,	'Luara Mendonça Sobrinho',	'joao61@bezerra.net.br',	'14890818409'),
(687,	'Constância Noelí Serrano',	'emiliano.mascarenhas@gil.com',	'32654964998'),
(688,	'Sr. Kevin Lovato Medina',	'galvao.antonio@azevedo.com.br',	'59410617746'),
(689,	'Ziraldo Zamana Dominato',	'ashley.padrao@ig.com.br',	'89438015903'),
(690,	'Natália Valentin Assunção',	'zmarinho@gmail.com',	'14689239190'),
(691,	'Sr. Emanuel Prado Bittencourt Jr.',	'afranco@terra.com.br',	'68138156622'),
(692,	'Srta. Alessandra Laura Quintana Neto',	'cruz.luciano@martines.com.br',	'82020135180'),
(693,	'Alexa Rivera Burgos Jr.',	'luna.martines@cervantes.net',	'13032281403'),
(694,	'Sra. Rafaela Fidalgo Pacheco',	'santacruz.ana@lira.com.br',	'20000224796'),
(695,	'Valentina Helena Galindo',	'molina.valeria@gmail.com',	'49851133888'),
(696,	'Giovane Dante Caldeira Jr.',	'ian38@cordeiro.com',	'80175179939'),
(697,	'Pâmela Amélia Roque',	'wvalentin@lozano.br',	'73551290656'),
(698,	'Sr. Jorge Chaves Filho',	'isabella.santana@hotmail.com',	'74751013944'),
(699,	'Ariana Laura de Oliveira',	'adriano.estrada@gmail.com',	'14036027213'),
(700,	'Sr. Ricardo Dominato Valdez Filho',	'lutero.ian@abreu.com.br',	'58936042245'),
(701,	'Carlos Rafael Fontes',	'maximo69@cortes.org',	'84430786280'),
(702,	'Joaquin Roque',	'gustavo.sales@uol.com.br',	'99589290501'),
(703,	'Sr. Samuel Perez',	'gvasques@gmail.com',	'94597935928'),
(704,	'Sr. Eduardo Verdara',	'isabella37@gmail.com',	'36258091440'),
(705,	'Carla Gabriela Vila',	'bcamacho@yahoo.com',	'52060203547'),
(706,	'Santiago Marinho',	'delgado.emanuel@sanches.org',	'85118388927'),
(707,	'Nicole Catarina Padilha',	'luna.lutero@yahoo.com',	'90843635558'),
(708,	'Dr. Emílio Lovato',	'matias81@ig.com.br',	'18211596400'),
(709,	'Anderson Christian Uchoa Filho',	'fflores@vasques.br',	'66997609523'),
(710,	'Sr. Sebastião Pedro Galhardo',	'ivan82@yahoo.com',	'28789838888'),
(711,	'Dr. Henrique Sérgio Vasques Neto',	'sanches.carlos@uol.com.br',	'98093252463'),
(712,	'Sr. Bruno Cruz Romero',	'pedro.delgado@gmail.com',	'51404046890'),
(713,	'Hernani Serrano Feliciano Sobrinho',	'jeronimo.fidalgo@cordeiro.com',	'90929763847'),
(714,	'Josué Cristóvão Montenegro',	'desouza.julieta@esteves.com',	'42949391605'),
(715,	'Dr. Noel Bonilha Pontes Filho',	'valdez.demian@r7.com',	'48844070914'),
(716,	'Dr. David Ferreira Toledo Sobrinho',	'pontes.thales@uol.com.br',	'26217091173'),
(717,	'Elizabeth D\'ávila Neto',	'evale@esteves.com.br',	'74060378527'),
(718,	'Dr. Benjamin Pena Teles',	'salazar.norma@gmail.com',	'64014831843'),
(719,	'Rebeca Serna Filho',	'tais77@pontes.com',	'25623747014'),
(720,	'Dr. Júlia Oliveira',	'agostinho.soto@vale.net',	'24537169865'),
(721,	'Sr. Benjamin Samuel Camacho Filho',	'mpena@gmail.com',	'80447062521'),
(722,	'Sr. David Quintana Reis',	'jbatista@sales.org',	'35324709165'),
(723,	'Sra. Agustina Sanches Marin Filho',	'yfaro@gmail.com',	'17737353529'),
(724,	'Dr. Christian Cruz Torres Filho',	'gustavo84@rezende.br',	'98481706020'),
(725,	'Dr. Luzia Juliana Aranda',	'jacomo.serra@esteves.com.br',	'18667404819'),
(726,	'Horácio Santiago Padilha',	'agustina75@gmail.com',	'32805616011'),
(727,	'Dr. Alan Carrara Neto',	'pcorona@yahoo.com',	'75716247286'),
(728,	'Dr. Thales Jácomo Pacheco Sobrinho',	'giovane.neves@gmail.com',	'29614682470'),
(729,	'Hortência Pâmela Maldonado',	'agostinho.bezerra@galhardo.com.br',	'27306097947'),
(730,	'Sra. Irene Ferminiano Neto',	'salas.giovana@gmail.com',	'11191766735'),
(731,	'Violeta Lovato Queirós Sobrinho',	'sergio59@hotmail.com',	'56912067507'),
(732,	'Sra. Maitê Delatorre',	'emiliano.batista@yahoo.com',	'51267350065'),
(733,	'Sra. Madalena Vasques Camacho',	'abril19@galindo.org',	'34641919209'),
(734,	'Elias Fernandes',	'vramos@r7.com',	'49696798491'),
(735,	'Santiago de Oliveira da Cruz',	'serna.josefina@ramos.com',	'94829586186'),
(736,	'Srta. Luara Isabel Azevedo',	'grego.diego@lira.com.br',	'33852639606'),
(737,	'Sr. Fábio Rocha Santana',	'rgalindo@guerra.com.br',	'97462390448'),
(738,	'Dr. Isabel Verdara Marin Jr.',	'sara73@terra.com.br',	'31118478390'),
(739,	'Luciana Rosa Paz',	'rivera.diego@vieira.com.br',	'19401219964'),
(740,	'Sra. Taís Franco',	'beatriz23@ferminiano.com',	'31530762628'),
(741,	'Paula Isabella Serna',	'molina.pablo@terra.com.br',	'86636491569'),
(742,	'Dr. Camilo Hernani Saraiva Filho',	'urias.daniela@darosa.net.br',	'21767302188'),
(743,	'Dr. Manuel Inácio Roque',	'jimenes.regina@r7.com',	'25663968082'),
(744,	'Gabriel Leon Medina Sobrinho',	'samanta29@esteves.com.br',	'87840331220'),
(745,	'Rafaela Melissa Sepúlveda',	'ivan87@r7.com',	'14954359546'),
(746,	'Dr. Carla Agustina Verdugo Sobrinho',	'allison.queiros@terra.com.br',	'60838401262'),
(747,	'Inácio Vicente Oliveira Filho',	'serra.michele@ig.com.br',	'69797712930'),
(748,	'Estêvão Carrara Jr.',	'qpaes@hotmail.com',	'75234667846'),
(749,	'Dr. Alma Rico Neto',	'qzaragoca@hotmail.com',	'89653703564'),
(750,	'Bianca Cordeiro Neves',	'queiros.mateus@uol.com.br',	'51875704027'),
(751,	'Dr. Ian Matias Fidalgo',	'jpontes@montenegro.com.br',	'75735523379'),
(752,	'Agustina Escobar Assunção',	'ramires.abgail@ig.com.br',	'32688776980'),
(753,	'Sra. Bianca Ketlin Paes Filho',	'fernandes.inacio@neves.com',	'70280386617'),
(754,	'Isabel Tamoio Sobrinho',	'carrara.thales@terra.com.br',	'24080253919'),
(755,	'Dr. Sophie Galhardo Lozano',	'abril.fontes@r7.com',	'24868728627'),
(756,	'Julieta Leal',	'soto.alonso@gusmao.com.br',	'99146121414'),
(757,	'Carolina Gabriela Madeira',	'maximo.sanches@uol.com.br',	'45708215322'),
(758,	'Dr. Abril Sales das Neves Jr.',	'jose.dominato@yahoo.com',	'13169217267'),
(759,	'Joana Salas Dominato Filho',	'queiros.josue@r7.com',	'14250582474'),
(760,	'Ivana Bezerra Jimenes',	'valentina.rodrigues@uol.com.br',	'18506103018'),
(761,	'Dr. Luciano Romero Jr.',	'barros.leonardo@terra.com.br',	'16788087084'),
(762,	'Dr. Paulo Thales Valentin',	'galindo.mario@solano.net',	'12654093029'),
(763,	'Diego José Verdugo',	'vitoria05@ortega.net',	'82190574980'),
(764,	'Guilherme Alan Mendonça',	'smarinho@vega.net.br',	'26578113835'),
(765,	'Dr. Jerônimo da Rosa Gomes Sobrinho',	'maximo44@soares.net.br',	'66244646599'),
(766,	'Dr. Rafael Fernandes Neto',	'teobaldo.mendes@velasques.net',	'56734778196'),
(767,	'Srta. Valéria Dias Jr.',	'bonilha.hugo@camacho.net.br',	'31809849480'),
(768,	'Violeta Verdugo Ortiz',	'marques.maximo@pena.com',	'81133554743'),
(769,	'Matias Emiliano Serra Jr.',	'gazevedo@gmail.com',	'61477412255'),
(770,	'Sr. Maximiano Queirós',	'dlovato@barreto.br',	'69996421040'),
(771,	'Daniel Corona Jr.',	'desouza.pedro@gmail.com',	'48937680352'),
(772,	'Srta. Tábata Rangel Sobrinho',	'jvieira@dias.net',	'26240592814'),
(773,	'Ricardo Dominato Molina',	'gian.medina@yahoo.com',	'93204603444'),
(774,	'Emiliano Valentin Roque',	'colaco.samanta@dasdores.com.br',	'62714727749'),
(775,	'Carlos Paz Velasques',	'fsales@grego.org',	'91966573516'),
(776,	'Sra. Catarina Esteves Serna Sobrinho',	'espinoza.clara@gmail.com',	'64711091566'),
(777,	'Sra. Carolina Irene Cruz Filho',	'ornela86@terra.com.br',	'48864273863'),
(778,	'Alma Bianca Pacheco Sobrinho',	'fontes.ketlin@hotmail.com',	'13439872394'),
(779,	'Evandro Lozano Jr.',	'sebastiao.pontes@gmail.com',	'95583411433'),
(780,	'Noel Manuel das Neves',	'gsolano@yahoo.com',	'83724176199'),
(781,	'Dr. Ariadna Ferminiano Camacho',	'samanta74@terra.com.br',	'17632892597'),
(782,	'Rebeca Helena Gusmão',	'adriano.maldonado@gusmao.com',	'35868542443'),
(783,	'Srta. Violeta Bezerra Filho',	'roque.emilia@gmail.com',	'49215158569'),
(784,	'Srta. Clara Luana Burgos',	'valeria28@hotmail.com',	'98109626819'),
(785,	'Hortência Maia',	'tsandoval@romero.com.br',	'12690632746'),
(786,	'Mia Escobar',	'delatorre.isadora@gmail.com',	'27880645467'),
(787,	'Eduardo Soto Filho',	'mrico@hotmail.com',	'85873549235'),
(788,	'Vicente Mendes Jr.',	'nicole33@salazar.com.br',	'51564619340'),
(789,	'Rafaela Rafaela Zamana Sobrinho',	'antonio.maia@quintana.br',	'83827577306'),
(790,	'Srta. Suzana Galindo',	'paes.alma@yahoo.com',	'77119802909'),
(791,	'Dr. Demian Tamoio Delvalle',	'emilia.rios@sandoval.br',	'65383453454'),
(792,	'Evandro Emanuel Domingues',	'grego.sofia@maia.net',	'50310026640'),
(793,	'Rodrigo Vasques de Oliveira Filho',	'sebastiao.delvalle@urias.org',	'56793621053'),
(794,	'Sara Melissa Ávila Filho',	'padilha.fernando@escobar.com.br',	'93781721833'),
(795,	'Isabella Regina Tamoio Sobrinho',	'tamoio.daniela@serna.com.br',	'81647485499'),
(796,	'Manuela Quintana',	'kevin.teles@santacruz.com',	'33402485052'),
(797,	'Srta. Mariana Flores',	'santiago40@madeira.com.br',	'87167180532'),
(798,	'Antonieta Abreu Zamana Jr.',	'julia11@meireles.com.br',	'60812373978'),
(799,	'Sra. Ariana Torres Zambrano Neto',	'sophie.quintana@ig.com.br',	'72053288359'),
(800,	'Sra. Beatriz Burgos',	'uvega@assuncao.com.br',	'31768568311'),
(801,	'Antonieta Barros',	'ferminiano.sabrina@paz.com',	'90554763165'),
(802,	'Sra. Catarina Camacho Ramires Neto',	'quintana.rafaela@yahoo.com',	'77552830925'),
(803,	'David Eduardo Sandoval',	'galindo.gabriela@hotmail.com',	'33379698571'),
(804,	'Olívia Ortiz',	'ucervantes@r7.com',	'41675771014'),
(805,	'Sr. Antônio Martinho Queirós Filho',	'teles.mariana@ig.com.br',	'84141528244'),
(806,	'Julieta Molina Filho',	'micaela.abreu@hotmail.com',	'56586989698'),
(807,	'Dr. Nádia Mascarenhas Sanches',	'grego.noel@gmail.com',	'63882225079'),
(808,	'Dr. Pablo Chaves Branco Sobrinho',	'lneves@matos.org',	'35068581361'),
(809,	'Sr. Sérgio Santiago Rocha Jr.',	'ivana.uchoa@gmail.com',	'90336134890'),
(810,	'Dr. Gustavo Godói Correia',	'abreu.ziraldo@yahoo.com',	'95002950461'),
(811,	'Mateus Noel Faro Neto',	'ian.uchoa@r7.com',	'28349338614'),
(812,	'Dr. Elizabeth Isabella Batista',	'tabata79@rangel.net',	'75052256243'),
(813,	'Sr. Mário Cervantes Bittencourt Neto',	'josue13@uol.com.br',	'79248205499'),
(814,	'Ivan Vieira',	'casanova.samanta@mascarenhas.com.br',	'30292786768'),
(815,	'Miranda Laura Salas Filho',	'gil.cristovao@yahoo.com',	'46439366980'),
(816,	'Srta. Fátima Antonieta Ávila Jr.',	'lucas76@marques.org',	'35732733681'),
(817,	'Sr. Eduardo Leon Romero',	'cdias@uol.com.br',	'31372384362'),
(818,	'Srta. Carla Queirós Maldonado Neto',	'vicente15@hotmail.com',	'93103665207'),
(819,	'Dr. Diego Roque Ramires Neto',	'correia.renata@terra.com.br',	'98711652928'),
(820,	'Valentina Bezerra Romero Neto',	'rivera.valentina@terra.com.br',	'42267366074'),
(821,	'Dr. Ashley Velasques',	'obezerra@ig.com.br',	'53037452142'),
(822,	'Malena Vale',	'vasques.ricardo@uol.com.br',	'19107431085'),
(823,	'Sr. Camilo Marin Vila Jr.',	'franco.godoi@oliveira.com',	'32454837416'),
(824,	'Sra. Luana Norma Assunção',	'fbonilha@rivera.com.br',	'75426698800'),
(825,	'Giovana Pontes Saraiva Sobrinho',	'deaguiar.renata@aragao.org',	'57540701504'),
(826,	'Srta. Isabel Amanda Pereira Sobrinho',	'aragao.simao@yahoo.com',	'76474122389'),
(827,	'Mário Salazar',	'abril29@correia.com',	'54669367917'),
(828,	'Francisco Lucas Azevedo',	'christian.rosa@galhardo.org',	'92721146565'),
(829,	'Dr. Fátima Ferminiano Maldonado',	'ashley40@gmail.com',	'18209610379'),
(830,	'Dr. Samuel Paes Lutero Neto',	'melissa.barros@yahoo.com',	'51596650285'),
(831,	'João Brito',	'clara.domingues@dasilva.net.br',	'41235268541'),
(832,	'Samuel Ivan Azevedo Filho',	'agustina17@hotmail.com',	'79010382616'),
(833,	'Hernani Godói',	'christopher.aguiar@r7.com',	'18444818351'),
(834,	'Dr. Agustina Isabella Cordeiro Sobrinho',	'benites.everton@oliveira.org',	'61362439969'),
(835,	'Miguel da Silva das Neves',	'camilo35@delvalle.org',	'90674723330'),
(836,	'Thales Vicente Urias',	'luna04@terra.com.br',	'18711627328'),
(837,	'Manuela Dominato da Silva Jr.',	'hortencia53@dasdores.com',	'52145565547'),
(838,	'Dr. Demian Sebastião Teles',	'sabrina.benites@aranda.br',	'12634360748'),
(839,	'Natália Rodrigues Fidalgo Filho',	'tamoio.emilio@hotmail.com',	'75881320351'),
(840,	'Andres Bezerra Sobrinho',	'erivera@hotmail.com',	'96423410024'),
(841,	'Dr. Fábio Pablo Valentin Sobrinho',	'antonio.domingues@r7.com',	'93173406352'),
(842,	'Jácomo Emiliano de Aguiar Neto',	'ugusmao@santiago.com',	'85606252891'),
(843,	'Sra. Pâmela Miranda Vale Jr.',	'camila.camacho@uol.com.br',	'46277336680'),
(844,	'Daniel Mendes Paes',	'medina.manuel@pacheco.com.br',	'64115650381'),
(845,	'Júlia Julieta Assunção',	'lozano.horacio@hotmail.com',	'53134607854'),
(846,	'Sr. Antônio Beltrão Neto',	'carmona.felipe@aguiar.net.br',	'55241223013'),
(847,	'Dr. Fátima Verdugo',	'nlozano@faria.com',	'64830816547'),
(848,	'Rebeca Serra Sobrinho',	'verdugo.nicole@pereira.com.br',	'64643649272'),
(849,	'Sr. Tomás Jorge Meireles',	'camacho.gustavo@yahoo.com',	'36647144962'),
(850,	'Dr. Ornela Rodrigues Garcia',	'antonieta32@gmail.com',	'57542637959'),
(851,	'Madalena Luana Grego Neto',	'ferminiano.nadia@ortiz.org',	'13735190134'),
(852,	'Fátima Luzia Aragão Jr.',	'zdelgado@ig.com.br',	'38771527566'),
(853,	'Sra. Fátima Furtado',	'ezamana@balestero.br',	'66050653760'),
(854,	'Sra. Carolina Grego Jr.',	'abril83@hotmail.com',	'85476954360'),
(855,	'Sr. Teobaldo Rafael Quintana',	'mario11@yahoo.com',	'97996334586'),
(856,	'Rebeca da Silva Salazar',	'rocha.pamela@valencia.net.br',	'69259322964'),
(857,	'Dr. Maitê Barros',	'sgil@rangel.org',	'45665181729'),
(858,	'Srta. Tábata Valdez',	'jacomo.barros@terra.com.br',	'50637220871'),
(859,	'Sra. Mariana Valdez Neto',	'nleal@gusmao.net.br',	'73357876209'),
(860,	'Sofia Tessália Ferreira Filho',	'vitoria18@ig.com.br',	'96660767975'),
(861,	'Andres Balestero Garcia',	'gabriela.matias@terra.com.br',	'82275889980'),
(862,	'Tábata Feliciano Verdugo Sobrinho',	'xramos@r7.com',	'77704773935'),
(863,	'Inácio Dante Corona',	'rbenites@corona.com',	'11863087938'),
(864,	'Kevin Christopher Godói',	'isabella99@hotmail.com',	'26153039184'),
(865,	'Helena Marinho de Aguiar Sobrinho',	'catarina.dacruz@r7.com',	'10241422551'),
(866,	'Benjamin Leandro Gomes',	'lucas52@terra.com.br',	'75526676433'),
(867,	'Pablo Santana Rico Sobrinho',	'sergio98@zambrano.com',	'70673312070'),
(868,	'Dr. Vicente Valdez Aranda',	'dquintana@yahoo.com',	'73169512696'),
(869,	'Evandro Soares Sobrinho',	'barreto.pablo@dias.br',	'75019543567'),
(870,	'Sr. Francisco Sandoval Cortês',	'luana.gil@uol.com.br',	'35573917843'),
(871,	'Dr. Elizabeth Mariana Solano',	'tais30@cordeiro.net',	'53277383216'),
(872,	'Mel Roque',	'pedro.cortes@perez.com.br',	'66183617859'),
(873,	'Vicente Torres',	'cristovao71@assuncao.org',	'83357244107'),
(874,	'Sra. Paula Tessália Zamana',	'sergio73@yahoo.com',	'69572094328'),
(875,	'Dr. Noel Corona Duarte',	'fonseca.juliana@franco.net.br',	'12123429090'),
(876,	'Daniela Constância Queirós Neto',	'mvale@ramos.com.br',	'93259259429'),
(877,	'Camila Leon',	'saraiva.santiago@meireles.org',	'67548707145'),
(878,	'Sra. Ketlin Perez Leon Sobrinho',	'thiago.salas@lozano.net.br',	'55723823780'),
(879,	'Paula Torres Aguiar Jr.',	'fabio.marques@ig.com.br',	'68662090603'),
(880,	'Dr. Horácio Santacruz',	'lvalentin@terra.com.br',	'86091138304'),
(881,	'Joana Esteves Aragão',	'padilha.tabata@r7.com',	'91058466048'),
(882,	'Sra. Andrea Lutero Sobrinho',	'adriano.galindo@r7.com',	'49464406972'),
(883,	'Ivana Zambrano Torres Neto',	'thales25@yahoo.com',	'78231982160'),
(884,	'Isabel Uchoa',	'psantana@gmail.com',	'16264923277'),
(885,	'Sr. Natal Azevedo Tamoio Filho',	'duarte.david@santana.com.br',	'27258216397'),
(886,	'Dr. Leonardo Delvalle Lozano Jr.',	'alonso07@teles.com',	'74946618873'),
(887,	'Gian Velasques Jr.',	'xmaia@sepulveda.com',	'62303190822'),
(888,	'Salomé Irene Padrão',	'hugo.tamoio@velasques.com',	'89798000299'),
(889,	'Dr. Helena Isadora Pacheco Neto',	'ovalencia@gmail.com',	'63467064392'),
(890,	'Franco Rezende',	'ketlin12@delgado.com.br',	'37816070235'),
(891,	'Vitória Emília Meireles Jr.',	'estevao79@rangel.net.br',	'55398344812'),
(892,	'Sr. Jorge Salgado Marés',	'barreto.franco@carmona.com',	'64752682233'),
(893,	'Dr. Carla Ana Vasques',	'mel29@ig.com.br',	'22884198733'),
(894,	'Sr. Sebastião Martines',	'julia38@yahoo.com',	'93961341221'),
(895,	'Emília Serna Corona Sobrinho',	'estrada.ana@yahoo.com',	'47371253157'),
(896,	'Amanda Teles Neto',	'ornela74@terra.com.br',	'95918523234'),
(897,	'Sra. Paulina Alma das Neves Filho',	'nfidalgo@sepulveda.br',	'54055272822'),
(898,	'Sr. Alexandre Beltrão',	'emarin@ig.com.br',	'97837326564'),
(899,	'Srta. Juliana Michele Rodrigues',	'thalissa06@uol.com.br',	'94758628818'),
(900,	'Dr. Ashley Cordeiro Santiago',	'evandro.molina@beltrao.com.br',	'31595186865'),
(901,	'Dr. Antônio Quintana Tamoio',	'vgalindo@deoliveira.br',	'90254295584'),
(902,	'Hugo Ramos',	'ferminiano.fatima@yahoo.com',	'65459157036'),
(903,	'Dr. Alma Natália Sepúlveda',	'samuel.salazar@hotmail.com',	'71881494041'),
(904,	'Agostinho Alonso Colaço Sobrinho',	'feliciano.gian@hotmail.com',	'39494359437'),
(905,	'Sr. José Mendonça',	'adriano.goncalves@yahoo.com',	'47697980926'),
(906,	'Luciana Adriana Vieira',	'serna.tomas@dacruz.br',	'90325009073'),
(907,	'Kevin Leon',	'giovana79@yahoo.com',	'65570849437'),
(908,	'Srta. Violeta Mel Gil Neto',	'guerra.isaac@serra.com.br',	'94814875593'),
(909,	'Srta. Camila Marés Filho',	'ornela.quintana@fonseca.net.br',	'52531352448'),
(910,	'Sr. Cristóvão Queirós Jr.',	'lutero.mia@marques.net',	'13488111133'),
(911,	'Sophie Leon Jr.',	'hugo24@dominato.br',	'17799550677'),
(912,	'Dr. Daniel Jorge Delatorre Neto',	'isabella.davila@pontes.com',	'19849515397'),
(913,	'Sra. Ariana Antonieta Gusmão Jr.',	'assuncao.anderson@yahoo.com',	'28519613123'),
(914,	'Henrique Feliciano Medina',	'lucas.valdez@gmail.com',	'37125489964'),
(915,	'Sr. Thales Escobar Uchoa',	'torres.rafael@rangel.com.br',	'42121080107'),
(916,	'Srta. Adriana Colaço Gil',	'omadeira@romero.com',	'85332561669'),
(917,	'Dr. Joaquin Thales Medina',	'alan85@gmail.com',	'55466389749'),
(918,	'Hugo Christopher Ferreira',	'barros.dante@dias.com',	'97095310868'),
(919,	'Noelí Rivera Rios',	'giovana.faria@ig.com.br',	'99418250322'),
(920,	'Dr. Ariadna Sandoval',	'quintana.rafael@zamana.br',	'19716328477'),
(921,	'Francisco Domingues Burgos',	'carolina23@gmail.com',	'65182033861'),
(922,	'Felipe Francisco das Neves',	'nicole34@avila.com.br',	'72808715180'),
(923,	'Sr. Fábio Godói Jr.',	'nmadeira@bittencourt.com.br',	'88304942782'),
(924,	'Abril Ortega',	'vmarinho@ig.com.br',	'35480702294'),
(925,	'Martinho Leonardo Rocha Jr.',	'apereira@ig.com.br',	'96962049250'),
(926,	'Sra. Mia Paz Barros Jr.',	'cfaria@fonseca.com.br',	'95042400801'),
(927,	'Sra. Daniela Pereira Zamana Jr.',	'fatima.madeira@gmail.com',	'82189766380'),
(928,	'Ariadna Faro Sobrinho',	'dverdara@ig.com.br',	'12976968016'),
(929,	'Kevin Alexandre Branco Filho',	'luana.rangel@yahoo.com',	'19715253537'),
(930,	'Srta. Tábata Abreu',	'oabreu@leal.com.br',	'54920537386'),
(931,	'Sr. Leandro Pontes',	'rabreu@santiago.net.br',	'88520735502'),
(932,	'Rebeca de Souza Serra Filho',	'anderson.fernandes@r7.com',	'34657572150'),
(933,	'Luana Sandoval Filho',	'brito.carla@dasneves.net',	'56432477750'),
(934,	'Andres Pereira Cordeiro',	'hzambrano@dasneves.net.br',	'19727379881'),
(935,	'Tessália Tábata Delgado Neto',	'melissa.ortiz@uol.com.br',	'68616501345'),
(936,	'Mel Tábata Grego',	'kevin55@ig.com.br',	'76058659339'),
(937,	'Dante Ortega Neto',	'oqueiros@furtado.br',	'36966685843'),
(938,	'Sr. Maximiano Paz Sobrinho',	'vmontenegro@maia.com.br',	'37046434881'),
(939,	'Dr. Maximiano Serna Filho',	'carolina.matos@uol.com.br',	'40393949662'),
(940,	'Miranda Duarte Barreto Filho',	'serra.emiliano@dasneves.net.br',	'50944399071'),
(941,	'Eduardo Maximiano Caldeira',	'branco.henrique@galhardo.com.br',	'81332974461'),
(942,	'Sra. Hortência Montenegro Neto',	'fernando.gusmao@hotmail.com',	'20984861814'),
(943,	'Sara Andrea Vasques Sobrinho',	'lvale@aranda.com.br',	'67668865135'),
(944,	'Srta. Juliana Maldonado Salgado Jr.',	'darosa.pablo@gmail.com',	'58323028319'),
(945,	'Srta. Mel Olívia Ortiz Filho',	'rebeca82@gmail.com',	'74172023792'),
(946,	'Dr. Dante das Neves Velasques',	'tamoio.kevin@sales.org',	'87492086980'),
(947,	'Srta. Andrea Jimenes Galindo Filho',	'gomes.andres@uol.com.br',	'69621406496'),
(948,	'Josefina Benites Neto',	'regina.meireles@r7.com',	'95121689973'),
(949,	'Alexandre Matos Feliciano',	'cdominato@r7.com',	'42176484977'),
(950,	'Samanta Nádia Tamoio',	'fabiana67@solano.com',	'23583497467'),
(951,	'Dr. Violeta Gil Rosa',	'ferraz.ziraldo@torres.br',	'72412155285'),
(952,	'Manuel José Mascarenhas',	'lovato.jacomo@colaco.com',	'71029393211'),
(953,	'Sra. Mia Ferreira',	'manuela.campos@casanova.com.br',	'10423684932'),
(954,	'Sra. Tábata Estrada Neto',	'jimenes.helena@abreu.net',	'28013740238'),
(955,	'Dr. Isadora Pontes Jr.',	'santana.carlos@terra.com.br',	'27341441028'),
(956,	'Josefina Nádia Fernandes Neto',	'beltrao.leonardo@uol.com.br',	'49179573222'),
(957,	'Fátima Galvão Jr.',	'hugo.mares@uol.com.br',	'48405910751'),
(958,	'Dr. Emílio Pontes Delatorre Jr.',	'sebastiao.madeira@ramires.com.br',	'60252747003'),
(959,	'Dr. Valéria Allison Salgado',	'gian23@rios.org',	'71218724744'),
(960,	'Joaquin Prado Salgado Filho',	'tqueiros@montenegro.com',	'93425811590'),
(961,	'Eduardo Christopher Vega',	'fernando.tamoio@rodrigues.net',	'77007506332'),
(962,	'Regina Verdara Zamana Sobrinho',	'tais74@r7.com',	'48027257582'),
(963,	'Dr. Elias Chaves',	'abgail26@ig.com.br',	'24948392932'),
(964,	'Rebeca Giovana Cruz',	'matos.andrea@r7.com',	'28847958443'),
(965,	'Dr. Rafael Oliveira Neto',	'demian.beltrao@galindo.com',	'35397144821'),
(966,	'Rafaela Noelí Ávila Sobrinho',	'carolina67@bittencourt.org',	'84648685503'),
(967,	'Michele Gonçalves',	'lutero.hernani@uol.com.br',	'33579736378'),
(968,	'Dr. Salomé Rebeca Domingues Filho',	'paulina.carmona@uol.com.br',	'48147176367'),
(969,	'Sra. Suzana Camacho Leon Jr.',	'toledo.bianca@mendes.com',	'10062303279'),
(970,	'Emílio Brito Serra',	'olivia00@davila.com.br',	'89398276744'),
(971,	'Dr. Dante Miguel Teles',	'vieira.hernani@gmail.com',	'35035725024'),
(972,	'Sra. Gabriela Faro Paz',	'ferminiano.nadia@padilha.net',	'24345839940'),
(973,	'Dr. Santiago Santacruz Filho',	'garcia.ian@hotmail.com',	'79239519140'),
(974,	'Sra. Melissa Rivera',	'bianca.beltrao@yahoo.com',	'10619844644'),
(975,	'Dr. Natal Paulo Carmona',	'opedrosa@r7.com',	'45926817092'),
(976,	'Sr. Rodrigo Martines Jr.',	'elutero@ig.com.br',	'58963649834'),
(977,	'Dr. Thiago Tomás Benites',	'benjamin70@ig.com.br',	'67594501254'),
(978,	'Adriana Quintana',	'lserna@santiago.com.br',	'38815131884'),
(979,	'Sr. Anderson Josué Marques Filho',	'ufeliciano@gmail.com',	'54622927037'),
(980,	'Dr. Ivana Agustina Padilha',	'cgrego@gomes.org',	'16498005041'),
(981,	'Dr. José Vega Espinoza Sobrinho',	'ferreira.abril@yahoo.com',	'13532158088'),
(982,	'Srta. Abril Cordeiro',	'dominato.anderson@gmail.com',	'16291366021'),
(983,	'Sra. Amélia Suzana Fidalgo Sobrinho',	'josue34@yahoo.com',	'78735108305'),
(984,	'Ivan Romero',	'meireles.agustina@uol.com.br',	'20299829462'),
(985,	'Dr. Renata Pacheco',	'sestrada@padilha.br',	'14233007457'),
(986,	'Madalena Velasques',	'molina.silvana@carrara.net.br',	'31249671562'),
(987,	'Dr. Sophie Fonseca Neto',	'obeltrao@gmail.com',	'40964956364'),
(988,	'Dr. Miranda Montenegro Galhardo Neto',	'agostinho57@guerra.com',	'78240342615'),
(989,	'Sra. Luna Lovato Filho',	'hrivera@yahoo.com',	'73728645138'),
(990,	'Luana Barreto Filho',	'jorge31@rangel.net.br',	'72965704901'),
(991,	'Sra. Antonieta Brito de Souza Filho',	'rebeca20@uol.com.br',	'48359282579'),
(992,	'Sr. Christian Meireles Burgos',	'cvieira@godoi.com.br',	'74459658733'),
(993,	'Salomé Escobar Neto',	'ffranco@rezende.br',	'36059600993'),
(994,	'Dr. Paulo Camilo Ávila',	'leandro.santana@uol.com.br',	'49602361990'),
(995,	'Vitória Mariana Espinoza',	'bcolaco@corona.org',	'56751313638'),
(996,	'Sr. Aaron Guerra Neto',	'uurias@oliveira.com',	'52127945661'),
(997,	'Fábio Duarte',	'opaes@colaco.com',	'47567374297'),
(998,	'Srta. Malena Sales',	'valencia.ziraldo@yahoo.com',	'32914733939'),
(999,	'Sr. Máximo Santana Perez',	'urias.christian@yahoo.com',	'41739464167'),
(1000,	'Antonieta Ramos Neto',	'carolina32@ferminiano.br',	'16426903674');

DROP TABLE IF EXISTS `pedidos`;
CREATE TABLE `pedidos` (
  `id` int(11) NOT NULL AUTO_INCREMENT,
  `data` date NOT NULL,
  `data_confirmacao` date NOT NULL,
  `cliente_id` int(11) NOT NULL,
  `funcionario_id` int(11) NOT NULL,
  PRIMARY KEY (`id`),
  KEY `fk-cliente` (`cliente_id`),
  KEY `fk-funcionario` (`funcionario_id`),
  CONSTRAINT `fk-cliente` FOREIGN KEY (`cliente_id`) REFERENCES `clientes` (`id`) ON DELETE CASCADE ON UPDATE CASCADE,
  CONSTRAINT `fk-funcionario` FOREIGN KEY (`funcionario_id`) REFERENCES `funcionarios` (`id`) ON DELETE CASCADE ON UPDATE CASCADE
) ENGINE=InnoDB DEFAULT CHARSET=utf8mb4 COLLATE=utf8mb4_unicode_ci;

INSERT INTO `pedidos` (`id`, `data`, `data_confirmacao`, `cliente_id`, `funcionario_id`) VALUES
(1,	'2008-05-19',	'1971-09-10',	20,	83),
(2,	'1987-12-26',	'1995-06-17',	507,	790),
(3,	'1995-03-05',	'2021-01-06',	772,	532),
(4,	'1978-03-09',	'2013-11-16',	814,	24),
(5,	'2020-04-21',	'2013-12-14',	478,	229),
(6,	'2006-05-24',	'1972-11-08',	369,	149),
(7,	'1995-11-27',	'1975-01-26',	905,	55),
(8,	'2004-01-02',	'1994-03-30',	531,	644),
(9,	'1990-11-06',	'2003-11-28',	444,	515),
(10,	'1980-03-14',	'1972-07-26',	745,	785),
(11,	'2012-05-20',	'2011-07-22',	273,	882),
(12,	'2007-09-21',	'1980-12-13',	608,	891),
(13,	'1989-10-08',	'1971-05-16',	894,	879),
(14,	'2019-06-15',	'2002-12-25',	98,	757),
(15,	'2005-08-14',	'2017-10-04',	8,	200),
(16,	'2007-05-27',	'1995-01-29',	900,	686),
(17,	'1989-05-16',	'2020-02-02',	559,	496),
(18,	'1992-03-02',	'1986-08-03',	556,	669),
(19,	'2018-09-01',	'2018-01-05',	989,	993),
(20,	'2014-07-22',	'1970-04-21',	841,	88),
(21,	'1980-11-01',	'2017-02-07',	205,	358),
(22,	'1989-04-18',	'1995-03-20',	400,	180),
(23,	'2020-08-27',	'2003-09-15',	741,	464),
(24,	'1984-02-14',	'1975-04-28',	541,	686),
(25,	'2010-07-30',	'2010-01-08',	964,	693),
(26,	'1990-02-03',	'2009-06-05',	289,	541),
(27,	'1987-05-06',	'2011-02-26',	907,	890),
(28,	'2003-04-04',	'1980-01-21',	145,	436),
(29,	'2011-10-19',	'1998-07-29',	518,	608),
(30,	'1984-10-16',	'1996-05-13',	492,	61),
(31,	'1995-01-24',	'1997-12-24',	858,	375),
(32,	'1994-07-15',	'2015-03-19',	530,	475),
(33,	'1986-05-01',	'1982-09-24',	617,	136),
(34,	'1981-06-09',	'2017-01-14',	571,	833),
(35,	'2008-03-27',	'1974-11-16',	45,	119),
(36,	'2009-12-03',	'2006-01-28',	468,	561),
(37,	'2016-07-28',	'1990-01-09',	813,	536),
(38,	'1997-07-27',	'1998-11-06',	241,	209),
(39,	'1996-06-05',	'1983-06-17',	890,	268),
(40,	'1995-07-03',	'1993-08-18',	361,	633),
(41,	'2008-09-25',	'1998-09-13',	100,	776),
(42,	'2018-10-06',	'2003-02-23',	393,	435),
(43,	'1975-03-15',	'2013-08-24',	67,	490),
(44,	'2014-06-04',	'2003-01-06',	826,	914),
(45,	'2018-08-14',	'1983-11-19',	819,	259),
(46,	'2005-03-07',	'1992-08-19',	395,	532),
(47,	'2016-12-13',	'2018-08-13',	185,	548),
(48,	'2015-09-12',	'1972-05-28',	394,	858),
(49,	'1995-11-05',	'1986-07-16',	752,	182),
(50,	'1998-01-09',	'1997-02-04',	370,	160),
(51,	'2020-04-22',	'1978-06-11',	220,	495),
(52,	'2014-09-07',	'2014-11-14',	215,	122),
(53,	'1970-03-26',	'1983-03-16',	566,	933),
(54,	'2008-08-24',	'1983-04-16',	488,	759),
(55,	'1971-11-22',	'2011-06-11',	762,	608),
(56,	'1975-01-13',	'2017-12-09',	813,	419),
(57,	'2003-12-24',	'2014-03-02',	57,	128),
(58,	'1983-03-16',	'1981-03-30',	973,	890),
(59,	'1989-06-06',	'1996-08-26',	289,	332),
(60,	'1979-10-29',	'2001-05-14',	206,	413),
(61,	'2020-11-16',	'1983-03-15',	388,	39),
(62,	'1981-03-07',	'1970-12-22',	693,	726),
(63,	'2008-11-18',	'2004-10-09',	352,	419),
(64,	'2013-07-27',	'2001-08-03',	78,	779),
(65,	'2019-08-15',	'2017-07-06',	524,	423),
(66,	'2003-06-05',	'1997-05-21',	991,	124),
(67,	'2004-11-18',	'1985-01-06',	718,	946),
(68,	'1975-01-10',	'1975-08-05',	535,	413),
(69,	'2012-03-09',	'2008-05-30',	512,	199),
(70,	'1975-02-28',	'2011-08-21',	650,	315),
(71,	'1990-11-04',	'2006-08-08',	112,	765),
(72,	'1979-09-29',	'1980-06-09',	768,	502),
(73,	'1990-03-04',	'1995-07-13',	120,	40),
(74,	'1979-08-08',	'1975-02-13',	905,	675),
(75,	'1970-03-02',	'1997-08-30',	424,	709),
(76,	'2011-05-25',	'1976-01-20',	632,	309),
(77,	'1974-08-19',	'2008-09-26',	383,	297),
(78,	'2018-10-04',	'1984-05-02',	677,	525),
(79,	'2007-12-29',	'2011-06-19',	443,	738),
(80,	'1993-04-24',	'1979-01-27',	864,	717),
(81,	'2014-01-04',	'2009-06-13',	427,	50),
(82,	'2020-10-30',	'1972-06-27',	1,	686),
(83,	'1999-04-01',	'2021-01-19',	313,	798),
(84,	'1983-02-26',	'1977-10-29',	441,	829),
(85,	'2013-09-05',	'1984-12-19',	93,	34),
(86,	'1973-10-10',	'1994-05-02',	198,	818),
(87,	'2005-08-22',	'1983-02-17',	381,	152),
(88,	'2019-08-14',	'1998-03-03',	102,	529),
(89,	'2015-10-29',	'1990-12-19',	810,	443),
(90,	'2001-01-09',	'1982-05-21',	376,	699),
(91,	'1978-05-13',	'1995-03-17',	873,	173),
(92,	'2010-10-27',	'1975-08-15',	525,	27),
(93,	'2019-08-16',	'2009-06-18',	602,	42),
(94,	'1978-02-02',	'2008-07-29',	166,	581),
(95,	'2019-02-01',	'1991-12-16',	291,	673),
(96,	'2015-03-21',	'2002-07-25',	926,	999),
(97,	'1992-01-06',	'2002-08-28',	172,	552),
(98,	'2005-05-07',	'1983-01-19',	817,	790),
(99,	'1980-11-04',	'1986-12-30',	699,	230),
(100,	'1999-12-15',	'1975-01-18',	243,	898),
(101,	'1989-08-27',	'1978-10-04',	167,	455),
(102,	'1981-07-18',	'1989-03-17',	128,	291),
(103,	'1979-07-19',	'2004-06-05',	791,	749),
(104,	'1999-08-27',	'2017-11-10',	115,	228),
(105,	'2018-05-13',	'1979-08-27',	60,	592),
(106,	'1988-01-18',	'2005-10-01',	872,	717),
(107,	'2021-03-17',	'2012-12-09',	393,	260),
(108,	'1978-05-12',	'1978-04-25',	802,	159),
(109,	'1975-08-02',	'1981-03-05',	908,	608),
(110,	'1987-11-12',	'2012-03-24',	232,	371),
(111,	'2001-01-05',	'1971-04-09',	604,	991),
(112,	'1993-04-18',	'2011-08-11',	249,	91),
(113,	'1985-02-16',	'1980-06-19',	286,	938),
(114,	'2003-11-07',	'1981-04-20',	979,	499),
(115,	'2013-09-02',	'2003-02-05',	457,	762),
(116,	'1986-01-04',	'1983-03-26',	891,	102),
(117,	'1992-07-12',	'1999-10-29',	244,	111),
(118,	'1997-04-02',	'2009-03-09',	84,	508),
(119,	'1977-06-16',	'2019-05-27',	407,	604),
(120,	'2014-05-20',	'2002-11-05',	905,	909),
(121,	'2019-04-29',	'2004-04-09',	14,	492),
(122,	'2002-06-15',	'1993-01-19',	597,	463),
(123,	'2007-06-30',	'1980-11-12',	665,	392),
(124,	'1979-09-25',	'1998-02-05',	645,	351),
(125,	'1974-04-30',	'1992-05-09',	19,	350),
(126,	'2015-01-07',	'1974-07-28',	179,	750),
(127,	'1984-12-27',	'1992-11-06',	467,	937),
(128,	'2019-12-09',	'2006-08-26',	351,	825),
(129,	'1992-09-23',	'1994-06-04',	548,	627),
(130,	'2007-01-26',	'1970-08-08',	986,	116),
(131,	'2003-04-08',	'2005-08-03',	244,	485),
(132,	'1970-01-06',	'1982-11-07',	401,	682),
(133,	'2010-12-06',	'2014-11-16',	413,	387),
(134,	'2002-07-31',	'2003-06-20',	34,	559),
(135,	'1978-05-30',	'1976-10-05',	671,	77),
(136,	'1974-08-07',	'1989-11-04',	78,	809),
(137,	'2000-05-26',	'2001-10-20',	848,	397),
(138,	'1983-05-17',	'1997-09-26',	896,	876),
(139,	'1989-12-05',	'1991-03-27',	909,	130),
(140,	'2012-01-10',	'1985-07-01',	908,	330),
(141,	'2016-07-20',	'2001-08-12',	576,	751),
(142,	'1971-12-07',	'2005-04-05',	768,	600),
(143,	'1991-07-12',	'2005-04-03',	107,	608),
(144,	'2012-02-03',	'1996-02-20',	522,	745),
(145,	'1989-03-12',	'1972-11-06',	404,	156),
(146,	'2013-10-05',	'1973-08-02',	443,	404),
(147,	'1997-09-03',	'1991-09-01',	855,	86),
(148,	'2013-02-17',	'1983-11-01',	276,	976),
(149,	'2014-11-22',	'1984-04-02',	979,	779),
(150,	'1992-03-20',	'1979-10-22',	76,	39),
(151,	'1990-04-10',	'2018-08-14',	54,	708),
(152,	'1998-12-22',	'1992-02-13',	213,	572),
(153,	'2008-02-20',	'2020-08-16',	436,	368),
(154,	'2013-03-04',	'1979-09-19',	614,	844),
(155,	'2018-03-23',	'1993-07-09',	812,	632),
(156,	'1988-09-27',	'2006-08-28',	585,	359),
(157,	'2016-10-24',	'2017-05-25',	782,	809),
(158,	'2013-03-03',	'2001-03-06',	481,	86),
(159,	'1987-06-01',	'2012-08-21',	531,	780),
(160,	'1981-10-15',	'1971-08-29',	513,	835),
(161,	'1975-06-26',	'2012-04-26',	139,	181),
(162,	'1982-09-23',	'1970-06-22',	963,	455),
(163,	'2017-01-07',	'2019-02-04',	61,	739),
(164,	'1985-12-05',	'1976-07-20',	583,	354),
(165,	'2006-05-23',	'1990-12-20',	595,	213),
(167,	'1981-01-22',	'1988-10-28',	394,	172),
(168,	'1970-05-04',	'1988-11-11',	612,	115),
(169,	'2010-05-03',	'1970-10-06',	784,	623),
(170,	'1990-09-17',	'2017-01-31',	560,	512),
(171,	'1999-06-02',	'1979-09-12',	351,	909),
(172,	'2000-12-08',	'1984-09-08',	670,	892),
(173,	'1984-04-08',	'1979-04-13',	510,	650),
(174,	'2017-06-30',	'1998-11-02',	927,	363),
(175,	'2001-01-31',	'1987-04-21',	499,	443),
(176,	'1988-03-29',	'1993-11-14',	435,	667),
(177,	'1971-03-29',	'2015-09-22',	704,	114),
(178,	'1989-09-18',	'1971-03-25',	195,	562),
(179,	'2009-05-21',	'2002-03-20',	272,	727),
(180,	'1979-07-18',	'1989-03-20',	227,	111),
(181,	'1980-05-13',	'1986-09-08',	566,	510),
(182,	'1986-01-02',	'1978-08-18',	515,	574),
(183,	'1999-09-02',	'1995-04-22',	201,	202),
(184,	'2020-10-28',	'2013-10-28',	852,	967),
(185,	'2001-11-07',	'1981-05-03',	248,	824),
(186,	'2019-09-27',	'1979-09-28',	586,	9),
(187,	'1976-04-05',	'2005-04-14',	449,	854),
(188,	'1993-08-12',	'1991-11-11',	889,	52),
(189,	'1986-12-18',	'1986-06-25',	547,	769),
(190,	'2017-01-15',	'1991-09-21',	745,	367),
(191,	'1993-08-20',	'1974-11-25',	654,	448),
(192,	'2006-09-24',	'1979-07-23',	649,	192),
(193,	'2006-06-26',	'2001-07-16',	164,	42),
(195,	'1973-07-27',	'1977-10-19',	409,	568),
(196,	'1975-06-21',	'1982-11-17',	732,	856),
(197,	'1999-10-22',	'1989-04-27',	115,	728),
(198,	'1975-01-23',	'1974-02-25',	169,	529),
(199,	'1993-07-14',	'1972-01-09',	735,	529),
(200,	'1999-01-01',	'2019-03-28',	571,	411),
(201,	'2018-11-13',	'1971-09-05',	368,	505),
(202,	'1977-07-22',	'2003-11-13',	277,	441),
(203,	'2011-04-28',	'2012-04-06',	137,	338),
(204,	'1975-08-12',	'1997-12-30',	815,	50),
(205,	'1977-03-10',	'1992-12-29',	853,	542),
(206,	'2013-05-26',	'1971-11-03',	287,	208),
(207,	'1989-05-20',	'1986-08-25',	457,	917),
(209,	'1984-12-31',	'2000-12-17',	947,	806),
(210,	'1999-02-21',	'1988-08-02',	165,	988),
(211,	'2013-05-19',	'1989-01-11',	612,	967),
(212,	'1970-04-17',	'1984-07-20',	895,	621),
(213,	'2003-08-23',	'2015-12-08',	299,	234),
(214,	'2017-08-25',	'1970-01-23',	177,	562),
(215,	'1976-07-03',	'1999-10-21',	247,	520),
(216,	'2007-02-17',	'1995-04-22',	500,	433),
(217,	'2004-04-01',	'1984-06-30',	387,	874),
(218,	'1977-09-08',	'1983-07-16',	54,	765),
(219,	'2017-07-26',	'1986-08-11',	561,	483),
(220,	'1980-06-09',	'1977-09-26',	637,	878),
(221,	'1988-05-10',	'1977-08-30',	118,	258),
(222,	'2019-01-03',	'2002-10-04',	153,	715),
(223,	'1972-06-02',	'1985-03-10',	424,	220),
(224,	'1990-01-25',	'2011-08-24',	339,	836),
(225,	'1976-11-09',	'1979-05-17',	150,	491),
(226,	'2014-05-27',	'2002-03-27',	65,	38),
(227,	'2007-03-23',	'2019-09-03',	987,	288),
(228,	'2005-07-29',	'2017-07-28',	935,	915),
(229,	'1983-04-26',	'1977-04-18',	665,	977),
(230,	'1989-12-02',	'1987-06-04',	387,	669),
(231,	'2008-04-20',	'2021-03-07',	834,	787),
(232,	'1972-10-03',	'1975-04-25',	502,	972),
(233,	'1996-12-11',	'2021-01-13',	149,	105),
(234,	'2002-07-17',	'2000-08-05',	351,	863),
(235,	'2018-01-21',	'1986-10-17',	221,	379),
(236,	'2012-02-08',	'1987-02-16',	271,	898),
(237,	'1978-03-05',	'1986-08-25',	102,	501),
(238,	'2015-11-15',	'1977-12-26',	936,	400),
(239,	'2004-11-10',	'1983-12-03',	440,	240),
(240,	'1979-06-26',	'1973-02-15',	952,	262),
(241,	'2019-02-13',	'2012-09-06',	592,	342),
(242,	'1997-12-30',	'1986-02-24',	288,	517),
(243,	'1987-06-28',	'1976-05-03',	549,	572),
(244,	'2007-08-01',	'2011-06-20',	782,	529),
(245,	'1980-07-31',	'1979-03-07',	576,	192),
(246,	'1986-11-16',	'1972-10-19',	128,	873),
(247,	'2004-10-29',	'1982-10-31',	822,	883),
(248,	'2004-10-19',	'1982-02-18',	853,	511),
(249,	'1977-07-13',	'2012-06-15',	863,	386),
(250,	'1983-11-06',	'2019-11-06',	322,	974),
(251,	'1983-02-14',	'1985-10-08',	691,	675),
(252,	'1979-01-12',	'2020-08-05',	837,	280),
(253,	'2011-03-25',	'1991-08-04',	869,	870),
(254,	'1996-05-12',	'2014-12-12',	611,	310),
(255,	'2000-04-13',	'1981-02-03',	222,	148),
(256,	'1970-07-15',	'2020-06-18',	101,	570),
(257,	'2000-04-29',	'1983-06-12',	62,	501),
(258,	'2002-02-21',	'1988-06-15',	543,	917),
(259,	'2012-01-04',	'1990-05-28',	533,	759),
(260,	'1980-05-15',	'1996-05-05',	740,	448),
(261,	'1986-01-25',	'2004-08-21',	406,	22),
(262,	'1997-03-25',	'2001-03-19',	103,	238),
(263,	'2003-02-09',	'2008-08-20',	980,	40),
(264,	'2020-02-02',	'1999-04-30',	583,	393),
(265,	'2007-05-07',	'2008-03-20',	627,	441),
(266,	'1992-05-15',	'2000-11-15',	965,	957),
(267,	'1996-02-21',	'1974-06-19',	812,	240),
(268,	'1991-08-25',	'2007-05-01',	896,	549),
(269,	'2015-12-17',	'1990-09-30',	262,	895),
(270,	'1992-05-10',	'1998-09-14',	995,	877),
(271,	'2011-10-31',	'2019-01-07',	761,	973),
(272,	'1997-03-18',	'1974-07-24',	200,	444),
(273,	'1991-08-26',	'2013-08-22',	4,	853),
(274,	'1983-03-25',	'2016-05-21',	396,	644),
(275,	'1987-01-27',	'2012-12-02',	425,	694),
(276,	'1996-03-10',	'1991-11-21',	26,	946),
(277,	'2011-08-17',	'1992-10-30',	635,	661),
(278,	'1979-03-16',	'2009-05-31',	664,	106),
(279,	'1989-01-30',	'2002-07-10',	21,	428),
(280,	'1984-01-31',	'1995-02-14',	576,	316),
(281,	'2010-07-28',	'1977-09-19',	701,	863),
(282,	'2003-08-15',	'2004-08-23',	86,	549),
(283,	'1978-06-10',	'2002-08-31',	179,	175),
(284,	'2005-10-15',	'1976-06-01',	94,	642),
(285,	'2019-10-21',	'2017-05-10',	759,	421),
(286,	'2001-02-10',	'1991-12-11',	986,	775),
(287,	'2014-09-09',	'2014-11-18',	204,	789),
(288,	'2004-09-16',	'1980-02-29',	208,	688),
(289,	'1973-07-19',	'1980-08-14',	969,	995),
(290,	'1983-05-18',	'2015-09-10',	424,	707),
(291,	'1989-06-20',	'1971-12-10',	533,	638),
(292,	'1981-06-06',	'2003-09-27',	927,	478),
(293,	'2011-04-26',	'1991-07-19',	514,	683),
(294,	'1977-03-22',	'1997-04-12',	154,	882),
(295,	'2007-10-04',	'1987-05-03',	327,	681),
(296,	'1980-09-15',	'2020-07-13',	717,	87),
(297,	'1995-06-12',	'2003-09-13',	43,	388),
(298,	'2009-11-08',	'2006-04-30',	328,	246),
(299,	'1988-07-29',	'1974-09-22',	624,	748),
(300,	'1992-01-23',	'2018-02-27',	144,	802),
(301,	'2020-05-19',	'1998-09-06',	325,	314),
(302,	'2019-02-28',	'1989-03-17',	468,	370),
(303,	'2005-02-14',	'2009-05-31',	875,	811),
(304,	'1987-04-07',	'2012-09-15',	428,	623),
(305,	'1972-11-04',	'1998-02-07',	773,	915),
(306,	'1981-01-17',	'2000-11-20',	123,	167),
(307,	'2005-01-12',	'1979-09-13',	910,	319),
(308,	'1987-08-31',	'1978-03-05',	616,	183),
(309,	'1975-06-16',	'2010-04-12',	780,	218),
(311,	'2001-05-20',	'1992-08-29',	866,	839),
(312,	'1996-12-09',	'1998-10-14',	398,	115),
(313,	'2018-11-30',	'1999-07-16',	42,	675),
(314,	'2019-01-20',	'1998-05-01',	40,	553),
(315,	'2000-11-02',	'1979-07-09',	667,	640),
(316,	'2000-09-30',	'2015-07-06',	879,	398),
(317,	'2016-07-21',	'1970-06-08',	3,	296),
(318,	'1988-08-26',	'2012-12-23',	572,	109),
(319,	'1971-05-18',	'1980-11-16',	574,	865),
(320,	'1979-06-29',	'1985-01-27',	623,	837),
(321,	'1986-03-22',	'2000-03-26',	81,	818),
(322,	'2019-12-05',	'2006-01-12',	379,	207),
(323,	'1981-07-27',	'1973-08-13',	568,	553),
(324,	'1982-05-31',	'1989-11-16',	251,	797),
(325,	'1980-02-17',	'1991-11-11',	111,	625),
(326,	'1983-03-17',	'2008-12-08',	981,	449),
(327,	'1993-08-31',	'1973-04-27',	16,	69),
(328,	'1994-11-11',	'1984-04-15',	859,	195),
(329,	'1974-02-06',	'1975-12-17',	364,	103),
(330,	'1992-03-13',	'1986-06-21',	872,	503),
(331,	'1981-12-17',	'1977-10-21',	825,	69),
(332,	'1988-06-23',	'2002-09-11',	591,	690),
(334,	'1984-01-22',	'1994-09-12',	572,	585),
(335,	'1978-05-26',	'1989-05-06',	205,	807),
(336,	'1972-02-05',	'1993-06-27',	703,	338),
(337,	'1973-05-20',	'2008-08-18',	147,	797),
(338,	'2013-12-03',	'1979-10-30',	18,	887),
(339,	'1975-08-03',	'2007-12-26',	488,	489),
(340,	'1990-10-05',	'2003-11-18',	876,	430),
(341,	'1999-06-27',	'2006-10-19',	134,	708),
(342,	'1986-09-14',	'2015-05-26',	431,	587),
(343,	'2017-03-25',	'2016-07-12',	229,	480),
(344,	'1979-03-24',	'1995-03-04',	995,	427),
(345,	'2018-08-20',	'2015-01-05',	374,	834),
(346,	'2015-07-24',	'1993-10-18',	965,	91),
(347,	'1989-11-18',	'1982-02-28',	685,	12),
(348,	'1990-12-23',	'2019-08-19',	669,	214),
(349,	'2005-09-20',	'2015-06-30',	143,	44),
(350,	'1998-10-08',	'2017-01-15',	332,	847),
(351,	'2007-01-27',	'2017-11-20',	827,	138),
(352,	'2019-11-03',	'1999-04-04',	715,	933),
(353,	'1986-09-30',	'2006-01-09',	603,	598),
(354,	'1995-04-20',	'1982-10-18',	529,	307),
(355,	'1990-04-17',	'2007-04-18',	861,	757),
(356,	'1988-03-09',	'1997-02-28',	177,	805),
(357,	'1978-01-23',	'1999-06-30',	473,	706),
(358,	'1985-12-20',	'2003-12-26',	729,	781),
(359,	'2004-04-03',	'2019-09-12',	503,	200),
(360,	'2006-03-10',	'2008-06-03',	183,	805),
(361,	'1991-05-31',	'1995-11-23',	628,	836),
(362,	'1986-09-18',	'1997-11-12',	566,	155),
(363,	'2004-12-26',	'1983-03-20',	1,	906),
(364,	'1997-01-16',	'2009-04-27',	712,	678),
(365,	'1995-07-30',	'2014-06-19',	933,	302),
(366,	'1984-07-24',	'2015-12-15',	771,	613),
(367,	'1973-08-06',	'2006-07-28',	164,	113),
(368,	'2016-03-19',	'1975-05-12',	110,	675),
(369,	'2000-10-26',	'1998-02-16',	767,	795),
(370,	'2016-05-13',	'1986-10-13',	949,	539),
(371,	'2004-12-10',	'2016-08-31',	889,	937),
(372,	'1974-11-03',	'1986-12-28',	368,	303),
(373,	'1997-04-11',	'1994-01-28',	292,	368),
(374,	'1982-09-13',	'2003-11-23',	948,	423),
(375,	'2013-08-14',	'1972-01-27',	334,	936),
(376,	'2013-12-17',	'1974-01-07',	707,	951),
(377,	'2020-03-03',	'2009-07-03',	684,	942),
(378,	'1983-06-12',	'2004-01-26',	77,	663),
(379,	'2009-12-09',	'1973-01-17',	693,	54),
(380,	'1997-04-06',	'1981-05-15',	572,	92),
(381,	'1978-09-12',	'1977-10-23',	671,	596),
(382,	'1982-10-31',	'2009-08-12',	574,	299),
(383,	'2019-08-09',	'1997-05-17',	504,	145),
(384,	'1978-12-31',	'1996-12-08',	872,	974),
(385,	'2012-03-06',	'2001-01-19',	242,	211),
(386,	'1980-07-01',	'2016-11-14',	858,	93),
(387,	'1982-07-27',	'1994-09-19',	982,	874),
(388,	'2014-03-15',	'1993-09-10',	264,	388),
(389,	'2017-10-12',	'1978-12-28',	772,	56),
(390,	'1998-05-13',	'1987-03-21',	764,	283),
(391,	'2019-11-28',	'1975-11-07',	831,	647),
(392,	'2000-01-29',	'1998-07-18',	866,	523),
(393,	'2006-07-04',	'2010-05-05',	522,	157),
(394,	'1973-10-23',	'1978-11-13',	375,	719),
(395,	'2000-03-27',	'2003-02-04',	222,	971),
(396,	'1970-03-06',	'2001-05-18',	169,	842),
(397,	'1975-02-27',	'2019-09-17',	814,	127),
(398,	'1977-09-15',	'1986-03-17',	545,	692),
(399,	'2017-02-20',	'1983-05-25',	31,	447),
(400,	'1995-12-07',	'1983-03-30',	835,	486),
(401,	'1973-04-08',	'2008-03-20',	291,	196),
(402,	'2001-05-11',	'1999-11-13',	285,	534),
(403,	'1986-11-02',	'1992-04-09',	91,	983),
(404,	'2016-04-23',	'1994-02-12',	609,	448),
(405,	'2006-08-29',	'2007-11-11',	585,	628),
(406,	'2016-02-14',	'2016-03-09',	526,	388),
(407,	'2000-02-15',	'2013-02-21',	86,	827),
(408,	'1988-09-23',	'1995-12-23',	731,	716),
(409,	'2007-01-31',	'2017-01-11',	766,	524),
(410,	'2013-12-23',	'1971-09-10',	225,	677),
(411,	'1983-09-28',	'1989-11-01',	582,	116),
(412,	'1990-07-13',	'1980-07-12',	382,	177),
(413,	'1972-07-14',	'2006-06-03',	188,	911),
(414,	'1986-11-30',	'2021-01-09',	204,	156),
(415,	'2013-12-01',	'2017-04-08',	195,	967),
(416,	'2015-05-11',	'1981-04-11',	788,	507),
(417,	'2011-08-18',	'2004-11-06',	201,	376),
(418,	'2020-04-02',	'2005-02-10',	168,	694),
(419,	'1971-08-07',	'1980-02-03',	775,	165),
(420,	'1989-06-04',	'1976-01-30',	544,	164),
(421,	'1971-08-30',	'2010-06-18',	373,	556),
(422,	'1997-03-08',	'1993-05-31',	877,	323),
(423,	'2020-07-24',	'1990-04-13',	417,	433),
(424,	'2015-02-11',	'1976-08-18',	406,	329),
(425,	'2012-01-15',	'2011-03-07',	132,	609),
(426,	'2003-09-02',	'1990-11-21',	328,	454),
(427,	'2007-07-08',	'1979-06-25',	248,	554),
(428,	'2006-03-09',	'1977-10-08',	477,	305),
(429,	'2019-06-23',	'1975-05-05',	77,	807),
(430,	'1988-07-18',	'1998-04-20',	127,	468),
(431,	'1989-07-10',	'2012-02-18',	454,	13),
(432,	'2000-03-04',	'2007-12-30',	946,	112),
(433,	'1993-03-30',	'1992-02-22',	992,	818),
(434,	'1975-10-10',	'2000-12-17',	489,	447),
(435,	'1999-02-16',	'2000-03-27',	819,	189),
(436,	'2004-04-04',	'1986-10-14',	672,	790),
(437,	'1999-10-28',	'2008-12-15',	149,	213),
(438,	'2006-03-12',	'2007-03-13',	508,	613),
(439,	'1991-08-19',	'2004-06-07',	734,	862),
(440,	'2011-09-14',	'1977-02-14',	648,	250),
(441,	'1987-12-12',	'1997-05-18',	515,	816),
(442,	'2010-06-07',	'1988-03-27',	131,	65),
(443,	'1984-05-20',	'2015-08-08',	454,	967),
(444,	'2004-06-13',	'2017-11-04',	435,	531),
(445,	'1992-10-07',	'2003-03-14',	7,	55),
(446,	'1996-08-23',	'1985-08-29',	72,	735),
(447,	'1974-09-17',	'1998-06-28',	51,	254),
(448,	'2001-01-02',	'1990-02-08',	626,	337),
(449,	'2012-05-20',	'1973-07-16',	609,	307),
(450,	'1977-10-31',	'1993-10-21',	887,	267),
(451,	'2014-07-01',	'1984-12-28',	218,	499),
(452,	'1974-03-15',	'1997-09-16',	976,	746),
(453,	'2014-08-26',	'1982-05-17',	97,	47),
(454,	'1973-03-31',	'1997-11-29',	822,	55),
(455,	'2010-05-08',	'2007-06-26',	161,	369),
(456,	'1992-08-31',	'1976-03-28',	154,	286),
(457,	'2007-11-02',	'1989-04-29',	59,	48),
(458,	'2007-11-08',	'2011-02-13',	300,	411),
(459,	'2001-07-27',	'2007-07-25',	867,	803),
(460,	'1986-05-27',	'1970-01-29',	513,	527),
(461,	'2004-12-26',	'1988-04-19',	694,	67),
(462,	'2010-02-24',	'1975-04-25',	733,	932),
(463,	'1993-02-25',	'1988-09-12',	634,	763),
(464,	'2015-10-21',	'1990-12-30',	156,	604),
(465,	'1993-05-02',	'1993-03-27',	501,	749),
(466,	'2012-11-23',	'1975-07-10',	28,	992),
(467,	'2013-07-18',	'2017-01-17',	106,	737),
(468,	'2006-06-29',	'2019-03-28',	540,	155),
(469,	'2020-10-31',	'2012-09-04',	390,	573),
(470,	'2019-11-08',	'2011-10-30',	194,	21),
(471,	'1982-11-02',	'1990-03-26',	925,	34),
(472,	'1987-09-16',	'2002-07-13',	245,	750),
(473,	'1987-10-01',	'2016-07-23',	27,	423),
(474,	'2002-03-17',	'1970-08-21',	754,	634),
(475,	'2018-12-11',	'1994-09-23',	127,	525),
(476,	'1984-10-23',	'1988-07-03',	172,	329),
(478,	'1979-03-10',	'1971-01-14',	188,	810),
(479,	'1981-04-21',	'1972-10-23',	335,	146),
(480,	'1977-01-21',	'1983-07-18',	82,	90),
(481,	'1994-12-25',	'1978-05-05',	412,	604),
(482,	'2009-03-05',	'1988-02-09',	32,	441),
(483,	'1998-12-18',	'2019-01-24',	928,	818),
(484,	'1973-10-30',	'2020-08-26',	860,	679),
(485,	'1994-05-10',	'2006-07-19',	579,	298),
(486,	'2008-11-24',	'1983-01-11',	87,	455),
(487,	'1977-08-21',	'1987-05-26',	90,	10),
(488,	'1977-08-12',	'1998-02-10',	203,	6),
(489,	'2018-06-25',	'1995-04-24',	452,	616),
(490,	'1976-09-22',	'1970-08-11',	510,	76),
(491,	'1981-12-11',	'1985-01-30',	826,	364),
(492,	'1993-12-30',	'2017-10-28',	912,	932),
(493,	'1990-11-05',	'1977-02-25',	888,	475),
(494,	'1970-02-24',	'1993-06-21',	396,	746),
(495,	'2007-12-27',	'2015-02-27',	506,	982),
(496,	'1994-07-03',	'1982-10-06',	856,	60),
(497,	'1996-11-30',	'2009-02-20',	634,	845),
(498,	'2009-09-16',	'1972-10-25',	286,	154),
(499,	'2003-07-25',	'2013-11-22',	76,	496),
(500,	'1971-10-08',	'1973-07-01',	995,	507),
(501,	'2011-01-19',	'1975-11-27',	33,	780),
(502,	'2008-10-04',	'2004-02-28',	464,	148),
(503,	'2018-05-09',	'2006-07-26',	882,	411),
(504,	'1977-04-01',	'1978-07-14',	5,	995),
(505,	'2013-10-23',	'1974-04-24',	780,	839),
(506,	'2008-08-21',	'2017-07-28',	686,	331),
(507,	'2003-02-14',	'1989-06-30',	792,	69),
(508,	'1979-01-03',	'1984-12-05',	503,	874),
(509,	'1983-03-03',	'1995-08-25',	981,	19),
(510,	'2015-02-17',	'1975-06-26',	477,	816),
(511,	'1975-01-29',	'2017-10-09',	59,	364),
(512,	'1999-09-02',	'1974-09-24',	924,	442),
(513,	'2014-03-21',	'1992-12-07',	15,	90),
(514,	'1974-11-09',	'1985-07-12',	148,	193),
(515,	'1993-10-14',	'1991-06-12',	491,	984),
(516,	'2012-06-20',	'2020-03-06',	75,	703),
(517,	'2013-10-31',	'1990-05-20',	742,	897),
(518,	'1992-05-13',	'1984-07-27',	677,	271),
(520,	'1974-11-01',	'1970-10-19',	881,	661),
(521,	'1986-11-24',	'1984-03-22',	129,	133),
(522,	'1987-08-07',	'1970-05-01',	18,	543),
(523,	'2000-08-27',	'1972-09-19',	964,	586),
(524,	'2000-12-23',	'1976-12-20',	918,	965),
(525,	'2013-01-07',	'1977-03-19',	174,	123),
(526,	'1988-02-11',	'2014-11-07',	36,	547),
(527,	'2007-05-12',	'1981-12-31',	896,	506),
(528,	'2017-05-01',	'2014-11-29',	282,	110),
(529,	'1977-03-07',	'1999-02-17',	867,	395),
(530,	'2011-07-28',	'2001-10-21',	39,	261),
(531,	'2019-09-04',	'2010-08-01',	418,	637),
(532,	'2002-08-22',	'2006-09-08',	746,	831),
(533,	'2001-05-01',	'1987-02-03',	872,	875),
(534,	'1982-06-04',	'1999-06-16',	241,	309),
(535,	'1973-04-16',	'2018-07-03',	721,	344),
(536,	'2011-01-26',	'1971-07-03',	965,	877),
(537,	'2017-12-20',	'1996-01-30',	301,	875),
(538,	'1973-04-24',	'1976-06-21',	785,	427),
(539,	'1970-07-09',	'1975-09-20',	376,	695),
(540,	'2013-08-27',	'2020-09-07',	243,	299),
(541,	'1979-01-13',	'1971-03-20',	495,	785),
(542,	'2004-01-08',	'2017-01-25',	190,	160),
(543,	'1976-07-16',	'2007-12-19',	3,	692),
(544,	'1999-07-09',	'1993-10-14',	733,	337),
(545,	'1986-11-15',	'2002-09-15',	943,	540),
(546,	'2013-03-20',	'2006-04-16',	241,	231),
(547,	'1978-03-25',	'1972-03-23',	720,	219),
(548,	'1983-05-23',	'1970-03-22',	562,	587),
(549,	'2018-12-22',	'1996-08-04',	514,	124),
(550,	'1980-06-22',	'1979-09-29',	634,	511),
(551,	'1987-02-14',	'1973-05-15',	938,	709),
(552,	'1986-07-09',	'1979-05-21',	96,	996),
(553,	'1984-05-02',	'2017-11-28',	167,	126),
(554,	'1972-08-16',	'2011-01-13',	364,	332),
(555,	'1998-10-05',	'2013-08-16',	699,	839),
(556,	'2004-12-27',	'1992-07-26',	420,	340),
(557,	'1971-01-08',	'1977-03-14',	966,	152),
(558,	'2005-09-23',	'1979-01-29',	39,	582),
(559,	'2017-05-27',	'1993-04-03',	356,	303),
(560,	'1984-09-09',	'2020-03-22',	118,	954),
(561,	'1970-05-22',	'2015-07-19',	441,	116),
(562,	'1998-12-06',	'1988-03-13',	861,	924),
(563,	'1981-09-29',	'2020-11-22',	879,	459),
(564,	'1985-07-12',	'2002-01-31',	904,	904),
(565,	'2012-06-06',	'1986-12-24',	325,	60),
(566,	'2018-04-18',	'1985-03-05',	868,	433),
(567,	'2019-05-31',	'1989-12-13',	410,	540),
(569,	'1979-12-27',	'1971-08-23',	349,	547),
(571,	'1987-07-30',	'2008-06-14',	74,	206),
(572,	'2015-07-30',	'1990-03-02',	466,	665),
(573,	'1990-01-15',	'2001-06-26',	706,	830),
(574,	'2000-10-15',	'2019-12-12',	237,	304),
(575,	'2008-02-23',	'1996-03-03',	50,	367),
(576,	'1972-07-07',	'2010-01-30',	18,	103),
(577,	'1975-04-04',	'1993-12-25',	265,	272),
(578,	'1973-12-21',	'1988-09-07',	602,	798),
(579,	'2007-05-31',	'1975-04-17',	322,	95),
(580,	'1986-10-03',	'1973-02-12',	557,	181),
(581,	'1985-04-15',	'2011-06-02',	727,	947),
(583,	'2010-12-12',	'1987-02-21',	593,	92),
(584,	'1992-02-27',	'1997-02-26',	558,	523),
(585,	'2018-11-22',	'1987-02-20',	654,	751),
(586,	'2008-07-19',	'1990-10-15',	110,	87),
(587,	'1993-05-28',	'2013-09-26',	777,	199),
(588,	'1987-07-20',	'1982-09-29',	929,	134),
(589,	'1984-03-15',	'2017-08-13',	384,	608),
(590,	'1976-03-31',	'1986-03-28',	822,	877),
(591,	'1996-04-04',	'1980-06-03',	711,	8),
(592,	'1997-08-18',	'1986-06-24',	53,	994),
(593,	'2011-12-09',	'1988-04-22',	881,	332),
(594,	'1970-11-18',	'2020-02-07',	355,	402),
(595,	'2001-12-23',	'2016-02-01',	949,	220),
(596,	'1984-08-22',	'1999-02-10',	647,	134),
(597,	'2018-06-08',	'2001-12-13',	948,	454),
(598,	'2009-06-29',	'1971-06-02',	968,	920),
(599,	'1997-03-12',	'2003-07-20',	19,	306),
(600,	'1981-06-08',	'2007-06-24',	169,	482),
(601,	'1984-03-30',	'1985-01-10',	962,	923),
(602,	'1984-12-14',	'1986-10-07',	698,	767),
(603,	'2006-07-22',	'2001-08-08',	851,	513),
(604,	'1976-11-19',	'2005-10-20',	852,	669),
(605,	'1971-07-15',	'2019-09-19',	543,	626),
(606,	'2014-03-19',	'2012-07-28',	531,	152),
(607,	'1973-03-09',	'2014-07-16',	384,	122),
(608,	'1976-01-10',	'1993-09-22',	31,	979),
(609,	'1988-01-18',	'1990-05-28',	161,	717),
(610,	'2002-02-25',	'1982-08-11',	643,	418),
(611,	'1991-11-10',	'2017-10-04',	525,	375),
(612,	'1999-11-04',	'2016-09-02',	217,	391),
(613,	'1986-06-09',	'1990-03-23',	477,	511),
(614,	'1986-02-24',	'1982-08-07',	816,	121),
(615,	'1988-10-05',	'1977-05-16',	936,	964),
(616,	'1974-01-11',	'2005-11-09',	638,	559),
(617,	'1990-04-24',	'1975-08-19',	149,	907),
(618,	'1977-10-13',	'1992-06-20',	748,	65),
(619,	'1976-02-16',	'2020-06-14',	469,	179),
(620,	'1991-03-15',	'2019-01-27',	71,	783),
(621,	'1981-02-27',	'2021-03-09',	713,	53),
(622,	'2009-11-18',	'1981-11-06',	165,	260),
(623,	'1996-06-04',	'1981-03-27',	901,	309),
(624,	'2020-09-26',	'1988-10-12',	783,	897),
(625,	'1990-11-17',	'1997-03-18',	36,	810),
(626,	'1998-08-24',	'1983-11-16',	106,	617),
(627,	'1979-03-26',	'1982-11-24',	202,	910),
(628,	'2002-02-15',	'1972-03-15',	334,	788),
(629,	'1990-06-13',	'1993-06-24',	657,	664),
(630,	'2000-01-29',	'2009-12-19',	200,	186),
(631,	'1973-07-25',	'1973-07-02',	552,	159),
(632,	'2013-11-22',	'1976-09-09',	538,	48),
(633,	'2003-11-23',	'1989-07-18',	294,	214),
(634,	'1995-03-28',	'1973-04-18',	114,	219),
(635,	'2005-08-16',	'2015-08-19',	269,	259),
(636,	'1994-08-06',	'2019-06-17',	200,	755),
(637,	'2005-10-01',	'1972-01-05',	518,	803),
(638,	'2007-07-17',	'2014-05-03',	184,	262),
(639,	'1989-05-08',	'1977-10-05',	655,	96),
(640,	'1992-05-08',	'2018-08-31',	859,	761),
(641,	'1999-09-23',	'1995-12-13',	457,	695),
(642,	'2016-06-11',	'2005-04-16',	255,	846),
(643,	'1986-07-09',	'1974-03-24',	128,	333),
(644,	'1998-04-27',	'1999-09-29',	614,	7),
(645,	'2002-06-10',	'2003-12-26',	880,	475),
(646,	'1997-01-06',	'2004-08-22',	193,	237),
(647,	'2020-10-31',	'2011-06-24',	122,	323),
(648,	'2015-04-30',	'1977-03-08',	560,	138),
(649,	'1990-03-26',	'2020-06-01',	437,	580),
(650,	'1987-07-21',	'1983-12-17',	503,	216),
(651,	'1983-12-10',	'2013-09-21',	2,	585),
(652,	'2018-06-17',	'2004-05-11',	608,	966),
(653,	'1973-07-01',	'1981-03-14',	506,	651),
(654,	'1983-12-21',	'1973-07-20',	289,	538),
(655,	'2015-06-30',	'1989-11-30',	38,	260),
(656,	'1996-02-21',	'1972-03-17',	129,	949),
(657,	'1988-04-12',	'2003-07-01',	458,	430),
(658,	'2008-05-25',	'1996-12-09',	1,	855),
(659,	'1977-10-30',	'1973-06-20',	576,	226),
(660,	'2019-02-16',	'1972-09-27',	575,	630),
(661,	'2004-08-15',	'2000-09-03',	225,	71),
(662,	'2010-07-06',	'1975-10-16',	143,	74),
(663,	'1993-09-13',	'2009-07-17',	486,	157),
(664,	'1997-06-16',	'2009-03-31',	504,	147),
(665,	'1997-11-14',	'2003-01-20',	653,	983),
(666,	'2017-09-08',	'1976-12-06',	110,	193),
(667,	'1989-08-12',	'2004-06-02',	388,	651),
(668,	'2020-05-23',	'2019-11-17',	243,	596),
(669,	'2000-01-24',	'1981-12-23',	177,	525),
(670,	'2005-12-27',	'1973-04-12',	542,	866),
(671,	'2020-03-29',	'1988-11-24',	590,	102),
(672,	'1998-02-14',	'1970-08-21',	155,	204),
(673,	'2006-05-28',	'1987-10-31',	200,	810),
(674,	'1975-07-30',	'2013-10-02',	111,	806),
(675,	'1989-07-17',	'1990-11-12',	328,	22),
(676,	'1987-07-25',	'1996-12-18',	678,	991),
(677,	'2019-03-17',	'1985-11-22',	728,	683),
(678,	'2014-04-28',	'2007-11-03',	595,	153),
(679,	'2014-07-08',	'1983-01-03',	940,	560),
(680,	'1972-06-13',	'2013-06-11',	208,	952),
(681,	'1981-01-31',	'2020-07-15',	760,	467),
(682,	'2011-12-23',	'1972-08-25',	859,	962),
(683,	'1991-07-29',	'1980-02-28',	638,	249),
(684,	'1976-04-25',	'1987-01-07',	930,	963),
(685,	'1970-11-17',	'2013-10-01',	477,	368),
(686,	'1980-02-19',	'1976-12-04',	715,	746),
(687,	'2015-06-06',	'1994-01-12',	667,	281),
(688,	'1987-02-03',	'1982-07-09',	809,	864),
(689,	'2004-07-05',	'1984-10-06',	850,	410),
(690,	'1977-09-27',	'2012-02-06',	279,	298),
(691,	'2002-07-01',	'2020-10-01',	720,	414),
(692,	'1977-10-09',	'1975-03-29',	577,	164),
(693,	'1986-06-21',	'1970-12-25',	313,	76),
(694,	'1984-05-23',	'2006-05-22',	920,	574),
(695,	'1974-10-31',	'2015-01-20',	626,	418),
(696,	'1992-02-13',	'2017-02-13',	691,	693),
(697,	'2011-07-11',	'2018-09-18',	772,	507),
(698,	'1977-10-29',	'2003-06-27',	825,	537),
(699,	'1992-05-16',	'1999-10-21',	374,	348),
(700,	'2013-06-22',	'2013-02-08',	980,	207),
(701,	'1979-01-10',	'2016-03-11',	928,	804),
(702,	'1987-06-15',	'1986-03-28',	860,	607),
(703,	'2012-08-24',	'2016-03-23',	692,	626),
(704,	'1978-08-02',	'1996-05-30',	702,	256),
(705,	'1980-04-07',	'1987-05-11',	308,	911),
(706,	'1983-01-06',	'1992-02-23',	360,	20),
(707,	'1995-11-29',	'2004-11-30',	594,	543),
(708,	'2011-10-22',	'2016-02-03',	891,	386),
(709,	'1999-11-08',	'1980-05-27',	707,	935),
(710,	'2008-12-22',	'2000-02-13',	437,	658),
(711,	'2017-11-18',	'1982-07-02',	457,	580),
(712,	'2003-08-14',	'2012-08-02',	409,	497),
(713,	'2004-01-16',	'1998-02-26',	107,	505),
(714,	'2002-03-05',	'2002-04-04',	683,	476),
(715,	'2016-10-30',	'1991-01-14',	601,	916),
(716,	'1992-01-26',	'1995-01-17',	994,	238),
(717,	'1976-04-24',	'1989-06-02',	462,	517),
(718,	'2007-04-12',	'1976-09-04',	99,	46),
(719,	'2000-11-17',	'1979-01-03',	523,	325),
(720,	'1980-09-25',	'2005-07-13',	892,	166),
(721,	'1991-07-27',	'1997-01-08',	414,	711),
(722,	'1979-07-28',	'1998-02-22',	221,	996),
(723,	'1987-03-06',	'1974-05-22',	157,	121),
(724,	'1974-08-02',	'1983-05-24',	949,	600),
(725,	'1982-02-07',	'2014-12-03',	146,	74),
(726,	'2015-05-20',	'1998-01-23',	666,	602),
(727,	'1971-09-15',	'2013-05-22',	831,	597),
(728,	'2002-10-28',	'1989-05-26',	337,	204),
(729,	'2006-08-27',	'2006-06-07',	166,	355),
(730,	'2018-10-31',	'1974-08-21',	619,	257),
(731,	'1999-01-12',	'1972-09-05',	368,	621),
(732,	'1976-10-27',	'2013-07-12',	419,	764),
(733,	'2020-02-09',	'1970-12-27',	294,	824),
(735,	'1985-12-04',	'2014-10-27',	45,	946),
(736,	'1992-03-14',	'1971-08-16',	407,	212),
(737,	'2009-09-25',	'1973-04-26',	606,	987),
(738,	'1997-11-18',	'2014-03-20',	411,	306),
(739,	'2003-10-10',	'1976-04-25',	92,	653),
(740,	'1985-02-06',	'2000-07-04',	911,	570),
(741,	'1979-11-23',	'2004-03-17',	702,	602),
(742,	'1975-09-28',	'1986-03-26',	84,	533),
(743,	'1999-06-09',	'1971-06-15',	308,	770),
(744,	'2004-03-23',	'2021-01-31',	940,	333),
(745,	'1989-05-18',	'2015-05-07',	285,	313),
(746,	'1970-11-13',	'1985-10-11',	276,	134),
(747,	'2013-10-22',	'2020-05-16',	138,	778),
(748,	'1973-04-09',	'1976-03-13',	903,	610),
(749,	'1982-05-07',	'1979-01-02',	471,	900),
(750,	'1972-07-11',	'1985-01-05',	304,	968),
(751,	'1972-01-03',	'2021-03-14',	761,	443),
(752,	'1972-08-10',	'1997-12-20',	592,	404),
(753,	'2018-11-21',	'1970-07-17',	223,	696),
(754,	'2013-12-04',	'1987-07-10',	208,	258),
(755,	'1998-02-07',	'1983-06-02',	717,	696),
(756,	'1992-08-18',	'2001-07-26',	559,	811),
(757,	'1998-10-13',	'2020-09-24',	731,	401),
(758,	'1973-03-21',	'1971-08-23',	45,	521),
(759,	'2016-03-10',	'1987-01-01',	354,	471),
(760,	'2004-07-10',	'1972-02-25',	591,	983),
(761,	'2002-10-13',	'1989-05-15',	112,	387),
(762,	'2007-11-12',	'1992-12-24',	348,	724),
(763,	'1998-09-10',	'1995-03-18',	44,	569),
(764,	'2008-11-01',	'1985-07-12',	70,	305),
(765,	'2004-01-19',	'1989-06-26',	843,	524),
(766,	'2014-01-20',	'1978-03-22',	518,	300),
(767,	'1994-04-12',	'2001-02-13',	733,	94),
(768,	'1980-01-28',	'2007-12-18',	817,	759),
(769,	'1970-10-25',	'2003-11-05',	479,	950),
(770,	'1995-09-03',	'2004-09-11',	539,	428),
(771,	'2006-11-12',	'1997-07-16',	366,	129),
(772,	'1983-04-01',	'1993-04-30',	37,	449),
(773,	'2003-02-26',	'1990-05-16',	137,	241),
(774,	'1998-02-13',	'1973-06-19',	465,	555),
(775,	'1971-12-30',	'1979-07-12',	241,	489),
(776,	'1977-01-10',	'2015-06-14',	171,	193),
(777,	'1979-05-02',	'1999-04-15',	356,	366),
(778,	'1981-12-31',	'2012-06-07',	970,	645),
(779,	'1989-01-17',	'1995-09-20',	3,	681),
(780,	'2020-08-30',	'1983-11-04',	129,	857),
(781,	'1972-01-24',	'1987-01-13',	460,	23),
(782,	'1984-01-14',	'2002-08-15',	422,	631),
(783,	'2014-03-27',	'2011-09-24',	25,	988),
(784,	'1979-03-25',	'2010-12-14',	146,	337),
(785,	'2003-09-01',	'1980-03-29',	251,	49),
(786,	'1971-04-11',	'2007-12-09',	263,	896),
(787,	'2014-04-15',	'1981-05-25',	197,	128),
(788,	'1998-02-26',	'2002-01-03',	46,	796),
(789,	'1976-06-25',	'1994-06-15',	341,	944),
(790,	'1977-01-07',	'1995-12-12',	100,	577),
(791,	'2016-06-19',	'1998-08-06',	115,	658),
(792,	'1982-03-20',	'1995-11-12',	405,	501),
(793,	'1979-09-21',	'1997-01-06',	633,	746),
(794,	'2010-09-06',	'1972-05-09',	540,	262),
(795,	'1988-09-01',	'2016-10-30',	443,	458),
(796,	'1999-09-29',	'2002-01-12',	218,	227),
(797,	'2015-12-01',	'1989-06-18',	879,	353),
(798,	'1984-02-08',	'1971-11-04',	282,	263),
(799,	'1984-07-04',	'1970-12-24',	730,	185),
(800,	'1984-05-18',	'1976-02-14',	294,	553),
(801,	'2006-12-23',	'1998-10-23',	508,	387),
(802,	'2001-05-05',	'1997-10-23',	224,	65),
(803,	'1994-12-09',	'1999-01-12',	485,	239),
(804,	'1972-09-11',	'2010-03-02',	565,	244),
(805,	'2020-12-23',	'2015-01-07',	967,	540),
(806,	'2003-02-06',	'2020-04-23',	151,	600),
(807,	'2003-08-05',	'1972-11-03',	295,	425),
(808,	'2007-04-18',	'2003-08-08',	855,	434),
(809,	'2017-10-07',	'2010-09-26',	946,	576),
(810,	'1988-09-21',	'1982-05-05',	872,	280),
(811,	'2007-04-20',	'1996-03-26',	171,	413),
(812,	'1994-11-03',	'1984-06-20',	338,	308),
(813,	'1999-03-05',	'2018-08-06',	771,	440),
(814,	'1982-12-05',	'2014-04-16',	192,	781),
(815,	'2009-07-03',	'2015-11-25',	348,	576),
(816,	'1977-12-09',	'1971-01-31',	685,	411),
(817,	'1974-04-17',	'1976-01-28',	143,	273),
(818,	'2001-03-31',	'2013-01-22',	782,	149),
(819,	'2000-06-10',	'1973-12-15',	628,	460),
(820,	'2004-11-03',	'1970-04-22',	41,	890),
(821,	'1976-01-27',	'1986-07-10',	330,	585),
(822,	'1985-12-09',	'1988-08-23',	327,	395),
(823,	'2014-01-25',	'2005-11-06',	658,	187),
(824,	'2011-05-30',	'2002-08-05',	557,	848),
(825,	'1972-01-20',	'1988-07-27',	966,	258),
(826,	'1974-10-02',	'1988-01-02',	910,	878),
(827,	'2001-03-02',	'1978-05-16',	776,	686),
(828,	'1994-03-02',	'1984-05-23',	333,	696),
(829,	'2007-05-18',	'2005-12-19',	530,	788),
(830,	'1976-09-14',	'2004-12-14',	834,	918),
(831,	'1992-08-21',	'1977-09-29',	765,	153),
(832,	'1998-03-18',	'1978-05-17',	514,	430),
(833,	'1992-04-06',	'2011-10-22',	210,	2),
(834,	'1984-04-06',	'1970-10-25',	284,	688),
(835,	'2007-10-11',	'2018-08-25',	267,	754),
(836,	'1979-01-09',	'2003-03-25',	968,	618),
(837,	'1982-09-19',	'2008-01-03',	60,	929),
(838,	'1982-07-21',	'1972-05-05',	701,	831),
(839,	'2008-04-29',	'1984-04-10',	844,	300),
(840,	'1996-01-07',	'2001-10-26',	193,	603),
(841,	'1973-10-03',	'1987-09-24',	598,	651),
(842,	'1998-07-28',	'2009-05-19',	435,	745),
(843,	'1979-12-28',	'1972-07-01',	718,	277),
(844,	'1983-09-13',	'1983-03-06',	744,	12),
(845,	'2007-05-09',	'1976-08-14',	658,	275),
(846,	'2017-01-09',	'1980-08-20',	943,	718),
(847,	'1983-07-10',	'1972-07-22',	26,	119),
(848,	'2003-08-28',	'2001-08-01',	936,	5),
(849,	'2005-09-19',	'2009-03-20',	846,	64),
(850,	'1991-02-25',	'2004-04-11',	116,	952),
(851,	'1992-09-27',	'2009-03-21',	703,	115),
(852,	'1985-06-22',	'1974-11-24',	946,	609),
(853,	'1980-01-24',	'1981-01-11',	905,	920),
(854,	'2016-12-05',	'1974-01-07',	170,	847),
(855,	'1977-07-06',	'1988-09-16',	871,	631),
(856,	'2015-12-19',	'2006-09-24',	723,	660),
(857,	'1971-07-01',	'1989-05-06',	155,	15),
(858,	'1994-01-15',	'1976-11-07',	269,	321),
(859,	'1982-12-16',	'1983-07-18',	491,	516),
(862,	'1975-03-11',	'1970-12-13',	265,	404),
(863,	'1996-05-04',	'2009-04-07',	698,	214),
(864,	'2009-05-20',	'2016-07-28',	6,	379),
(865,	'2012-04-06',	'1977-05-19',	389,	102),
(866,	'1977-05-14',	'2014-10-10',	646,	935),
(867,	'1995-06-15',	'2000-03-08',	735,	330),
(868,	'1997-07-17',	'1991-02-17',	424,	911),
(869,	'2012-04-25',	'1989-06-27',	484,	770),
(870,	'2009-07-31',	'1982-04-11',	118,	618),
(871,	'2003-06-02',	'1977-10-30',	129,	567),
(872,	'2004-06-26',	'1995-11-16',	211,	435),
(873,	'1988-10-24',	'2002-04-24',	155,	790),
(874,	'2005-06-23',	'1987-12-19',	354,	763),
(875,	'2000-06-27',	'1996-10-14',	407,	462),
(876,	'1995-04-07',	'2015-09-27',	241,	178),
(877,	'2019-03-14',	'1970-12-26',	311,	336),
(878,	'2009-04-26',	'1999-12-15',	578,	210),
(879,	'1988-08-05',	'1978-02-08',	447,	547),
(880,	'2001-10-16',	'1997-01-02',	372,	129),
(881,	'2014-12-01',	'2008-01-01',	120,	988),
(882,	'1987-11-30',	'1990-11-01',	864,	553),
(883,	'1972-04-02',	'1996-04-29',	630,	914),
(884,	'2010-07-01',	'2013-04-26',	412,	223),
(885,	'1979-12-16',	'1999-05-21',	916,	206),
(886,	'2021-03-26',	'2015-02-22',	332,	645),
(887,	'1981-10-20',	'1983-05-15',	340,	37),
(888,	'2002-01-12',	'2018-06-16',	405,	755),
(889,	'1970-04-18',	'1993-11-18',	40,	116),
(890,	'1996-09-01',	'2006-10-26',	94,	739),
(891,	'2011-11-11',	'1987-10-30',	984,	963),
(892,	'1973-03-06',	'2014-01-17',	976,	711),
(893,	'2020-03-23',	'1972-01-16',	547,	993),
(894,	'2002-03-20',	'1977-02-06',	263,	687),
(895,	'1993-04-16',	'2020-06-25',	814,	161),
(896,	'2000-11-11',	'2019-01-20',	244,	176),
(897,	'2007-06-18',	'2017-01-21',	10,	915),
(898,	'2005-07-03',	'1971-06-04',	278,	106),
(899,	'1999-06-30',	'2003-04-13',	433,	610),
(900,	'1999-07-11',	'2016-05-20',	326,	137),
(901,	'1995-08-05',	'2006-06-22',	572,	775),
(902,	'2004-11-20',	'1974-02-06',	470,	710),
(903,	'2000-03-15',	'1997-10-24',	569,	956),
(904,	'1987-01-10',	'2009-02-06',	499,	629),
(905,	'2002-08-15',	'2019-05-21',	235,	246),
(906,	'1971-03-01',	'1971-07-30',	847,	667),
(907,	'1998-12-28',	'1999-04-29',	122,	531),
(908,	'1987-07-10',	'1980-04-09',	784,	530),
(909,	'2002-06-02',	'2002-10-14',	383,	506),
(910,	'2009-01-18',	'1996-01-09',	270,	786),
(911,	'2016-01-29',	'1975-09-12',	45,	375),
(912,	'2020-03-07',	'1979-10-01',	612,	600),
(913,	'1997-09-02',	'1999-09-19',	865,	113),
(914,	'1992-07-09',	'2009-09-30',	243,	420),
(915,	'1986-01-31',	'1986-05-23',	976,	564),
(916,	'1984-11-27',	'2009-09-23',	500,	637),
(917,	'2001-07-26',	'1988-05-25',	59,	254),
(918,	'1984-02-05',	'1972-05-28',	17,	739),
(919,	'2009-11-09',	'1984-04-14',	308,	262),
(920,	'1983-01-23',	'2006-09-23',	342,	24),
(921,	'1980-07-21',	'1987-08-21',	273,	538),
(922,	'1979-04-25',	'1996-11-07',	638,	963),
(923,	'1995-11-26',	'1970-07-22',	917,	124),
(924,	'2018-10-01',	'1995-09-07',	150,	808),
(925,	'1979-06-10',	'1989-11-21',	461,	572),
(926,	'1978-07-02',	'1972-11-15',	411,	488),
(927,	'2021-03-01',	'1976-03-01',	743,	906),
(928,	'1992-12-04',	'1990-03-02',	752,	724),
(929,	'1998-10-29',	'1975-08-18',	801,	221),
(930,	'2004-08-22',	'1971-11-07',	801,	997),
(931,	'1994-05-15',	'1993-04-29',	752,	512),
(932,	'2014-10-11',	'1997-04-03',	387,	846),
(933,	'2019-10-18',	'1974-02-07',	565,	344),
(934,	'1977-08-08',	'2015-02-03',	332,	325),
(935,	'2018-01-17',	'1991-08-22',	388,	387),
(936,	'1971-04-24',	'1990-07-06',	936,	539),
(937,	'2018-09-11',	'1986-11-07',	101,	882),
(938,	'2012-12-24',	'1973-03-18',	602,	642),
(939,	'1983-02-21',	'2008-02-28',	784,	785),
(940,	'1999-03-02',	'1996-04-26',	269,	76),
(941,	'2005-03-29',	'2011-01-16',	166,	711),
(942,	'1987-09-27',	'2010-12-12',	481,	606),
(943,	'1977-12-11',	'1974-11-27',	587,	167),
(944,	'1975-06-08',	'1990-05-06',	465,	386),
(945,	'1998-04-01',	'1979-03-07',	266,	270),
(946,	'2014-01-29',	'1972-02-21',	225,	10),
(947,	'2012-04-19',	'1984-09-16',	481,	507),
(948,	'2001-11-17',	'1989-01-09',	358,	655),
(949,	'2006-04-02',	'1995-09-20',	820,	653),
(950,	'1992-11-19',	'1979-06-10',	110,	180),
(951,	'1984-11-05',	'1974-09-09',	254,	745),
(952,	'1977-04-03',	'1975-01-24',	71,	851),
(953,	'2002-12-31',	'1970-09-25',	436,	156),
(954,	'1978-07-02',	'1987-11-17',	574,	465),
(955,	'1977-04-28',	'1980-07-07',	80,	51),
(957,	'1996-04-01',	'1987-10-28',	509,	734),
(958,	'1984-11-22',	'2013-12-02',	156,	111),
(959,	'2005-11-10',	'2003-01-22',	104,	453),
(960,	'2014-05-24',	'2004-09-20',	175,	879),
(961,	'1980-12-15',	'1996-01-30',	88,	232),
(962,	'2015-07-29',	'1987-11-24',	717,	86),
(963,	'1979-11-10',	'1973-09-14',	98,	215),
(964,	'1997-05-16',	'1992-06-01',	372,	921),
(965,	'2010-04-20',	'1989-09-24',	750,	69),
(966,	'2018-01-22',	'2001-05-30',	994,	767),
(967,	'2006-03-03',	'2012-02-01',	24,	969),
(968,	'2015-03-16',	'2005-01-27',	695,	849),
(969,	'2004-05-26',	'1982-11-02',	516,	867),
(970,	'1970-07-06',	'2021-01-28',	646,	91),
(971,	'2009-08-22',	'2008-12-24',	775,	159),
(972,	'1992-06-27',	'1971-03-20',	626,	379),
(973,	'1988-01-25',	'1998-01-16',	696,	801),
(974,	'2007-11-25',	'1973-07-18',	448,	913),
(975,	'1997-09-21',	'1970-10-22',	183,	511),
(976,	'2007-03-07',	'2012-01-17',	491,	413),
(977,	'1983-03-24',	'2009-02-01',	481,	469),
(978,	'1980-07-19',	'1985-07-09',	736,	19),
(979,	'2010-09-17',	'1970-10-02',	963,	220),
(980,	'1991-06-03',	'2016-02-06',	794,	925),
(981,	'2006-03-06',	'2015-06-16',	3,	433),
(982,	'2004-08-26',	'1990-03-04',	394,	811),
(983,	'1982-08-31',	'1996-12-12',	73,	565),
(984,	'2016-11-29',	'2005-07-17',	417,	886),
(985,	'1999-11-16',	'2004-03-22',	203,	449),
(986,	'1970-06-26',	'1994-01-10',	19,	517),
(987,	'1977-02-06',	'1977-04-07',	382,	825),
(988,	'1981-12-20',	'2009-01-30',	32,	157),
(989,	'2004-12-10',	'1980-04-06',	974,	939),
(990,	'2007-12-24',	'1987-03-13',	834,	557),
(991,	'1973-03-07',	'1976-07-25',	839,	764),
(992,	'2002-11-30',	'2001-07-08',	455,	28),
(993,	'2002-02-14',	'1992-02-28',	644,	901),
(994,	'2000-07-12',	'1986-08-19',	841,	559),
(995,	'2019-02-15',	'1991-09-10',	889,	88),
(996,	'1970-11-11',	'2000-03-05',	847,	824),
(997,	'2011-07-30',	'1996-07-12',	84,	49),
(998,	'2013-09-04',	'1979-07-18',	382,	227),
(999,	'2000-05-18',	'1983-12-25',	172,	324),
(1000,	'2011-01-30',	'1978-03-09',	868,	352);

DROP TABLE IF EXISTS `produtos`;
CREATE TABLE `produtos` (
  `id` int(11) NOT NULL AUTO_INCREMENT,
  `nome` varchar(50) COLLATE utf8mb4_unicode_ci NOT NULL,
  `data_cadastro` date DEFAULT NULL,
  `quantidade` int(11) DEFAULT NULL,
  `unidade_id` int(11) NOT NULL,
  PRIMARY KEY (`id`)
) ENGINE=InnoDB DEFAULT CHARSET=utf8mb4 COLLATE=utf8mb4_unicode_ci;

INSERT INTO `produtos` (`id`, `nome`, `data_cadastro`, `quantidade`, `unidade_id`) VALUES
(1,	'Pera',	'1984-10-19',	890,	4627),
(2,	'Kiwi',	'1977-12-21',	488,	6065),
(3,	'Pera',	'1993-09-24',	109,	3584),
(4,	'Abacaxi',	'1976-08-07',	964,	455),
(5,	'Amora',	'1980-09-23',	810,	8610),
(6,	'Pêssego',	'2018-11-08',	857,	2020),
(7,	'Kiwi',	'1975-02-16',	212,	106),
(8,	'Maçã',	'2010-01-19',	355,	3413),
(9,	'Pêssego',	'1974-07-10',	293,	7633),
(10,	'Lima',	'2019-09-21',	934,	4583),
(11,	'Kiwi',	'2007-05-14',	517,	9063),
(12,	'Amora',	'1993-11-15',	156,	7034),
(13,	'Abacaxi',	'2014-02-18',	422,	1790),
(14,	'Oxicoco',	'2002-03-30',	472,	3573),
(15,	'Lima',	'2017-10-11',	431,	2551),
(16,	'Kiwi',	'1976-03-20',	202,	2081),
(17,	'Morango',	'2005-06-30',	793,	2524),
(18,	'Laranja',	'2006-08-05',	196,	5495),
(19,	'Lima',	'2008-06-29',	572,	6710),
(20,	'Pera',	'1970-08-11',	561,	124),
(21,	'Cereja',	'1990-06-26',	375,	1143),
(22,	'Passa',	'1999-03-27',	311,	7345),
(23,	'Cereja',	'1975-08-25',	44,	3537),
(24,	'Mamão',	'1974-05-22',	488,	2051),
(25,	'Manga',	'2005-08-21',	580,	5254),
(26,	'Lima',	'2012-08-05',	318,	4715),
(27,	'Limão',	'2003-02-07',	426,	3510),
(28,	'Coco',	'2011-04-23',	569,	4307),
(29,	'Maçã',	'2013-12-22',	305,	7437),
(30,	'Amora',	'1996-02-17',	306,	2),
(31,	'Pêssego',	'1985-01-18',	538,	1074),
(32,	'Amora',	'1983-09-22',	496,	4445),
(33,	'Lima',	'2013-05-18',	647,	1395),
(34,	'Laranja',	'2001-08-21',	331,	1833),
(35,	'Banana',	'2004-07-24',	123,	8821),
(36,	'Cereja',	'2003-03-05',	993,	2769),
(37,	'Passa',	'1994-06-16',	122,	1425),
(38,	'Lichia',	'2020-06-24',	606,	1349),
(39,	'Mirtilo',	'2012-06-28',	403,	1419),
(40,	'Mamão',	'2001-04-24',	600,	3879),
(41,	'Maçã',	'1987-03-05',	506,	7039),
(42,	'Manga',	'2013-03-05',	518,	6746),
(43,	'Pera',	'1979-09-27',	195,	2966),
(44,	'Amora',	'2013-01-29',	430,	5831),
(45,	'Lima',	'1983-04-10',	647,	3369),
(46,	'Banana',	'1978-05-26',	98,	6829),
(47,	'Banana',	'1975-08-25',	505,	2096),
(48,	'Morango',	'1998-09-21',	175,	8286),
(49,	'Framboesa',	'2016-06-25',	460,	2934),
(50,	'Limão',	'1988-10-13',	983,	6766),
(51,	'Maçã',	'1984-05-28',	106,	6350),
(52,	'Cereja',	'1999-04-17',	739,	1471),
(53,	'Amora',	'2020-03-23',	283,	4458),
(54,	'Pera',	'2000-10-02',	825,	1830),
(55,	'Maçã',	'2000-05-01',	382,	3631),
(56,	'Uva',	'1984-12-09',	288,	5497),
(57,	'Cereja',	'2014-04-17',	914,	1818),
(58,	'Melancia',	'2013-04-27',	563,	4473),
(59,	'Maçã',	'1988-09-14',	513,	4712),
(60,	'Laranja',	'1996-01-23',	920,	3281),
(61,	'Passa',	'1987-01-24',	633,	7526),
(62,	'Lima',	'1986-05-13',	818,	6871),
(63,	'Pera',	'2008-03-23',	1,	1313),
(64,	'Oxicoco',	'1973-09-13',	766,	761),
(65,	'Mirtilo',	'1994-07-02',	659,	1639),
(66,	'Goiaba',	'1998-03-24',	166,	9036),
(67,	'Lichia',	'1985-04-07',	870,	3194),
(68,	'Abacaxi',	'1997-02-09',	424,	7084),
(69,	'Goiaba',	'1986-12-08',	697,	4544),
(70,	'Maçã',	'1972-10-17',	659,	9287),
(71,	'Framboesa',	'2021-03-11',	658,	1175),
(72,	'Passa',	'1975-01-11',	677,	6418),
(73,	'Lichia',	'1996-01-08',	715,	9472),
(74,	'Abacaxi',	'2012-05-28',	877,	7090),
(75,	'Pêssego',	'2000-05-13',	306,	4282),
(76,	'Framboesa',	'1984-04-13',	269,	6025),
(77,	'Cereja',	'2019-08-24',	976,	5582),
(78,	'Cereja',	'1983-09-09',	748,	6553),
(79,	'Laranja',	'2001-04-24',	759,	970),
(80,	'Kiwi',	'1976-11-29',	929,	3995),
(81,	'Abacaxi',	'2016-02-19',	550,	4884),
(82,	'Amora',	'1978-06-21',	51,	1120),
(83,	'Melancia',	'1995-07-24',	239,	4570),
(84,	'Passa',	'1989-03-31',	168,	9745),
(85,	'Banana',	'1991-02-28',	591,	1692),
(86,	'Abacaxi',	'1993-03-03',	698,	9759),
(87,	'Coco',	'1972-09-06',	919,	8509),
(88,	'Amora',	'1974-10-25',	279,	4680),
(89,	'Melancia',	'1994-10-12',	271,	1409),
(90,	'Coco',	'2012-08-13',	868,	2889),
(91,	'Cereja',	'1988-07-04',	433,	9437),
(92,	'Mamão',	'1982-06-07',	978,	2330),
(93,	'Passa',	'2001-03-29',	462,	808),
(94,	'Lichia',	'1983-03-15',	310,	364),
(95,	'Pera',	'1971-07-31',	474,	5289),
(96,	'Amora',	'2007-04-30',	22,	1560),
(97,	'Maçã',	'2007-09-25',	185,	2452),
(98,	'Melancia',	'1990-12-26',	306,	737),
(99,	'Mamão',	'1978-03-12',	483,	3516),
(100,	'Morango',	'2008-05-25',	533,	7712),
(101,	'Coco',	'1987-08-04',	290,	3154),
(102,	'Lima',	'2007-10-20',	63,	7206),
(103,	'Framboesa',	'1972-12-15',	775,	1666),
(104,	'Coco',	'1993-03-26',	354,	4032),
(105,	'Banana',	'1983-10-23',	155,	9298),
(106,	'Manga',	'1985-11-20',	152,	379),
(107,	'Kiwi',	'1996-06-29',	764,	4478),
(108,	'Maçã',	'2017-02-26',	822,	9985),
(109,	'Amora',	'2004-05-15',	106,	9734),
(110,	'Oxicoco',	'2021-01-30',	832,	3142),
(111,	'Uva',	'1998-08-08',	737,	932),
(112,	'Banana',	'1972-04-10',	728,	8129),
(113,	'Melancia',	'1988-10-21',	405,	5673),
(114,	'Manga',	'2009-09-03',	416,	9748),
(115,	'Melancia',	'2011-08-29',	288,	4475),
(116,	'Oxicoco',	'1989-08-13',	857,	192),
(117,	'Lichia',	'1996-07-30',	115,	4840),
(118,	'Pera',	'1995-04-21',	192,	3463),
(119,	'Mamão',	'2005-01-18',	297,	7310),
(120,	'Laranja',	'1985-11-24',	776,	2441),
(121,	'Coco',	'1989-07-24',	969,	5278),
(122,	'Goiaba',	'2018-04-10',	329,	8376),
(123,	'Pêssego',	'1989-10-12',	357,	9714),
(124,	'Abacaxi',	'1975-07-23',	890,	4756),
(125,	'Melancia',	'1992-03-12',	1000,	2272),
(126,	'Oxicoco',	'1970-01-27',	107,	3247),
(127,	'Banana',	'1992-09-29',	880,	2593),
(128,	'Pera',	'1988-01-18',	506,	4392),
(129,	'Oxicoco',	'1982-11-24',	945,	50),
(130,	'Manga',	'2018-05-26',	551,	2469),
(131,	'Laranja',	'1977-06-02',	838,	431),
(132,	'Kiwi',	'2015-10-06',	423,	3101),
(133,	'Oxicoco',	'1995-02-16',	320,	6095),
(134,	'Mamão',	'1983-01-23',	696,	8154),
(135,	'Melancia',	'2014-09-03',	874,	2653),
(136,	'Morango',	'1992-07-14',	216,	2045),
(137,	'Lima',	'1976-05-20',	803,	877),
(138,	'Banana',	'1999-01-18',	12,	6454),
(139,	'Pera',	'2011-09-19',	154,	1747),
(140,	'Oxicoco',	'1970-02-10',	180,	2982),
(141,	'Mamão',	'1991-01-01',	564,	298),
(142,	'Lichia',	'1980-08-22',	474,	183),
(143,	'Lima',	'1998-09-11',	816,	6705),
(144,	'Mirtilo',	'2002-01-15',	514,	9645),
(145,	'Coco',	'1992-01-08',	140,	8310),
(146,	'Kiwi',	'1996-03-26',	149,	280),
(147,	'Pera',	'1972-11-29',	685,	1506),
(148,	'Mirtilo',	'1983-11-19',	925,	9093),
(149,	'Laranja',	'2003-07-24',	464,	288),
(150,	'Maçã',	'1984-04-02',	574,	1679),
(151,	'Maçã',	'1989-11-21',	923,	3534),
(152,	'Oxicoco',	'2016-02-08',	413,	9231),
(153,	'Abacaxi',	'1975-10-17',	775,	1609),
(154,	'Lima',	'2010-01-22',	220,	4383),
(155,	'Oxicoco',	'1979-03-15',	115,	208),
(156,	'Melancia',	'1997-09-13',	489,	9668),
(157,	'Banana',	'1979-07-21',	881,	9024),
(158,	'Laranja',	'2011-06-29',	519,	8565),
(159,	'Amora',	'2003-08-13',	458,	4943),
(160,	'Pera',	'1973-11-23',	444,	834),
(161,	'Lichia',	'2002-03-07',	491,	8298),
(162,	'Lichia',	'2012-09-06',	482,	7758),
(163,	'Framboesa',	'1982-01-10',	684,	1262),
(164,	'Passa',	'1994-03-09',	980,	1687),
(165,	'Limão',	'2008-03-29',	781,	685),
(166,	'Laranja',	'1999-11-04',	935,	9030),
(167,	'Oxicoco',	'2017-07-21',	150,	8888),
(168,	'Mirtilo',	'2003-03-19',	203,	5310),
(169,	'Pêssego',	'1977-10-13',	604,	3589),
(170,	'Morango',	'1980-06-28',	305,	667),
(171,	'Mirtilo',	'1993-11-07',	219,	8087),
(172,	'Goiaba',	'2001-10-13',	437,	4859),
(173,	'Pera',	'2013-01-27',	495,	8061),
(174,	'Laranja',	'1976-08-18',	139,	1747),
(175,	'Banana',	'1981-04-08',	108,	7978),
(176,	'Mamão',	'2014-08-31',	85,	520),
(177,	'Mamão',	'1997-02-20',	329,	7333),
(178,	'Kiwi',	'1986-10-05',	720,	9651),
(179,	'Mirtilo',	'1972-07-02',	248,	6738),
(180,	'Kiwi',	'2019-11-11',	904,	5501),
(181,	'Morango',	'2019-04-05',	696,	7040),
(182,	'Coco',	'1972-02-18',	989,	186),
(183,	'Banana',	'1994-02-08',	928,	2244),
(184,	'Mirtilo',	'1991-04-24',	828,	8788),
(185,	'Kiwi',	'1972-01-05',	759,	9698),
(186,	'Laranja',	'1977-07-02',	717,	9702),
(187,	'Mirtilo',	'2010-06-15',	321,	7243),
(188,	'Passa',	'1985-12-28',	297,	8870),
(189,	'Cereja',	'2014-10-05',	318,	969),
(190,	'Cereja',	'1972-01-08',	823,	3665),
(191,	'Passa',	'1970-10-31',	397,	3343),
(192,	'Maçã',	'2020-12-24',	885,	7617),
(193,	'Maçã',	'2005-08-09',	835,	7249),
(194,	'Oxicoco',	'1995-04-16',	493,	5536),
(195,	'Maçã',	'1994-04-22',	330,	4470),
(196,	'Limão',	'1976-12-04',	711,	4657),
(197,	'Mirtilo',	'2013-04-28',	47,	1282),
(198,	'Lichia',	'2012-09-25',	120,	6605),
(199,	'Mamão',	'2019-05-07',	295,	806),
(200,	'Abacaxi',	'1988-03-08',	136,	7888),
(201,	'Lima',	'2014-09-14',	315,	1605),
(202,	'Kiwi',	'1992-01-24',	858,	69),
(203,	'Pêssego',	'2007-03-05',	637,	8334),
(204,	'Goiaba',	'1971-03-18',	582,	8310),
(205,	'Kiwi',	'1981-04-14',	300,	6100),
(206,	'Mamão',	'1997-10-02',	644,	4759),
(207,	'Kiwi',	'1974-08-30',	284,	3029),
(208,	'Cereja',	'1995-07-26',	741,	5970),
(209,	'Melancia',	'2007-05-08',	621,	1196),
(210,	'Manga',	'1995-06-14',	398,	6446),
(211,	'Pêssego',	'1997-11-23',	1,	3793),
(212,	'Amora',	'2017-04-17',	874,	9371),
(213,	'Maçã',	'1971-10-27',	46,	3058),
(214,	'Framboesa',	'1995-01-15',	438,	6785),
(215,	'Morango',	'2012-04-04',	770,	4615),
(216,	'Passa',	'1977-09-16',	4,	7063),
(217,	'Laranja',	'1975-05-29',	209,	6130),
(218,	'Passa',	'1987-07-14',	712,	6402),
(219,	'Limão',	'1999-04-25',	222,	4851),
(220,	'Uva',	'2015-12-24',	801,	5817),
(221,	'Mirtilo',	'1982-05-21',	279,	5982),
(222,	'Passa',	'1992-07-24',	252,	377),
(223,	'Goiaba',	'1987-03-03',	747,	4214),
(224,	'Oxicoco',	'1998-10-03',	426,	7260),
(225,	'Goiaba',	'1993-05-05',	37,	8741),
(226,	'Morango',	'2009-02-28',	905,	8160),
(227,	'Amora',	'2002-05-15',	62,	2081),
(228,	'Lichia',	'1976-04-04',	763,	3096),
(229,	'Morango',	'2009-07-06',	192,	3658),
(230,	'Manga',	'2013-06-06',	86,	8595),
(231,	'Laranja',	'1971-07-13',	483,	2290),
(232,	'Passa',	'1974-09-24',	490,	291),
(233,	'Lima',	'1980-01-19',	720,	9060),
(234,	'Laranja',	'2011-04-22',	541,	895),
(235,	'Cereja',	'1983-09-05',	386,	1391),
(236,	'Goiaba',	'2006-03-22',	104,	586),
(237,	'Mamão',	'1982-03-08',	369,	4580),
(238,	'Mirtilo',	'2000-05-20',	909,	7790),
(239,	'Amora',	'1975-04-29',	177,	2396),
(240,	'Pera',	'2009-01-04',	804,	6481),
(241,	'Abacaxi',	'1985-03-14',	451,	1734),
(242,	'Abacaxi',	'1984-01-13',	139,	5135),
(243,	'Maçã',	'1991-03-22',	873,	9298),
(244,	'Abacaxi',	'2000-03-05',	554,	6599),
(245,	'Manga',	'2018-01-03',	166,	8662),
(246,	'Lichia',	'2004-10-18',	955,	3729),
(247,	'Kiwi',	'2015-12-14',	461,	7785),
(248,	'Uva',	'1994-12-16',	338,	6077),
(249,	'Maçã',	'1975-03-27',	369,	7850),
(250,	'Pera',	'2015-09-15',	776,	8847),
(251,	'Lichia',	'1970-07-28',	603,	8333),
(252,	'Abacaxi',	'1985-05-25',	208,	6846),
(253,	'Amora',	'2008-06-06',	281,	1283),
(254,	'Framboesa',	'2004-08-15',	550,	8531),
(255,	'Cereja',	'1981-09-17',	705,	5917),
(256,	'Mamão',	'2016-06-16',	431,	6905),
(257,	'Lichia',	'1976-12-30',	564,	8380),
(258,	'Abacaxi',	'1980-11-13',	563,	1419),
(259,	'Morango',	'2002-05-11',	957,	8961),
(260,	'Lichia',	'1992-11-18',	492,	3654),
(261,	'Mirtilo',	'2017-03-24',	696,	1914),
(262,	'Manga',	'2000-06-13',	607,	6763),
(263,	'Framboesa',	'1977-04-04',	52,	3258),
(264,	'Banana',	'1985-09-08',	560,	7123),
(265,	'Lichia',	'1994-04-03',	765,	3408),
(266,	'Oxicoco',	'1984-02-12',	278,	5975),
(267,	'Kiwi',	'1970-11-23',	263,	2590),
(268,	'Morango',	'2011-06-26',	862,	1264),
(269,	'Laranja',	'1998-02-12',	179,	9712),
(270,	'Mirtilo',	'1987-11-10',	135,	7044),
(271,	'Amora',	'1978-09-28',	459,	1625),
(272,	'Mirtilo',	'1993-08-02',	85,	5351),
(273,	'Manga',	'1995-02-28',	472,	9819),
(274,	'Pera',	'1982-07-30',	493,	2207),
(275,	'Melancia',	'2019-04-02',	109,	9335),
(276,	'Pêssego',	'1986-05-04',	580,	5249),
(277,	'Morango',	'1971-06-29',	430,	1212),
(278,	'Framboesa',	'2014-12-25',	911,	8427),
(279,	'Lima',	'2010-09-30',	273,	2523),
(280,	'Passa',	'2015-01-28',	658,	6816),
(281,	'Abacaxi',	'1973-10-16',	436,	8057),
(282,	'Mamão',	'2019-10-17',	57,	8742),
(283,	'Passa',	'2002-02-24',	649,	9782),
(284,	'Lima',	'1988-02-20',	495,	6087),
(285,	'Limão',	'1984-03-28',	80,	3535),
(286,	'Framboesa',	'1986-02-06',	522,	88),
(287,	'Oxicoco',	'2014-02-09',	579,	6274),
(288,	'Passa',	'1985-06-19',	928,	6488),
(289,	'Laranja',	'2013-05-17',	433,	5708),
(290,	'Kiwi',	'1986-01-29',	364,	7810),
(291,	'Cereja',	'1986-11-26',	59,	114),
(292,	'Pera',	'1994-05-23',	218,	2436),
(293,	'Morango',	'1992-03-29',	589,	6812),
(294,	'Mirtilo',	'1991-01-06',	640,	7697),
(295,	'Uva',	'1986-11-12',	423,	6017),
(296,	'Limão',	'1979-03-20',	493,	4780),
(297,	'Kiwi',	'2015-07-15',	839,	9177),
(298,	'Pêssego',	'1983-06-04',	903,	5581),
(299,	'Mamão',	'1988-02-05',	885,	4088),
(300,	'Laranja',	'1994-11-08',	611,	5757),
(301,	'Goiaba',	'1975-10-16',	435,	6691),
(302,	'Mirtilo',	'1970-06-10',	122,	1335),
(303,	'Melancia',	'2013-12-24',	768,	3884),
(304,	'Amora',	'1982-12-09',	910,	4947),
(305,	'Abacaxi',	'1996-06-11',	896,	9091),
(306,	'Mamão',	'1996-02-26',	371,	4576),
(307,	'Uva',	'2008-08-27',	870,	7669),
(308,	'Kiwi',	'2003-09-09',	252,	4855),
(309,	'Lichia',	'2018-08-28',	7,	5944),
(310,	'Mirtilo',	'1979-04-17',	240,	5962),
(311,	'Amora',	'1973-01-03',	404,	275),
(312,	'Lima',	'1971-04-23',	571,	2128),
(313,	'Oxicoco',	'1975-07-10',	55,	7144),
(314,	'Uva',	'1990-12-14',	493,	5252),
(315,	'Passa',	'1990-03-24',	557,	1545),
(316,	'Manga',	'1971-07-14',	987,	778),
(317,	'Manga',	'1977-11-07',	61,	423),
(318,	'Uva',	'1986-12-18',	390,	6696),
(319,	'Cereja',	'2017-03-13',	830,	9638),
(320,	'Abacaxi',	'1994-04-02',	107,	7279),
(321,	'Mirtilo',	'2019-02-03',	999,	7751),
(322,	'Coco',	'2018-04-23',	471,	9359),
(323,	'Manga',	'1999-05-31',	26,	2081),
(324,	'Framboesa',	'1976-07-11',	345,	7832),
(325,	'Uva',	'1978-02-18',	559,	9437),
(326,	'Laranja',	'2007-09-10',	862,	6752),
(327,	'Manga',	'1971-02-24',	170,	7801),
(328,	'Uva',	'2009-06-15',	799,	7774),
(329,	'Lichia',	'1994-08-03',	963,	443),
(330,	'Oxicoco',	'2007-09-09',	949,	2873),
(331,	'Kiwi',	'2006-12-09',	268,	8062),
(332,	'Pera',	'1993-07-12',	74,	431),
(333,	'Kiwi',	'2008-10-01',	140,	2320),
(334,	'Mirtilo',	'1978-08-03',	412,	5731),
(335,	'Pêssego',	'1995-01-23',	752,	282),
(336,	'Limão',	'1983-08-25',	42,	5962),
(337,	'Abacaxi',	'2001-01-14',	666,	3839),
(338,	'Goiaba',	'2013-08-14',	813,	8941),
(339,	'Lichia',	'2018-02-16',	201,	3206),
(340,	'Maçã',	'1997-12-30',	827,	168),
(341,	'Framboesa',	'2013-12-01',	220,	5500),
(342,	'Pera',	'2011-08-29',	459,	7734),
(343,	'Cereja',	'2000-01-16',	556,	8876),
(344,	'Morango',	'1979-05-30',	722,	79),
(345,	'Mirtilo',	'2017-04-21',	339,	940),
(346,	'Melancia',	'1992-01-14',	62,	7486),
(347,	'Melancia',	'1987-05-11',	90,	7035),
(348,	'Goiaba',	'2007-10-04',	250,	3330),
(349,	'Banana',	'2015-10-12',	657,	2630),
(350,	'Lima',	'2004-02-18',	634,	7844),
(351,	'Pêssego',	'1980-10-05',	943,	3682),
(352,	'Pêssego',	'1975-11-18',	220,	6595),
(353,	'Pêssego',	'2011-02-23',	762,	2965),
(354,	'Laranja',	'1974-08-09',	80,	4764),
(355,	'Morango',	'1995-09-08',	711,	8196),
(356,	'Manga',	'2001-03-12',	307,	1253),
(357,	'Manga',	'1972-08-17',	652,	5233),
(358,	'Limão',	'1998-04-20',	727,	7544),
(359,	'Pêssego',	'2014-12-04',	621,	8739),
(360,	'Pêssego',	'1986-05-17',	188,	9466),
(361,	'Amora',	'1977-04-23',	354,	767),
(362,	'Maçã',	'1973-11-21',	129,	6765),
(363,	'Manga',	'1972-10-04',	911,	6471),
(364,	'Melancia',	'1975-12-06',	581,	6037),
(365,	'Pêssego',	'1981-10-20',	744,	2462),
(366,	'Pêssego',	'2018-08-25',	818,	1435),
(367,	'Mirtilo',	'1995-12-10',	23,	6141),
(368,	'Mirtilo',	'1980-06-26',	315,	5830),
(369,	'Pêssego',	'1995-02-01',	707,	5920),
(370,	'Mamão',	'2009-09-19',	23,	7054),
(371,	'Banana',	'1979-12-16',	259,	46),
(372,	'Oxicoco',	'2001-12-18',	791,	3264),
(373,	'Lima',	'2016-03-17',	685,	456),
(374,	'Coco',	'2013-11-16',	478,	4957),
(375,	'Coco',	'1980-01-01',	568,	7590),
(376,	'Abacaxi',	'1976-01-05',	479,	2817),
(377,	'Oxicoco',	'1972-09-07',	757,	4120),
(378,	'Lichia',	'2017-08-02',	150,	1345),
(379,	'Manga',	'1987-12-05',	216,	7584),
(380,	'Limão',	'2020-02-03',	17,	908),
(381,	'Oxicoco',	'1990-04-20',	311,	2856),
(382,	'Amora',	'2016-09-15',	832,	9372),
(383,	'Framboesa',	'1997-09-13',	703,	8071),
(384,	'Amora',	'1980-12-10',	249,	8473),
(385,	'Uva',	'1989-09-03',	433,	9400),
(386,	'Pêssego',	'1970-03-08',	534,	4593),
(387,	'Framboesa',	'2007-10-11',	449,	288),
(388,	'Amora',	'2016-10-21',	17,	9470),
(389,	'Melancia',	'1994-09-03',	477,	5782),
(390,	'Limão',	'2006-12-15',	993,	3053),
(391,	'Goiaba',	'1987-06-16',	593,	3375),
(392,	'Kiwi',	'1979-05-03',	869,	5655),
(393,	'Pera',	'1999-01-29',	379,	5576),
(394,	'Melancia',	'2000-12-18',	94,	5428),
(395,	'Morango',	'2019-07-26',	712,	3031),
(396,	'Morango',	'1973-05-12',	34,	3308),
(397,	'Uva',	'1983-10-24',	856,	4841),
(398,	'Lichia',	'2014-10-05',	690,	9391),
(399,	'Uva',	'2010-07-10',	83,	2459),
(400,	'Oxicoco',	'2009-03-19',	600,	8847),
(401,	'Framboesa',	'2007-04-14',	292,	2293),
(402,	'Pera',	'2019-07-02',	914,	7725),
(403,	'Abacaxi',	'1975-05-05',	149,	5316),
(404,	'Framboesa',	'2019-05-01',	32,	4703),
(405,	'Pêssego',	'1991-10-30',	125,	812),
(406,	'Mirtilo',	'1979-07-27',	547,	5194),
(407,	'Pera',	'1976-08-08',	740,	1938),
(408,	'Lichia',	'1989-10-20',	145,	9471),
(409,	'Kiwi',	'2012-04-12',	587,	9331),
(410,	'Banana',	'2019-06-06',	302,	5225),
(411,	'Maçã',	'1972-11-27',	819,	85),
(412,	'Kiwi',	'1980-07-27',	908,	6414),
(413,	'Melancia',	'2005-04-04',	881,	3582),
(414,	'Framboesa',	'1986-11-21',	662,	7220),
(415,	'Amora',	'2007-04-24',	484,	9869),
(416,	'Uva',	'1996-02-23',	230,	4295),
(417,	'Framboesa',	'2003-02-26',	584,	750),
(418,	'Pera',	'1970-03-17',	493,	1754),
(419,	'Passa',	'2017-03-27',	297,	7140),
(420,	'Kiwi',	'1996-04-09',	303,	5839),
(421,	'Abacaxi',	'2011-01-13',	725,	3550),
(422,	'Mamão',	'2021-03-24',	325,	8620),
(423,	'Lichia',	'2019-02-01',	185,	934),
(424,	'Manga',	'2008-02-19',	342,	1300),
(425,	'Lichia',	'2007-05-12',	151,	6548),
(426,	'Manga',	'2007-09-11',	100,	828),
(427,	'Abacaxi',	'2001-06-07',	657,	2559),
(428,	'Pêssego',	'1993-07-08',	370,	4508),
(429,	'Abacaxi',	'2010-06-29',	656,	1786),
(430,	'Coco',	'1980-03-05',	349,	6677),
(431,	'Cereja',	'1986-04-14',	565,	3173),
(432,	'Lichia',	'1996-12-05',	965,	9304),
(433,	'Uva',	'2017-10-01',	64,	767),
(434,	'Abacaxi',	'1982-04-19',	27,	960),
(435,	'Cereja',	'1972-09-17',	37,	1751),
(436,	'Banana',	'1985-07-11',	508,	7807),
(437,	'Cereja',	'2016-04-04',	6,	7593),
(438,	'Maçã',	'1971-12-21',	577,	8931),
(439,	'Pêssego',	'2011-11-15',	523,	7877),
(440,	'Amora',	'1976-12-22',	529,	5700),
(441,	'Pêssego',	'1972-11-13',	136,	5545),
(442,	'Melancia',	'2008-07-03',	494,	987),
(443,	'Pera',	'2020-03-29',	601,	2629),
(444,	'Limão',	'1988-03-05',	47,	9105),
(445,	'Coco',	'2008-02-28',	35,	4252),
(446,	'Uva',	'1990-09-02',	686,	3254),
(447,	'Oxicoco',	'2016-02-16',	37,	7640),
(448,	'Pêssego',	'1971-02-02',	789,	4768),
(449,	'Morango',	'1998-06-17',	59,	7924),
(450,	'Coco',	'1984-03-17',	69,	7964),
(451,	'Passa',	'2003-01-28',	937,	673),
(452,	'Goiaba',	'2001-11-30',	328,	2530),
(453,	'Goiaba',	'2017-12-24',	659,	2140),
(454,	'Framboesa',	'1998-01-31',	797,	4060),
(455,	'Abacaxi',	'2008-02-15',	618,	6558),
(456,	'Mirtilo',	'2010-11-12',	403,	1195),
(457,	'Lima',	'1996-11-25',	157,	7550),
(458,	'Lima',	'1978-07-08',	402,	9694),
(459,	'Kiwi',	'2016-01-02',	199,	5305),
(460,	'Cereja',	'2003-03-10',	212,	3449),
(461,	'Uva',	'1978-07-15',	554,	6025),
(462,	'Pêssego',	'1996-06-04',	859,	6334),
(463,	'Coco',	'1990-01-27',	545,	1017),
(464,	'Banana',	'1989-12-31',	959,	718),
(465,	'Manga',	'1999-02-18',	441,	1495),
(466,	'Pera',	'2001-07-23',	516,	9872),
(467,	'Kiwi',	'1973-08-28',	92,	7977),
(468,	'Laranja',	'2008-04-08',	462,	5349),
(469,	'Lima',	'2010-09-18',	176,	9608),
(470,	'Lichia',	'2016-01-30',	611,	9312),
(471,	'Lima',	'2000-06-06',	431,	9633),
(472,	'Goiaba',	'1973-01-06',	431,	8916),
(473,	'Passa',	'2019-11-21',	60,	1614),
(474,	'Framboesa',	'1975-02-05',	392,	3407),
(475,	'Oxicoco',	'2015-01-04',	104,	9260),
(476,	'Abacaxi',	'2002-08-24',	691,	5560),
(477,	'Cereja',	'1975-10-18',	232,	1471),
(478,	'Pêssego',	'2017-12-05',	400,	7301),
(479,	'Abacaxi',	'2004-09-10',	977,	3916),
(480,	'Goiaba',	'1987-12-13',	127,	3927),
(481,	'Melancia',	'1974-12-24',	435,	4218),
(482,	'Laranja',	'1999-09-22',	746,	4197),
(483,	'Laranja',	'1997-12-18',	244,	1047),
(484,	'Framboesa',	'1996-07-17',	220,	7035),
(485,	'Goiaba',	'2005-01-10',	710,	2706),
(486,	'Goiaba',	'2010-05-22',	9,	9821),
(487,	'Abacaxi',	'1970-10-14',	994,	1047),
(488,	'Abacaxi',	'2004-01-01',	91,	6182),
(489,	'Limão',	'1983-10-18',	201,	8952),
(490,	'Oxicoco',	'1991-03-16',	158,	987),
(491,	'Mamão',	'1978-01-03',	577,	2697),
(492,	'Melancia',	'2000-05-08',	316,	3065),
(493,	'Maçã',	'2009-09-20',	585,	3076),
(494,	'Lichia',	'2003-05-30',	818,	5730),
(495,	'Passa',	'1994-07-14',	35,	3359),
(496,	'Goiaba',	'1987-07-13',	635,	7191),
(497,	'Mamão',	'2016-09-14',	317,	8112),
(498,	'Goiaba',	'2010-02-07',	150,	8869),
(499,	'Pera',	'1995-07-22',	227,	2647),
(500,	'Banana',	'2019-07-12',	812,	8730),
(501,	'Lichia',	'1990-02-05',	984,	7887),
(502,	'Coco',	'1985-08-10',	39,	373),
(503,	'Mirtilo',	'1970-05-03',	740,	7833),
(504,	'Coco',	'1981-04-08',	167,	9153),
(505,	'Melancia',	'1983-01-24',	988,	2013),
(506,	'Passa',	'2017-12-12',	399,	8048),
(507,	'Maçã',	'2012-12-05',	372,	6237),
(508,	'Mirtilo',	'1989-03-30',	426,	239),
(509,	'Pêssego',	'2009-12-26',	162,	9852),
(510,	'Morango',	'1996-11-06',	14,	2628),
(511,	'Melancia',	'2015-04-12',	368,	2664),
(512,	'Banana',	'1981-06-14',	881,	3866),
(513,	'Manga',	'2011-06-20',	998,	5801),
(514,	'Morango',	'2014-08-03',	790,	1567),
(515,	'Pêssego',	'1998-08-20',	989,	194),
(516,	'Banana',	'1975-01-15',	68,	1390),
(517,	'Abacaxi',	'1987-11-04',	14,	6592),
(518,	'Coco',	'1991-10-29',	557,	986),
(519,	'Oxicoco',	'2010-03-18',	870,	6307),
(520,	'Limão',	'1978-10-01',	685,	6062),
(521,	'Banana',	'2002-07-26',	213,	4130),
(522,	'Mirtilo',	'1997-02-23',	722,	9559),
(523,	'Coco',	'1988-10-06',	678,	5971),
(524,	'Morango',	'1990-11-28',	368,	9725),
(525,	'Amora',	'1970-08-03',	410,	8604),
(526,	'Limão',	'1985-05-27',	116,	8103),
(527,	'Pêssego',	'2002-02-20',	898,	3061),
(528,	'Mirtilo',	'1993-02-04',	61,	8677),
(529,	'Laranja',	'1972-03-20',	35,	3066),
(530,	'Goiaba',	'2014-06-30',	21,	2123),
(531,	'Manga',	'1975-11-03',	242,	5737),
(532,	'Limão',	'1981-01-08',	109,	3696),
(533,	'Melancia',	'1989-02-07',	479,	8249),
(534,	'Framboesa',	'1988-04-11',	396,	7924),
(535,	'Pêssego',	'1998-07-22',	478,	996),
(536,	'Kiwi',	'1971-01-14',	177,	2241),
(537,	'Pêssego',	'1985-01-10',	817,	1413),
(538,	'Mirtilo',	'2003-07-09',	688,	2945),
(539,	'Goiaba',	'2008-12-08',	77,	4956),
(540,	'Melancia',	'2018-05-01',	283,	6763),
(541,	'Lichia',	'2013-09-21',	783,	1464),
(542,	'Pera',	'1996-09-07',	524,	7067),
(543,	'Pera',	'1978-07-13',	788,	7847),
(544,	'Maçã',	'1974-05-30',	467,	4813),
(545,	'Laranja',	'2016-02-20',	842,	8078),
(546,	'Goiaba',	'2007-05-12',	93,	6505),
(547,	'Limão',	'2005-04-25',	973,	8940),
(548,	'Lima',	'2009-05-28',	493,	5448),
(549,	'Pêssego',	'2005-10-28',	757,	2216),
(550,	'Uva',	'2019-07-22',	807,	6008),
(551,	'Cereja',	'2013-07-09',	723,	6311),
(552,	'Melancia',	'2011-11-14',	664,	3749),
(553,	'Morango',	'1975-09-02',	602,	494),
(554,	'Passa',	'1995-03-15',	842,	5307),
(555,	'Manga',	'1997-08-31',	725,	3700),
(556,	'Coco',	'1982-07-28',	935,	7803),
(557,	'Abacaxi',	'1988-06-23',	227,	3021),
(558,	'Uva',	'1984-09-19',	423,	1777),
(559,	'Kiwi',	'2017-07-11',	729,	8467),
(560,	'Amora',	'1981-08-15',	450,	4164),
(561,	'Oxicoco',	'2011-08-22',	474,	2671),
(562,	'Maçã',	'1995-05-25',	929,	6918),
(563,	'Amora',	'1992-06-16',	925,	2625),
(564,	'Mirtilo',	'1998-01-02',	812,	1422),
(565,	'Morango',	'1975-09-21',	277,	8238),
(566,	'Maçã',	'1985-06-15',	651,	410),
(567,	'Mirtilo',	'1999-10-23',	835,	1700),
(568,	'Abacaxi',	'2003-11-24',	567,	436),
(569,	'Lima',	'2005-05-07',	28,	5106),
(570,	'Abacaxi',	'1977-02-19',	483,	178),
(571,	'Limão',	'2020-01-16',	386,	7628),
(572,	'Mamão',	'2002-11-24',	184,	7412),
(573,	'Pêssego',	'2018-04-07',	81,	5854),
(574,	'Kiwi',	'2019-03-12',	531,	1898),
(575,	'Lichia',	'2017-01-14',	735,	8542),
(576,	'Uva',	'1972-09-22',	446,	7086),
(577,	'Passa',	'1995-12-13',	246,	4610),
(578,	'Goiaba',	'1994-11-26',	887,	1209),
(579,	'Goiaba',	'1999-02-04',	674,	9107),
(580,	'Amora',	'2005-07-31',	623,	2951),
(581,	'Banana',	'2004-05-27',	113,	7076),
(582,	'Cereja',	'1971-05-22',	100,	9279),
(583,	'Framboesa',	'2012-04-13',	109,	1360),
(584,	'Uva',	'2002-05-10',	777,	4419),
(585,	'Kiwi',	'1986-06-28',	140,	4915),
(586,	'Mirtilo',	'1975-04-16',	748,	1094),
(587,	'Mirtilo',	'1997-08-24',	902,	7734),
(588,	'Mirtilo',	'1985-03-17',	997,	3598),
(589,	'Uva',	'2020-01-15',	962,	943),
(590,	'Melancia',	'1989-07-07',	73,	3455),
(591,	'Pera',	'2007-07-19',	115,	7786),
(592,	'Framboesa',	'2007-03-01',	620,	9631),
(593,	'Uva',	'1977-08-05',	535,	5149),
(594,	'Framboesa',	'2000-12-18',	354,	7764),
(595,	'Lichia',	'1973-10-11',	336,	3779),
(596,	'Kiwi',	'1993-06-12',	203,	5185),
(597,	'Uva',	'1998-12-21',	833,	1419),
(598,	'Coco',	'1986-06-29',	438,	5788),
(599,	'Goiaba',	'1984-10-27',	804,	7232),
(600,	'Framboesa',	'1996-05-10',	510,	8361),
(601,	'Lichia',	'2018-04-20',	25,	4353),
(602,	'Banana',	'2020-02-16',	238,	8591),
(603,	'Lichia',	'1998-11-26',	646,	5017),
(604,	'Laranja',	'2007-04-27',	533,	5041),
(605,	'Maçã',	'2013-11-14',	982,	6395),
(606,	'Oxicoco',	'1993-06-07',	204,	2329),
(607,	'Lima',	'1971-08-11',	811,	8976),
(608,	'Lima',	'1987-04-23',	349,	1360),
(609,	'Oxicoco',	'1985-05-10',	679,	6755),
(610,	'Laranja',	'2001-02-11',	648,	3490),
(611,	'Mamão',	'1995-03-14',	68,	4209),
(612,	'Cereja',	'1999-08-26',	125,	2076),
(613,	'Lichia',	'1982-12-14',	857,	7265),
(614,	'Kiwi',	'1981-12-23',	547,	5460),
(615,	'Banana',	'1980-09-23',	144,	5948),
(616,	'Melancia',	'2010-02-10',	358,	9441),
(617,	'Melancia',	'2005-08-16',	607,	7812),
(618,	'Framboesa',	'1999-05-04',	886,	8151),
(619,	'Goiaba',	'1995-09-29',	748,	1041),
(620,	'Cereja',	'1998-07-25',	993,	3129),
(621,	'Passa',	'2013-06-04',	191,	7387),
(622,	'Kiwi',	'1986-01-28',	418,	470),
(623,	'Morango',	'2017-12-09',	616,	7999),
(624,	'Mamão',	'2013-08-24',	595,	7345),
(625,	'Amora',	'1983-09-15',	756,	7223),
(626,	'Melancia',	'2018-11-02',	290,	8813),
(627,	'Cereja',	'1995-11-09',	914,	5231),
(628,	'Lima',	'1981-11-27',	828,	4069),
(629,	'Morango',	'2014-01-24',	745,	1501),
(630,	'Maçã',	'1998-04-29',	221,	2263),
(631,	'Amora',	'1980-08-11',	639,	3706),
(632,	'Goiaba',	'2003-06-13',	838,	9186),
(633,	'Limão',	'1982-04-25',	320,	1606),
(634,	'Cereja',	'1984-10-14',	963,	4580),
(635,	'Uva',	'1993-11-10',	642,	7371),
(636,	'Mamão',	'1991-07-16',	463,	9829),
(637,	'Pera',	'2008-09-05',	929,	8563),
(638,	'Lima',	'1996-04-26',	841,	2570),
(639,	'Passa',	'2004-04-10',	767,	2790),
(640,	'Limão',	'1977-10-16',	263,	4586),
(641,	'Abacaxi',	'1985-03-30',	401,	4964),
(642,	'Lima',	'1994-05-28',	353,	2282),
(643,	'Maçã',	'1997-02-06',	913,	9153),
(644,	'Cereja',	'2014-01-19',	980,	2999),
(645,	'Pêssego',	'1975-10-10',	388,	8153),
(646,	'Kiwi',	'2006-06-27',	913,	1308),
(647,	'Uva',	'1996-05-17',	262,	98),
(648,	'Pêssego',	'2005-10-15',	24,	8796),
(649,	'Laranja',	'2016-07-18',	332,	6997),
(650,	'Goiaba',	'1996-02-21',	283,	7183),
(651,	'Manga',	'1983-11-15',	74,	1922),
(652,	'Framboesa',	'1979-10-25',	635,	5841),
(653,	'Limão',	'1989-09-26',	580,	8306),
(654,	'Pera',	'2004-08-13',	856,	2613),
(655,	'Morango',	'1982-12-25',	428,	5810),
(656,	'Coco',	'2001-09-18',	904,	6836),
(657,	'Maçã',	'1996-06-13',	675,	5563),
(658,	'Lichia',	'2017-03-28',	766,	2307),
(659,	'Lichia',	'1982-01-17',	519,	5511),
(660,	'Oxicoco',	'1975-11-02',	627,	8008),
(661,	'Oxicoco',	'1995-10-25',	850,	1296),
(662,	'Maçã',	'1997-03-31',	273,	1804),
(663,	'Laranja',	'1999-07-01',	524,	7716),
(664,	'Morango',	'2008-03-12',	253,	7841),
(665,	'Morango',	'2013-10-04',	802,	7493),
(666,	'Melancia',	'1994-09-09',	862,	7974),
(667,	'Morango',	'1986-03-21',	799,	8559),
(668,	'Cereja',	'2004-02-18',	496,	2788),
(669,	'Uva',	'1976-02-22',	517,	7776),
(670,	'Goiaba',	'1989-11-17',	101,	2745),
(671,	'Amora',	'2018-04-23',	572,	3635),
(672,	'Passa',	'1983-06-06',	258,	31),
(673,	'Goiaba',	'1970-09-14',	180,	6650),
(674,	'Passa',	'1973-08-10',	85,	2690),
(675,	'Morango',	'2000-10-28',	984,	453),
(676,	'Banana',	'2002-06-17',	83,	1889),
(677,	'Pera',	'1980-02-10',	792,	3601),
(678,	'Mamão',	'2018-02-10',	33,	1308),
(679,	'Lima',	'2006-10-19',	374,	2482),
(680,	'Maçã',	'2002-02-20',	840,	2553),
(681,	'Goiaba',	'2010-06-19',	945,	7444),
(682,	'Oxicoco',	'2020-12-31',	658,	8222),
(683,	'Limão',	'2004-12-20',	370,	2352),
(684,	'Mamão',	'1970-07-11',	391,	4494),
(685,	'Cereja',	'1996-05-24',	378,	9540),
(686,	'Abacaxi',	'2003-02-14',	631,	1897),
(687,	'Limão',	'1972-10-25',	751,	51),
(688,	'Mamão',	'1976-04-26',	24,	7655),
(689,	'Kiwi',	'1978-03-30',	160,	1043),
(690,	'Cereja',	'2016-06-18',	832,	1042),
(691,	'Limão',	'2016-10-29',	634,	147),
(692,	'Abacaxi',	'1982-07-15',	59,	3626),
(693,	'Melancia',	'1995-05-18',	300,	9266),
(694,	'Lichia',	'1991-12-19',	805,	687),
(695,	'Limão',	'2016-03-23',	655,	1264),
(696,	'Banana',	'2014-02-09',	972,	1108),
(697,	'Coco',	'2020-05-14',	917,	2055),
(698,	'Morango',	'2005-01-04',	920,	6921),
(699,	'Mamão',	'2001-05-28',	581,	5874),
(700,	'Laranja',	'1982-12-16',	999,	8787),
(701,	'Melancia',	'2000-12-18',	894,	3984),
(702,	'Amora',	'1985-09-22',	648,	8809),
(703,	'Lima',	'1983-12-15',	21,	6601),
(704,	'Mamão',	'2005-07-18',	109,	2135),
(705,	'Abacaxi',	'2003-05-23',	721,	7929),
(706,	'Laranja',	'1992-04-29',	676,	7148),
(707,	'Kiwi',	'1998-01-30',	712,	2660),
(708,	'Mirtilo',	'1995-05-10',	590,	6158),
(709,	'Pera',	'2012-08-23',	196,	369),
(710,	'Oxicoco',	'1987-03-16',	648,	681),
(711,	'Passa',	'1999-05-15',	784,	8418),
(712,	'Banana',	'2004-12-20',	404,	555),
(713,	'Kiwi',	'1987-07-16',	532,	7231),
(714,	'Limão',	'1979-12-05',	675,	6907),
(715,	'Mamão',	'2017-06-16',	78,	1403),
(716,	'Cereja',	'2005-09-02',	628,	9157),
(717,	'Oxicoco',	'2012-02-24',	505,	5395),
(718,	'Amora',	'2009-10-21',	917,	8648),
(719,	'Banana',	'2014-08-01',	491,	18),
(720,	'Banana',	'2005-06-06',	550,	257),
(721,	'Banana',	'2006-10-24',	756,	3565),
(722,	'Passa',	'2013-08-22',	743,	7830),
(723,	'Banana',	'2015-03-09',	999,	3018),
(724,	'Pera',	'1989-03-21',	507,	4705),
(725,	'Manga',	'1992-08-27',	966,	6303),
(726,	'Lima',	'1991-02-14',	140,	9648),
(727,	'Manga',	'1988-06-20',	666,	7566),
(728,	'Framboesa',	'2014-09-30',	340,	4703),
(729,	'Lichia',	'1993-07-21',	528,	2231),
(730,	'Oxicoco',	'1978-12-05',	803,	8823),
(731,	'Amora',	'2005-10-05',	223,	8588),
(732,	'Laranja',	'2001-10-11',	332,	5385),
(733,	'Uva',	'1978-09-06',	418,	3806),
(734,	'Lichia',	'1975-11-20',	345,	1862),
(735,	'Framboesa',	'2000-02-29',	997,	2546),
(736,	'Coco',	'1971-01-03',	634,	6913),
(737,	'Mirtilo',	'1983-06-17',	21,	8483),
(738,	'Laranja',	'2001-12-17',	99,	8761),
(739,	'Mirtilo',	'2002-06-10',	609,	3688),
(740,	'Cereja',	'1985-10-30',	485,	1479),
(741,	'Abacaxi',	'1999-11-30',	336,	6614),
(742,	'Limão',	'1970-09-19',	216,	13),
(743,	'Goiaba',	'1981-04-21',	464,	3174),
(744,	'Framboesa',	'2003-09-09',	46,	2952),
(745,	'Passa',	'1994-10-12',	548,	1106),
(746,	'Morango',	'1986-02-27',	112,	4203),
(747,	'Goiaba',	'1977-04-01',	147,	2313),
(748,	'Cereja',	'1994-10-01',	498,	4999),
(749,	'Lima',	'1991-07-25',	32,	8984),
(750,	'Framboesa',	'2003-07-05',	8,	9690),
(751,	'Maçã',	'1991-03-11',	297,	6897),
(752,	'Oxicoco',	'1973-12-14',	883,	4680),
(753,	'Framboesa',	'1976-05-19',	281,	2122),
(754,	'Maçã',	'1997-08-26',	563,	4979),
(755,	'Framboesa',	'2020-11-10',	22,	3584),
(756,	'Pêssego',	'2016-05-05',	637,	7883),
(757,	'Uva',	'1978-12-22',	301,	9766),
(758,	'Cereja',	'1991-08-07',	102,	2617),
(759,	'Kiwi',	'2005-07-21',	255,	3531),
(760,	'Morango',	'2014-09-13',	181,	213),
(761,	'Maçã',	'1980-10-26',	432,	2048),
(762,	'Passa',	'1990-12-03',	220,	9653),
(763,	'Abacaxi',	'2014-06-19',	941,	9656),
(764,	'Coco',	'2004-01-02',	621,	8002),
(765,	'Laranja',	'2002-06-05',	547,	4796),
(766,	'Kiwi',	'2001-02-21',	754,	9217),
(767,	'Cereja',	'1998-01-13',	625,	6722),
(768,	'Framboesa',	'1990-01-24',	636,	2555),
(769,	'Lima',	'1988-07-05',	362,	7096),
(770,	'Goiaba',	'2012-10-11',	88,	7599),
(771,	'Pêssego',	'1984-05-29',	726,	5249),
(772,	'Passa',	'2011-09-25',	258,	8676),
(773,	'Goiaba',	'2017-03-16',	811,	376),
(774,	'Limão',	'1980-09-09',	759,	1128),
(775,	'Banana',	'1977-07-25',	388,	7952),
(776,	'Passa',	'1982-09-21',	588,	553),
(777,	'Maçã',	'2013-09-25',	490,	329),
(778,	'Manga',	'1992-05-03',	405,	5163),
(779,	'Lichia',	'1980-03-31',	857,	6864),
(780,	'Pera',	'1988-05-02',	16,	8368),
(781,	'Lima',	'1976-07-27',	680,	9832),
(782,	'Banana',	'2013-02-23',	769,	3892),
(783,	'Maçã',	'1973-10-15',	928,	1915),
(784,	'Framboesa',	'1979-11-14',	241,	9294),
(785,	'Oxicoco',	'1974-04-26',	66,	8718),
(786,	'Pera',	'1997-07-04',	82,	4680),
(787,	'Banana',	'1985-03-18',	130,	2759),
(788,	'Lima',	'1986-02-19',	563,	5573),
(789,	'Amora',	'1990-08-14',	9,	387),
(790,	'Manga',	'2012-04-06',	790,	4409),
(791,	'Kiwi',	'1995-04-03',	602,	7245),
(792,	'Framboesa',	'1991-03-27',	178,	4393),
(793,	'Cereja',	'1992-03-02',	127,	8267),
(794,	'Limão',	'2013-10-08',	623,	5536),
(795,	'Maçã',	'1988-08-14',	427,	9114),
(796,	'Passa',	'2015-10-07',	150,	6651),
(797,	'Kiwi',	'1993-01-12',	666,	9485),
(798,	'Laranja',	'2009-06-26',	640,	8727),
(799,	'Morango',	'1970-09-15',	252,	4905),
(800,	'Pêssego',	'1974-07-09',	958,	1348),
(801,	'Maçã',	'1995-10-15',	25,	1698),
(802,	'Laranja',	'2011-06-17',	494,	5756),
(803,	'Laranja',	'1989-07-09',	155,	520),
(804,	'Cereja',	'1996-08-10',	260,	9365),
(805,	'Manga',	'1991-01-16',	114,	4361),
(806,	'Pêssego',	'1983-06-26',	872,	2748),
(807,	'Framboesa',	'2004-12-17',	562,	1901),
(808,	'Oxicoco',	'1992-07-11',	624,	4230),
(809,	'Amora',	'2001-03-10',	650,	4882),
(810,	'Passa',	'1972-10-17',	14,	2708),
(811,	'Oxicoco',	'2019-04-07',	568,	5898),
(812,	'Cereja',	'2014-05-05',	583,	401),
(813,	'Pera',	'1997-11-20',	476,	725),
(814,	'Melancia',	'1983-07-13',	873,	6828),
(815,	'Mirtilo',	'1977-10-28',	525,	710),
(816,	'Banana',	'1986-05-08',	964,	5059),
(817,	'Pêssego',	'1983-10-16',	740,	1926),
(818,	'Mamão',	'2007-02-14',	887,	6901),
(819,	'Mirtilo',	'1990-03-18',	799,	7481),
(820,	'Pêssego',	'2010-10-07',	357,	5390),
(821,	'Maçã',	'1976-07-13',	740,	8577),
(822,	'Manga',	'2020-01-13',	454,	7233),
(823,	'Manga',	'1976-12-17',	677,	3634),
(824,	'Passa',	'1990-05-23',	717,	9438),
(825,	'Mamão',	'2012-02-28',	382,	5867),
(826,	'Goiaba',	'2011-07-20',	325,	1883),
(827,	'Oxicoco',	'1994-10-02',	893,	5029),
(828,	'Passa',	'2017-10-17',	418,	7427),
(829,	'Morango',	'2010-10-09',	107,	9256),
(830,	'Melancia',	'1972-11-17',	645,	9948),
(831,	'Mamão',	'2009-02-12',	472,	6043),
(832,	'Coco',	'1977-03-26',	793,	6792),
(833,	'Abacaxi',	'2009-05-15',	97,	5047),
(834,	'Amora',	'1975-10-26',	587,	7310),
(835,	'Abacaxi',	'1987-01-13',	329,	8237),
(836,	'Amora',	'1995-10-19',	703,	1634),
(837,	'Pêssego',	'2019-09-13',	98,	7329),
(838,	'Passa',	'1974-11-13',	167,	2953),
(839,	'Mirtilo',	'1982-10-19',	413,	2724),
(840,	'Cereja',	'1976-07-28',	735,	1703),
(841,	'Morango',	'1995-10-15',	311,	7683),
(842,	'Manga',	'2016-09-27',	827,	4905),
(843,	'Mirtilo',	'1989-05-07',	525,	8006),
(844,	'Lima',	'1971-11-26',	421,	2011),
(845,	'Lichia',	'1999-08-04',	752,	1046),
(846,	'Goiaba',	'1978-10-22',	604,	1993),
(847,	'Passa',	'1983-04-06',	515,	8428),
(848,	'Pêssego',	'1978-05-29',	707,	8804),
(849,	'Limão',	'1986-02-08',	894,	1646),
(850,	'Passa',	'2018-07-22',	620,	5704),
(851,	'Goiaba',	'1999-03-10',	425,	2994),
(852,	'Oxicoco',	'1971-03-29',	156,	6471),
(853,	'Mirtilo',	'1973-08-29',	762,	3321),
(854,	'Melancia',	'1980-11-06',	652,	1303),
(855,	'Kiwi',	'1990-11-21',	803,	1920),
(856,	'Pêssego',	'2011-04-17',	417,	3730),
(857,	'Lima',	'2005-12-03',	106,	995),
(858,	'Passa',	'1993-11-03',	618,	490),
(859,	'Limão',	'2016-11-01',	80,	8533),
(860,	'Lichia',	'2020-03-09',	240,	258),
(861,	'Morango',	'2003-05-15',	751,	6900),
(862,	'Mamão',	'1979-11-27',	579,	8826),
(863,	'Maçã',	'1971-10-14',	920,	297),
(864,	'Laranja',	'2005-08-04',	531,	4628),
(865,	'Manga',	'1995-10-19',	725,	76),
(866,	'Melancia',	'1989-01-03',	527,	8577),
(867,	'Framboesa',	'2019-02-24',	561,	3983),
(868,	'Lima',	'1980-07-08',	489,	1413),
(869,	'Mamão',	'1977-01-02',	929,	8994),
(870,	'Passa',	'1978-12-25',	497,	3608),
(871,	'Framboesa',	'2003-05-08',	110,	4624),
(872,	'Mamão',	'1972-12-30',	170,	1302),
(873,	'Melancia',	'1999-05-10',	570,	4881),
(874,	'Oxicoco',	'1995-04-17',	755,	6463),
(875,	'Cereja',	'1972-11-15',	562,	3073),
(876,	'Maçã',	'1987-03-24',	130,	3841),
(877,	'Mamão',	'2017-06-09',	789,	8522),
(878,	'Amora',	'1975-09-25',	457,	4190),
(879,	'Limão',	'1994-05-09',	235,	2214),
(880,	'Amora',	'1978-11-22',	132,	4089),
(881,	'Limão',	'1985-03-08',	674,	3268),
(882,	'Manga',	'2011-11-12',	34,	4566),
(883,	'Lima',	'1979-07-17',	189,	1743),
(884,	'Banana',	'1995-06-26',	319,	3973),
(885,	'Amora',	'2003-01-31',	257,	1842),
(886,	'Framboesa',	'1976-12-22',	421,	9881),
(887,	'Laranja',	'2002-06-24',	926,	3370),
(888,	'Maçã',	'2016-06-09',	559,	6641),
(889,	'Maçã',	'1989-06-27',	486,	1102),
(890,	'Kiwi',	'2015-12-01',	463,	6000),
(891,	'Coco',	'1979-12-30',	426,	2580),
(892,	'Coco',	'1999-09-23',	788,	8700),
(893,	'Cereja',	'1983-04-08',	443,	9971),
(894,	'Pêssego',	'1990-07-23',	464,	4140),
(895,	'Mamão',	'2001-03-14',	780,	7421),
(896,	'Goiaba',	'1997-10-06',	832,	151),
(897,	'Mamão',	'1976-07-22',	401,	527),
(898,	'Pêssego',	'1992-04-05',	421,	5168),
(899,	'Passa',	'1971-04-25',	403,	4199),
(900,	'Lichia',	'2012-03-01',	11,	4111),
(901,	'Limão',	'1996-04-20',	376,	6677),
(902,	'Oxicoco',	'1978-06-18',	855,	3897),
(903,	'Kiwi',	'2015-01-25',	584,	9186),
(904,	'Limão',	'1973-03-29',	52,	1946),
(905,	'Banana',	'2019-09-13',	219,	5142),
(906,	'Manga',	'1988-02-19',	73,	4561),
(907,	'Mirtilo',	'1988-04-18',	585,	9414),
(908,	'Uva',	'1997-08-30',	209,	3281),
(909,	'Lichia',	'1982-04-16',	253,	1635),
(910,	'Laranja',	'2006-08-18',	619,	922),
(911,	'Melancia',	'2003-02-02',	88,	937),
(912,	'Lima',	'1975-12-31',	123,	4024),
(913,	'Amora',	'2014-11-08',	43,	799),
(914,	'Framboesa',	'2002-10-14',	109,	4040),
(915,	'Lima',	'1980-04-07',	48,	9842),
(916,	'Amora',	'1993-12-26',	455,	9318),
(917,	'Manga',	'1987-11-22',	623,	8712),
(918,	'Abacaxi',	'2012-01-26',	789,	9340),
(919,	'Morango',	'1977-10-20',	157,	1013),
(920,	'Goiaba',	'1990-08-08',	613,	1358),
(921,	'Laranja',	'1991-01-18',	869,	7118),
(922,	'Passa',	'1987-08-04',	189,	427),
(923,	'Maçã',	'2013-11-27',	952,	1846),
(924,	'Pera',	'2011-03-08',	808,	2337),
(925,	'Manga',	'1990-11-15',	116,	4057),
(926,	'Uva',	'1973-04-20',	283,	7240),
(927,	'Abacaxi',	'2009-10-22',	526,	750),
(928,	'Pêssego',	'1980-05-24',	923,	7381),
(929,	'Kiwi',	'1978-01-05',	614,	9934),
(930,	'Laranja',	'1972-01-01',	95,	4154),
(931,	'Manga',	'1977-03-25',	666,	7928),
(932,	'Laranja',	'2001-11-16',	507,	4991),
(933,	'Kiwi',	'1972-09-05',	626,	1927),
(934,	'Banana',	'2001-11-29',	947,	6685),
(935,	'Oxicoco',	'1974-04-14',	883,	3113),
(936,	'Pera',	'1970-03-07',	358,	3889),
(937,	'Manga',	'1995-07-02',	859,	2297),
(938,	'Abacaxi',	'1974-05-03',	651,	1741),
(939,	'Lima',	'2011-06-19',	756,	2727),
(940,	'Melancia',	'1982-12-19',	770,	9591),
(941,	'Mirtilo',	'1994-02-20',	286,	7307),
(942,	'Melancia',	'2001-11-27',	735,	931),
(943,	'Laranja',	'2020-07-11',	258,	9223),
(944,	'Melancia',	'1993-02-02',	521,	4559),
(945,	'Lima',	'2000-03-08',	494,	3463),
(946,	'Kiwi',	'1970-06-07',	297,	8605),
(947,	'Mirtilo',	'1996-08-15',	8,	7520),
(948,	'Limão',	'1999-12-04',	617,	9823),
(949,	'Manga',	'2013-10-30',	900,	3854),
(950,	'Passa',	'1993-07-20',	634,	5885),
(951,	'Maçã',	'2012-04-09',	969,	8737),
(952,	'Melancia',	'1974-06-14',	935,	9800),
(953,	'Lichia',	'2005-01-24',	810,	9471),
(954,	'Uva',	'2003-04-11',	492,	2335),
(955,	'Coco',	'1995-06-08',	51,	172),
(956,	'Coco',	'1980-11-02',	471,	126),
(957,	'Melancia',	'1985-08-04',	730,	9711),
(958,	'Laranja',	'2009-01-10',	803,	1701),
(959,	'Cereja',	'2020-10-08',	714,	5205),
(960,	'Morango',	'1991-03-23',	566,	7083),
(961,	'Manga',	'2009-02-01',	786,	8527),
(962,	'Mirtilo',	'1999-12-14',	36,	3960),
(963,	'Passa',	'2011-08-10',	477,	8763),
(964,	'Melancia',	'1989-03-18',	342,	2212),
(965,	'Passa',	'2014-09-07',	949,	3547),
(966,	'Oxicoco',	'1995-09-19',	612,	3001),
(967,	'Cereja',	'1978-10-26',	300,	3812),
(968,	'Oxicoco',	'1979-01-01',	23,	6126),
(969,	'Cereja',	'1980-02-15',	347,	5651),
(970,	'Morango',	'1993-12-01',	902,	9281),
(971,	'Lima',	'2019-08-12',	978,	1925),
(972,	'Oxicoco',	'2000-10-21',	202,	177),
(973,	'Lichia',	'1991-09-18',	110,	4464),
(974,	'Melancia',	'2008-09-11',	477,	6472),
(975,	'Mamão',	'1985-05-24',	279,	7396),
(976,	'Pêssego',	'1998-12-06',	287,	7323),
(977,	'Melancia',	'1994-01-03',	663,	787),
(978,	'Uva',	'1990-02-19',	425,	1655),
(979,	'Banana',	'2008-06-12',	343,	6097),
(980,	'Laranja',	'2018-07-30',	605,	8811),
(981,	'Amora',	'1973-08-21',	284,	294),
(982,	'Melancia',	'1988-05-07',	55,	8492),
(983,	'Framboesa',	'1998-08-21',	58,	3203),
(984,	'Kiwi',	'2001-07-01',	541,	5578),
(985,	'Banana',	'1994-07-28',	111,	986),
(986,	'Lichia',	'2003-05-23',	269,	3825),
(987,	'Lichia',	'1974-01-01',	844,	1035),
(988,	'Lima',	'1976-03-12',	954,	68),
(989,	'Maçã',	'1988-11-25',	464,	3119),
(990,	'Lima',	'2004-09-30',	225,	1113),
(991,	'Goiaba',	'2000-05-28',	675,	2875),
(992,	'Laranja',	'1996-11-01',	588,	2485),
(993,	'Cereja',	'1972-09-01',	370,	7068),
(994,	'Abacaxi',	'1990-10-21',	697,	4728),
(995,	'Amora',	'1988-08-21',	107,	9502),
(996,	'Uva',	'1982-07-09',	804,	5756),
(997,	'Laranja',	'1998-09-14',	567,	3185),
(998,	'Uva',	'2018-04-13',	4,	7602),
(999,	'Laranja',	'2008-02-19',	19,	6392),
(1000,	'Cereja',	'1975-10-31',	102,	6660);

DROP TABLE IF EXISTS `unidades`;
CREATE TABLE `unidades` (
  `id` int(11) NOT NULL AUTO_INCREMENT,
  `unidade` varchar(4) COLLATE utf8mb4_unicode_ci NOT NULL,
  PRIMARY KEY (`id`)
) ENGINE=InnoDB DEFAULT CHARSET=utf8mb4 COLLATE=utf8mb4_unicode_ci;

INSERT INTO `unidades` (`id`, `unidade`) VALUES
(1,	'TXMT'),
(2,	'FVTJ'),
(3,	'CMAQ'),
(4,	'MXHQ'),
(5,	'CGMX'),
(6,	'GVDZ'),
(7,	'NSYC'),
(8,	'OMTH'),
(9,	'DGNM'),
(10,	'GNTH'),
(11,	'HSDF'),
(12,	'KZAS'),
(13,	'LGLL'),
(14,	'NQPM'),
(15,	'GWJG'),
(16,	'SPID'),
(17,	'NKSF'),
(18,	'ZNTE'),
(19,	'LUSY'),
(20,	'ZKKR'),
(21,	'PEFT'),
(22,	'BDJP'),
(23,	'HVKL'),
(24,	'XXEO'),
(25,	'OLYJ'),
(26,	'GOFC'),
(27,	'FHCV'),
(28,	'PYJD'),
(29,	'EDNO'),
(30,	'SWAX'),
(31,	'LWSM'),
(32,	'MEMB'),
(33,	'BFQG'),
(34,	'IZYB'),
(35,	'NUXK'),
(36,	'RQQV'),
(37,	'HEGD'),
(38,	'GUWD'),
(39,	'LZAA'),
(40,	'UCTI'),
(41,	'JKTL'),
(42,	'WDWQ'),
(43,	'PVUP'),
(44,	'FYNZ'),
(45,	'PTET'),
(46,	'LTZV'),
(47,	'RMTT'),
(48,	'NBKT'),
(49,	'MCLE'),
(50,	'ZPWS'),
(51,	'KUPH'),
(52,	'NBSZ'),
(53,	'MIAR'),
(54,	'IRQK'),
(55,	'PYGK'),
(56,	'PEKI'),
(57,	'UOPK'),
(58,	'OOAR'),
(59,	'QTHD'),
(60,	'AOMR'),
(61,	'UPBH'),
(62,	'UCHY'),
(63,	'YRIW'),
(64,	'YMBK'),
(65,	'KCWU'),
(66,	'MMRK'),
(67,	'RJSP'),
(68,	'EMUN'),
(69,	'FGKF'),
(70,	'KUYN'),
(71,	'ANIH'),
(72,	'CJDX'),
(73,	'ZOJA'),
(74,	'STPF'),
(75,	'LVTK'),
(76,	'SFPO'),
(77,	'BHRB'),
(78,	'CVVH'),
(79,	'ESWD'),
(80,	'DIRX'),
(81,	'KKBY'),
(82,	'DJUX'),
(83,	'NWFV'),
(84,	'LFNV'),
(85,	'PXIT'),
(86,	'KNXO'),
(87,	'YUDC'),
(88,	'HYTJ'),
(89,	'PJOV'),
(90,	'SSGP'),
(91,	'CKTZ'),
(92,	'BLMP'),
(93,	'PUHB'),
(94,	'BKAT'),
(95,	'CWVD'),
(96,	'RKDR'),
(97,	'URYY'),
(98,	'YQMW'),
(99,	'BDCM'),
(100,	'WQRD'),
(101,	'FOCD'),
(102,	'OFEM'),
(103,	'VNXS'),
(104,	'LDPY'),
(105,	'LQZE'),
(106,	'OSPU'),
(107,	'AHKK'),
(108,	'BAFO'),
(109,	'YVOM'),
(110,	'RUMH'),
(111,	'IDPO'),
(112,	'FTXV'),
(113,	'DOSM'),
(114,	'XSUA'),
(115,	'RYQE'),
(116,	'SPRY'),
(117,	'PQOF'),
(118,	'VKFG'),
(119,	'HDWT'),
(120,	'RUNA'),
(121,	'YCBD'),
(122,	'ETCN'),
(123,	'OLDB'),
(124,	'DLNC'),
(125,	'WXLV'),
(126,	'PUEO'),
(127,	'SIRZ'),
(128,	'YBCX'),
(129,	'HXYD'),
(130,	'XGZE'),
(131,	'TSLG'),
(132,	'YJGS'),
(133,	'KIVS'),
(134,	'ZGOM'),
(135,	'ORAP'),
(136,	'PKWM'),
(137,	'NRCN'),
(138,	'MSME'),
(139,	'MRRH'),
(140,	'CJRA'),
(141,	'ADBI'),
(142,	'YNTX'),
(143,	'ZBIC'),
(144,	'KGKH'),
(145,	'WXAH'),
(146,	'ZVPF'),
(147,	'ZNMB'),
(148,	'XACQ'),
(149,	'ITUU'),
(150,	'CHVW'),
(151,	'HCEN'),
(152,	'OHCH'),
(153,	'GZWN'),
(154,	'VMHN'),
(155,	'JTPG'),
(156,	'KXOS'),
(157,	'AJAN'),
(158,	'ZUPF'),
(159,	'QCVW'),
(160,	'QHWO'),
(161,	'DSRD'),
(162,	'MPHN'),
(163,	'PZJV'),
(164,	'VTBC'),
(165,	'UHXZ'),
(166,	'GVNX'),
(167,	'GAWZ'),
(168,	'KSAZ'),
(169,	'GJJB'),
(170,	'FZYJ'),
(171,	'DCZJ'),
(172,	'AMTV'),
(173,	'FBHO'),
(174,	'LPLJ'),
(175,	'BQCV'),
(176,	'LSRN'),
(177,	'QSML'),
(178,	'PIVT'),
(179,	'OWOD'),
(180,	'MFXN'),
(181,	'WVGC'),
(182,	'GTCF'),
(183,	'IZDA'),
(184,	'UNAG'),
(185,	'BZVR'),
(186,	'UNUM'),
(187,	'VNFB'),
(188,	'FZPI'),
(189,	'AKEB'),
(190,	'GFVJ'),
(191,	'PKOK'),
(192,	'WRIA'),
(193,	'FUKI'),
(194,	'LXFD'),
(195,	'SCJZ'),
(196,	'KBOD'),
(197,	'BBSK'),
(198,	'OBVD'),
(199,	'TCMO'),
(200,	'IYWA'),
(201,	'NSVX'),
(202,	'QKJS'),
(203,	'VSCB'),
(204,	'TGWA'),
(205,	'UBNG'),
(206,	'KJKW'),
(207,	'BZJH'),
(208,	'XSND'),
(209,	'XRWV'),
(210,	'EZOG'),
(211,	'LLTA'),
(212,	'IOVD'),
(213,	'EKKK'),
(214,	'RXHS'),
(215,	'REVE'),
(216,	'EHZJ'),
(217,	'TYXH'),
(218,	'VVON'),
(219,	'IODM'),
(220,	'JAKA'),
(221,	'YPMT'),
(222,	'GVAX'),
(223,	'HZQB'),
(224,	'KFEE'),
(225,	'EIKC'),
(226,	'CTJL'),
(227,	'BOEE'),
(228,	'ARLO'),
(229,	'LUBU'),
(230,	'BIKJ'),
(231,	'IRTP'),
(232,	'UVOL'),
(233,	'IEOC'),
(234,	'JDQU'),
(235,	'NAON'),
(236,	'OVZX'),
(237,	'YZSW'),
(238,	'OLVQ'),
(239,	'ASUC'),
(240,	'DGEM'),
(241,	'RFCO'),
(242,	'KHTS'),
(243,	'ZMRT'),
(244,	'OFTK'),
(245,	'SUDG'),
(246,	'BJJF'),
(247,	'KWES'),
(248,	'DOEM'),
(249,	'LERA'),
(250,	'QSTP'),
(251,	'FGLY'),
(252,	'YRBA'),
(253,	'AYJA'),
(254,	'ERLI'),
(255,	'UPYB'),
(256,	'UWJX'),
(257,	'ZWVJ'),
(258,	'XEEU'),
(259,	'OMRV'),
(260,	'CDUC'),
(261,	'TQYA'),
(262,	'ZGTQ'),
(263,	'GWSI'),
(264,	'PUPB'),
(265,	'SHUN'),
(266,	'YLGB'),
(267,	'TYFW'),
(268,	'TTET'),
(269,	'GXGU'),
(270,	'TSTT'),
(271,	'GRDT'),
(272,	'SZNQ'),
(273,	'MXDQ'),
(274,	'GVST'),
(275,	'OBDJ'),
(276,	'EQCR'),
(277,	'TJAD'),
(278,	'XYCI'),
(279,	'BQDG'),
(280,	'HHFB'),
(281,	'TGMU'),
(282,	'KQHN'),
(283,	'BAIQ'),
(284,	'LMSC'),
(285,	'LEBJ'),
(286,	'FZHG'),
(287,	'UBRH'),
(288,	'XEDH'),
(289,	'RRNZ'),
(290,	'ZKYT'),
(291,	'WMTQ'),
(292,	'TEEO'),
(293,	'MUKQ'),
(294,	'VSBJ'),
(295,	'SFNE'),
(296,	'LYBZ'),
(297,	'PRBU'),
(298,	'HGOZ'),
(299,	'ETXF'),
(300,	'CVJX'),
(301,	'TQFI'),
(302,	'TNPV'),
(303,	'HHSB'),
(304,	'MNPI'),
(305,	'ZXGP'),
(306,	'KRAC'),
(307,	'NQXK'),
(308,	'VQUX'),
(309,	'LJCR'),
(310,	'UQEH'),
(311,	'YTRZ'),
(312,	'DDOH'),
(313,	'MTVF'),
(314,	'DPNO'),
(315,	'YTYV'),
(316,	'GOAC'),
(317,	'LBSX'),
(318,	'LCEL'),
(319,	'MJKE'),
(320,	'DTOI'),
(321,	'FXYF'),
(322,	'YPJP'),
(323,	'PLFB'),
(324,	'RJKX'),
(325,	'QEHZ'),
(326,	'VZJO'),
(327,	'SVPU'),
(328,	'ZHTR'),
(329,	'VHOD'),
(330,	'NZZD'),
(331,	'ROPE'),
(332,	'OKSW'),
(333,	'AOTM'),
(334,	'EGTA'),
(335,	'CKZA'),
(336,	'LZST'),
(337,	'SPDX'),
(338,	'OLXL'),
(339,	'UNUQ'),
(340,	'KBBP'),
(341,	'YCVC'),
(342,	'GYCH'),
(343,	'ANHA'),
(344,	'JNMK'),
(345,	'GKXK'),
(346,	'REUB'),
(347,	'HOOY'),
(348,	'KAME'),
(349,	'SIQX'),
(350,	'EQCY'),
(351,	'MYDW'),
(352,	'LROG'),
(353,	'VHKP'),
(354,	'SPLN'),
(355,	'EPZC'),
(356,	'AIJS'),
(357,	'ATHR'),
(358,	'EXXU'),
(359,	'AIWR'),
(360,	'LHMB'),
(361,	'KTOH'),
(362,	'UGOV'),
(363,	'YJFR'),
(364,	'GPFW'),
(365,	'MYXF'),
(366,	'NHJT'),
(367,	'PVXN'),
(368,	'APZF'),
(369,	'KETM'),
(370,	'AUDH'),
(371,	'LIQB'),
(372,	'LLJM'),
(373,	'VQKO'),
(374,	'SBIO'),
(375,	'EQSZ'),
(376,	'LCDS'),
(377,	'BWFI'),
(378,	'JAQC'),
(379,	'PQGS'),
(380,	'OSXN'),
(381,	'NGNO'),
(382,	'QZMC'),
(383,	'FVDK'),
(384,	'QRYT'),
(385,	'VWUY'),
(386,	'IAAB'),
(387,	'XFUH'),
(388,	'NGBO'),
(389,	'RRJW'),
(390,	'WPSR'),
(391,	'SDNQ'),
(392,	'VZHR'),
(393,	'IHQC'),
(394,	'PLUE'),
(395,	'HLIB'),
(396,	'NCGM'),
(397,	'KMCZ'),
(398,	'YKJK'),
(399,	'EISA'),
(400,	'EZYB'),
(401,	'OGHB'),
(402,	'OGWB'),
(403,	'AQCE'),
(404,	'OMQP'),
(405,	'YNXG'),
(406,	'TEOR'),
(407,	'DDVO'),
(408,	'QQSZ'),
(409,	'UITM'),
(410,	'RZSD'),
(411,	'XWIL'),
(412,	'OXJR'),
(413,	'OFRR'),
(414,	'OEOO'),
(415,	'YEHY'),
(416,	'XDAT'),
(417,	'OLXM'),
(418,	'TYHS'),
(419,	'DRQJ'),
(420,	'VAVI'),
(421,	'WTUA'),
(422,	'AUXQ'),
(423,	'JXUT'),
(424,	'VLVN'),
(425,	'ACFP'),
(426,	'IBFF'),
(427,	'SGTC'),
(428,	'MIMQ'),
(429,	'LRZI'),
(430,	'PKWA'),
(431,	'JLAP'),
(432,	'KQXL'),
(433,	'KWTE'),
(434,	'LZWD'),
(435,	'NRNO'),
(436,	'IBUY'),
(437,	'HJCP'),
(438,	'FYDY'),
(439,	'KPVG'),
(440,	'ATST'),
(441,	'ERZN'),
(442,	'KWEV'),
(443,	'VMWK'),
(444,	'NCLY'),
(445,	'YQVX'),
(446,	'CJHQ'),
(447,	'ONSI'),
(448,	'PJSW'),
(449,	'VQVW'),
(450,	'KCIF'),
(451,	'PFFP'),
(452,	'DAAL'),
(453,	'UUMW'),
(454,	'UEHI'),
(455,	'QIUW'),
(456,	'ZWUF'),
(457,	'PIMC'),
(458,	'TPAG'),
(459,	'NYVU'),
(460,	'ZLSC'),
(461,	'RIRE'),
(462,	'CCBQ'),
(463,	'GHYI'),
(464,	'WTLO'),
(465,	'UIAB'),
(466,	'LQAR'),
(467,	'LANY'),
(468,	'VVTM'),
(469,	'FVQT'),
(470,	'WXBY'),
(471,	'FBOI'),
(472,	'FNVW'),
(473,	'AWMH'),
(474,	'WEOC'),
(475,	'CORR'),
(476,	'YTZN'),
(477,	'MSEC'),
(478,	'AOVK'),
(479,	'IWDX'),
(480,	'KRGD'),
(481,	'ERUG'),
(482,	'EBLA'),
(483,	'HWAE'),
(484,	'VTKI'),
(485,	'HBAM'),
(486,	'OEJE'),
(487,	'AZIB'),
(488,	'ZUGB'),
(489,	'TIVG'),
(490,	'VKIA'),
(491,	'YOPD'),
(492,	'FZWI'),
(493,	'RUVB'),
(494,	'MXUZ'),
(495,	'XAXE'),
(496,	'XILB'),
(497,	'JQSD'),
(498,	'UAFT'),
(499,	'XWLA'),
(500,	'SPBT'),
(501,	'CMTI'),
(502,	'NSFO'),
(503,	'VPQE'),
(504,	'IQSM'),
(505,	'ZSSW'),
(506,	'OAJI'),
(507,	'BRLZ'),
(508,	'YPNH'),
(509,	'WWOX'),
(510,	'IDSV'),
(511,	'MDZZ'),
(512,	'NWRW'),
(513,	'IOPE'),
(514,	'FYHG'),
(515,	'IBRR'),
(516,	'WAPD'),
(517,	'SHYO'),
(518,	'NUMG'),
(519,	'ZMKS'),
(520,	'FJTZ'),
(521,	'XUZB'),
(522,	'HDWX'),
(523,	'ICDQ'),
(524,	'GXMG'),
(525,	'UONO'),
(526,	'YLHS'),
(527,	'AXXL'),
(528,	'MFVP'),
(529,	'FSYC'),
(530,	'XOZU'),
(531,	'FHMF'),
(532,	'RLBB'),
(533,	'BYSJ'),
(534,	'QDUU'),
(535,	'CVQX'),
(536,	'FGSR'),
(537,	'UXSC'),
(538,	'YMMB'),
(539,	'NYTV'),
(540,	'GLIS'),
(541,	'QRTG'),
(542,	'YRKG'),
(543,	'MNLN'),
(544,	'ZKBZ'),
(545,	'TOYD'),
(546,	'KIVX'),
(547,	'RHHE'),
(548,	'PGBK'),
(549,	'DNWV'),
(550,	'VBXM'),
(551,	'FEBY'),
(552,	'OVMI'),
(553,	'HSNQ'),
(554,	'HEKX'),
(555,	'WUQL'),
(556,	'TFIX'),
(557,	'UPBW'),
(558,	'CCHQ'),
(559,	'BETB'),
(560,	'YBBL'),
(561,	'HYOY'),
(562,	'GSFE'),
(563,	'MAMV'),
(564,	'HQTV'),
(565,	'GSPH'),
(566,	'IZAB'),
(567,	'PSAF'),
(568,	'YJMS'),
(569,	'XAWV'),
(570,	'CHBF'),
(571,	'HDQT'),
(572,	'TLIY'),
(573,	'ZAHD'),
(574,	'RJWS'),
(575,	'WTNL'),
(576,	'JGQM'),
(577,	'BZOU'),
(578,	'YMNM'),
(579,	'MOKW'),
(580,	'HWNE'),
(581,	'QPRC'),
(582,	'TMUJ'),
(583,	'FDUS'),
(584,	'IVGI'),
(585,	'EPMP'),
(586,	'EKJZ'),
(587,	'OIJD'),
(588,	'TRGP'),
(589,	'FKYL'),
(590,	'RWTV'),
(591,	'LMTW'),
(592,	'VWUD'),
(593,	'IRJH'),
(594,	'XZDZ'),
(595,	'GMVX'),
(596,	'YUDH'),
(597,	'YMTO'),
(598,	'XKDV'),
(599,	'YTZE'),
(600,	'KHUF'),
(601,	'ARCH'),
(602,	'ARVS'),
(603,	'KOOZ'),
(604,	'APNM'),
(605,	'JWID'),
(606,	'WKLW'),
(607,	'YECN'),
(608,	'JZYP'),
(609,	'MWGB'),
(610,	'NJZM'),
(611,	'QVUW'),
(612,	'KQNF'),
(613,	'LVEZ'),
(614,	'EOXS'),
(615,	'KZPW'),
(616,	'WCPJ'),
(617,	'PJTQ'),
(618,	'EWDA'),
(619,	'TUNG'),
(620,	'YEFY'),
(621,	'KZTM'),
(622,	'XUYH'),
(623,	'TUCB'),
(624,	'CQZI'),
(625,	'IXQZ'),
(626,	'UVNO'),
(627,	'ASJE'),
(628,	'RUXV'),
(629,	'UQAA'),
(630,	'RBUC'),
(631,	'IIJX'),
(632,	'XGSF'),
(633,	'QYXE'),
(634,	'FMDM'),
(635,	'KZOJ'),
(636,	'RKOE'),
(637,	'VJDW'),
(638,	'UDFK'),
(639,	'CBUK'),
(640,	'TBGT'),
(641,	'VWTI'),
(642,	'LLBY'),
(643,	'JESY'),
(644,	'LYDC'),
(645,	'NGRG'),
(646,	'EVRY'),
(647,	'TXKS'),
(648,	'KNYD'),
(649,	'NUBF'),
(650,	'TPCE'),
(651,	'FFBE'),
(652,	'PXRT'),
(653,	'LFJJ'),
(654,	'WSLH'),
(655,	'EUTE'),
(656,	'CGZN'),
(657,	'GUYX'),
(658,	'KUHU'),
(659,	'PAZJ'),
(660,	'HOAF'),
(661,	'LPPK'),
(662,	'FHEW'),
(663,	'NVKU'),
(664,	'YYGG'),
(665,	'FWPW'),
(666,	'BMHS'),
(667,	'VUIJ'),
(668,	'WZZZ'),
(669,	'ILMT'),
(670,	'NHOG'),
(671,	'JNAM'),
(672,	'IWXN'),
(673,	'IPEV'),
(674,	'WZXI'),
(675,	'OVIY'),
(676,	'YXJT'),
(677,	'MYPS'),
(678,	'BCNP'),
(679,	'VTOT'),
(680,	'METY'),
(681,	'UYLV'),
(682,	'DRGK'),
(683,	'QGKD'),
(684,	'IJXZ'),
(685,	'OCMR'),
(686,	'QUNA'),
(687,	'RQAL'),
(688,	'HEBI'),
(689,	'TNJR'),
(690,	'TTLM'),
(691,	'DMTV'),
(692,	'LFLG'),
(693,	'XJIM'),
(694,	'RNVJ'),
(695,	'CZZT'),
(696,	'OJBX'),
(697,	'FMNQ'),
(698,	'ABQV'),
(699,	'ULLI'),
(700,	'CDPU'),
(701,	'DCLI'),
(702,	'AKPW'),
(703,	'UZGY'),
(704,	'UQHB'),
(705,	'HEDQ'),
(706,	'XGZF'),
(707,	'SKWL'),
(708,	'YISS'),
(709,	'NMWP'),
(710,	'GDZU'),
(711,	'UKOD'),
(712,	'DFDS'),
(713,	'KCUQ'),
(714,	'YYLR'),
(715,	'VXDV'),
(716,	'RHWT'),
(717,	'BVBM'),
(718,	'FSMS'),
(719,	'ATYM'),
(720,	'YYKC'),
(721,	'CEUF'),
(722,	'GFMH'),
(723,	'HDGA'),
(724,	'OVFX'),
(725,	'FLDY'),
(726,	'XZAI'),
(727,	'ASCV'),
(728,	'KGCI'),
(729,	'TDQA'),
(730,	'KMMF'),
(731,	'CBPU'),
(732,	'LKEN'),
(733,	'QNEK'),
(734,	'WNRG'),
(735,	'XIXV'),
(736,	'ICJL'),
(737,	'LMOO'),
(738,	'JOGG'),
(739,	'VJOW'),
(740,	'XKTS'),
(741,	'OORQ'),
(742,	'LZOS'),
(743,	'GKUZ'),
(744,	'RJTL'),
(745,	'GXCY'),
(746,	'XCKJ'),
(747,	'MMXZ'),
(748,	'SEIV'),
(749,	'XLKA'),
(750,	'RWTO'),
(751,	'QQGW'),
(752,	'SKQY'),
(753,	'NKFY'),
(754,	'LARL'),
(755,	'UYSE'),
(756,	'AKUE'),
(757,	'KBBT'),
(758,	'DMXZ'),
(759,	'PPIM'),
(760,	'KQIE'),
(761,	'OXLM'),
(762,	'EIOP'),
(763,	'WXKH'),
(764,	'AGUO'),
(765,	'JKBH'),
(766,	'VZSB'),
(767,	'TFJH'),
(768,	'WSXA'),
(769,	'FFVD'),
(770,	'YTWH'),
(771,	'HWLV'),
(772,	'WPDN'),
(773,	'VLSW'),
(774,	'PAUN'),
(775,	'DABC'),
(776,	'GIBD'),
(777,	'HSCU'),
(778,	'WGZJ'),
(779,	'EGWM'),
(780,	'VSYF'),
(781,	'SIFB'),
(782,	'GECZ'),
(783,	'MXBW'),
(784,	'EKPR'),
(785,	'PDRX'),
(786,	'KTSJ'),
(787,	'JDBJ'),
(788,	'OLNV'),
(789,	'IGSC'),
(790,	'DJFI'),
(791,	'PNWS'),
(792,	'WIZO'),
(793,	'LGVU'),
(794,	'UIRU'),
(795,	'RJFE'),
(796,	'YRWD'),
(797,	'IWYG'),
(798,	'VBLA'),
(799,	'VNRM'),
(800,	'QNVX'),
(801,	'EEWV'),
(802,	'DSIB'),
(803,	'KIZF'),
(804,	'VPKM'),
(805,	'GCCK'),
(806,	'HGOX'),
(807,	'TMWV'),
(808,	'BIZW'),
(809,	'THEP'),
(810,	'RHBT'),
(811,	'XSVV'),
(812,	'VYDV'),
(813,	'TSVY'),
(814,	'OCCG'),
(815,	'HJMW'),
(816,	'WJJJ'),
(817,	'SEKO'),
(818,	'LHXB'),
(819,	'WIKY'),
(820,	'PYOH'),
(821,	'BOPE'),
(822,	'BJBV'),
(823,	'WJWP'),
(824,	'ZEUZ'),
(825,	'CPGO'),
(826,	'LJJA'),
(827,	'DSOH'),
(828,	'TQKP'),
(829,	'YKLT'),
(830,	'CIBD'),
(831,	'UTXD'),
(832,	'ZYUS'),
(833,	'UDUG'),
(834,	'DRUO'),
(835,	'SOEA'),
(836,	'DVFC'),
(837,	'LZXF'),
(838,	'QKSG'),
(839,	'TTKY'),
(840,	'RLAB'),
(841,	'XNYY'),
(842,	'SUVL'),
(843,	'SHXB'),
(844,	'EXDQ'),
(845,	'RDTH'),
(846,	'IYIZ'),
(847,	'UGPW'),
(848,	'DYMQ'),
(849,	'TNDG'),
(850,	'VCLD'),
(851,	'ICPW'),
(852,	'KSOV'),
(853,	'MNGB'),
(854,	'ZARR'),
(855,	'VGZW'),
(856,	'JOLF'),
(857,	'BIFX'),
(858,	'WFUK'),
(859,	'BBJD'),
(860,	'MACN'),
(861,	'KWYF'),
(862,	'VXSJ'),
(863,	'KQSB'),
(864,	'EKNQ'),
(865,	'WXKI'),
(866,	'XYXL'),
(867,	'XFDG'),
(868,	'KCZP'),
(869,	'MKQI'),
(870,	'FOBA'),
(871,	'LVDH'),
(872,	'BNZV'),
(873,	'MDNW'),
(874,	'IGQD'),
(875,	'YOIN'),
(876,	'HYLP'),
(877,	'NCGJ'),
(878,	'YORR'),
(879,	'XKQU'),
(880,	'XWMC'),
(881,	'EOLS'),
(882,	'SRYC'),
(883,	'DAGO'),
(884,	'RATK'),
(885,	'RXGO'),
(886,	'VWZB'),
(887,	'PWTJ'),
(888,	'JMPT'),
(889,	'QOXX'),
(890,	'PZSP'),
(891,	'ISHI'),
(892,	'OJPZ'),
(893,	'NYJQ'),
(894,	'IUZZ'),
(895,	'VBPJ'),
(896,	'XFSZ'),
(897,	'GXHT'),
(898,	'EMGZ'),
(899,	'LPKJ'),
(900,	'XJBJ'),
(901,	'CMSP'),
(902,	'KTJA'),
(903,	'PHUF'),
(904,	'UEMP'),
(905,	'HCDR'),
(906,	'ELZL'),
(907,	'DCPY'),
(908,	'KYNP'),
(909,	'NQTU'),
(910,	'DYVM'),
(911,	'QZRU'),
(912,	'WITH'),
(913,	'UVCG'),
(914,	'ZFUL'),
(915,	'ARSR'),
(916,	'PIUS'),
(917,	'CPUH'),
(918,	'ZLRW'),
(919,	'BSBT'),
(920,	'TYZR'),
(921,	'FVCE'),
(922,	'NDSB'),
(923,	'OQMN'),
(924,	'SWUX'),
(925,	'ZGCD'),
(926,	'SYXI'),
(927,	'ZIET'),
(928,	'QMYN'),
(929,	'PQZZ'),
(930,	'RFCZ'),
(931,	'TMTI'),
(932,	'JDGO'),
(933,	'RTEE'),
(934,	'CZNG'),
(935,	'CNXV'),
(936,	'RBMR'),
(937,	'WBQV'),
(938,	'SGOO'),
(939,	'QMDP'),
(940,	'INOJ'),
(941,	'XUDK'),
(942,	'ZWQT'),
(943,	'WNNS'),
(944,	'KSHA'),
(945,	'XVWC'),
(946,	'MBYS'),
(947,	'OLAR'),
(948,	'GYKK'),
(949,	'NSFX'),
(950,	'UAUF'),
(951,	'ZMCX'),
(952,	'CQMV'),
(953,	'NPYW'),
(954,	'HQJP'),
(955,	'PXIZ'),
(956,	'IQCC'),
(957,	'DGWB'),
(958,	'KJWE'),
(959,	'EAMV'),
(960,	'HQEZ'),
(961,	'MMWI'),
(962,	'RBBE'),
(963,	'EMMI'),
(964,	'HENS'),
(965,	'VZAR'),
(966,	'LKSZ'),
(967,	'PZOO'),
(968,	'SHXU'),
(969,	'MGHK'),
(970,	'GTWR'),
(971,	'FKZP'),
(972,	'FXKW'),
(973,	'DZMG'),
(974,	'PSZZ'),
(975,	'YZLC'),
(976,	'NTUC'),
(977,	'UANW'),
(978,	'HCSW'),
(979,	'HJAX'),
(980,	'DOMN'),
(981,	'TNSW'),
(982,	'QWWB'),
(983,	'LJRM'),
(984,	'SJSV'),
(985,	'UDHM'),
(986,	'UYZG'),
(987,	'ATJK'),
(988,	'MPGC'),
(989,	'GNJZ'),
(990,	'TQEK'),
(991,	'NAVV'),
(992,	'CLKR'),
(993,	'LXNU'),
(994,	'BNQC'),
(995,	'KUWF'),
(996,	'PJOY'),
(997,	'XDFC'),
(998,	'MTQW'),
(999,	'GBPH'),
(1000,	'APQE');

-- 2021-04-06 21:48:09

